CardID	Name	Text
AT_032	Shady Dealer	Battlecry: If you have a Pirate, gain +1/+1.
AT_038	Darnassus Aspirant	Battlecry: Gain an empty Mana Crystal. Deathrattle: Lose a Mana Crystal.
AT_040	Wildwalker	Battlecry: Give a friendly Beast +3 Health.
AT_046	Tuskarr Totemic	Battlecry: Summon a random basic Totem.
AT_047	Draenei Totemcarver	Battlecry: Gain +1/+1 for each friendly Totem.
AT_049	Thunder Bluff Valiant	Battlecry and Inspire: Give your Totems +2 Attack.
AT_054	The Mistcaller	Battlecry: Give all minions in your hand and deck +1/+1.
AT_057	Stablemaster	Battlecry: Give a friendly Beast Immune this turn.
AT_058	King's Elekk	Battlecry: Reveal a minion in each deck. If yours costs more, draw it.
AT_065	King's Defender	Battlecry: If you have a minion with Taunt, gain +1 Durability.
AT_069	Sparring Partner	Taunt Battlecry: Give a minion Taunt.
AT_071	Alexstrasza's Champion	Battlecry: If you're holding a Dragon, gain +1 Attack and Charge.
AT_072	Varian Wrynn	Battlecry: Draw 3 cards. Put any minions you drew directly into the battlefield.
AT_077	Argent Lance	Battlecry: Reveal a minion in each deck. If yours costs more, +1 Durability.
AT_079	Mysterious Challenger	Battlecry: Put one of each Secret from your deck into the battlefield.
AT_081	Eadric the Pure	Battlecry: Change all enemy minions' Attack to 1.
AT_084	Lance Carrier	Battlecry: Give a friendly minion +2 Attack.
AT_086	Saboteur	Battlecry: Your opponent's Hero Power costs (5) more next turn.
AT_094	Flame Juggler	Battlecry: Deal 1 damage to a random enemy.
AT_096	Clockwork Knight	Battlecry: Give a friendly Mech +1/+1.
AT_098	Sideshow Spelleater	Battlecry: Copy your opponent's Hero Power.
AT_104	Tuskarr Jouster	Battlecry: Reveal a minion in each deck. If yours costs more, restore #7 Health to your hero.
AT_105	Injured Kvaldir	Battlecry: Deal 3 damage to this minion.
AT_106	Light's Champion	Battlecry: Silence a Demon.
AT_108	Armored Warhorse	Battlecry: Reveal a minion in each deck. If yours costs more, gain Charge.
AT_111	Refreshment Vendor	Battlecry: Restore #4 Health to each hero.
AT_112	Master Jouster	Battlecry: Reveal a minion in each deck. If yours costs more, gain Taunt and Divine Shield.
AT_115	Fencing Coach	Battlecry: The next time you use your Hero Power, it costs (2) less.
AT_116	Wyrmrest Agent	Battlecry: If you're holding a Dragon, gain +1 Attack and Taunt.
AT_117	Master of Ceremonies	Battlecry: If you have a minion with Spell Damage, gain +2/+2.
AT_118	Grand Crusader	Battlecry: Add a random Paladin card to your hand.
AT_121	Crowd Favorite	Whenever you play a card with Battlecry, gain +1/+1.
AT_122	Gormok the Impaler	Battlecry: If you have at least 4 other minions, deal 4 damage.
AT_132	Justicar Trueheart	Battlecry: Replace your starting Hero Power with a better one.
AT_133	Gadgetzan Jouster	Battlecry: Reveal a minion in each deck. If yours costs more, gain +1/+1.
AV_100	Drek'Thar	[x]Battlecry: If this costs more than every minion in your deck, summon one of those minions.
AV_101	Herald of Lokholar	Battlecry: Draw a Frost spell.
AV_112	Snowblind Harpy	Battlecry: If you're holding a Frost spell, gain 5 Armor.
AV_113	Beaststalker Tavish	[x]Battlecry: Discover and cast 2 Improved Secrets.
AV_114	Shivering Sorceress	[x]Battlecry: Reduce the Cost of the highest Cost spell in your hand by (1).
AV_115	Amplified Snowflurry	Battlecry: Your next Hero Power costs (0) and Freezes the target.
AV_125	Tower Sergeant	Battlecry: If you control at_least 2 other minions, gain +2/+2.
AV_126	Bunker Sergeant	[x]Battlecry: If your opponent has 2 or more minions, deal 1 damage to all enemy minions.
AV_131	Knight-Captain	[x]Battlecry: Deal 3 damage. Honorable Kill: Gain +3/+3.
AV_136	Kobold Taskmaster	[x]Battlecry: Add 2 Armor Scraps to your hand that give +2 Health to a minion.
AV_138	Grimtotem Bounty Hunter	Battlecry: Destroy an enemy Legendary minion.
AV_142t	Ivus, the Forest Lord	[x]Battlecry: Spend the rest of your Mana and gain +2/+2, Rush, Divine Shield, or Taunt at random for each.
AV_145	Captain Galvangar	[x]Battlecry: If you have gained 15 or more Armor this game, gain +3/+3 and Charge.@ ({0} left!)@ (Ready!)
AV_200	Magister Dawngrasp	[x]Battlecry: Recast a spell from each spell school you've cast this game.
AV_202	Rokara, the Valorous	Battlecry: Equip a 5/2 Unstoppable Force.
AV_203	Shadowcrafter Scabbs	[x]Battlecry: Return all minions to their owner's hands. Summon two 4/2 Shadows with Stealth.
AV_204	Kurtrus, Demon-Render	[x]Battlecry: Summon two @/4 Demons with Rush. (Improved by your hero attacks this game.)
AV_205	Wildheart Guff	[x]Battlecry: Set your maximum Mana to 20. Gain an empty Mana Crystal. Draw a card.
AV_206	Lightforged Cariel	[x]Battlecry: Deal 2 damage to all enemies. Equip a 2/5 Immovable Object.
AV_207	Xyrella, the Devout	[x]Battlecry: Trigger the Deathrattle of every friendly minion that died this game.
AV_210	Pathmaker	[x]Battlecry: Cast the other choice from the last Choose One spell you've cast. @Battlecry: {0}
AV_219	Ram Commander	[x]Battlecry: Add two 1/1 Rams with Rush to your hand.
AV_222	Spammy Arcanist	[x]Battlecry: Deal 1 damage to all other minions. If any die, repeat this.
AV_223	Vanndar Stormpike	[x]Battlecry: If this costs less than every minion in your deck, reduce their Cost by (3).
AV_255	Snowfall Guardian	[x]Battlecry: Freeze all other minions.
AV_256	Reflecto Engineer	Battlecry: Swap the Attack and Health of all minions in both players' hands.
AV_257	Bearon Gla'shear	[x]Battlecry: For each Frost spell you've cast this game, summon a 3/4 Elemental that Freezes.@ (@)
AV_258	Bru'kan of the Elements	[x]Battlecry: Call upon the power of two Elements!
AV_260	Sleetbreaker	Battlecry: Add a Windchill to your hand.
AV_262	Warden of Chains	[x]Taunt Battlecry: If you're holding a Demon that costs (5) or more, gain +1/+2.
AV_267	Caria Felsoul	Battlecry: Transform into a 6/6 copy of a Demon in your deck.
AV_284	Balinda Stonehearth	Battlecry: Draw 2 spells. Swap their Costs with this minion's stats.
AV_286	Felwalker	Taunt. Battlecry: Cast the highest Cost Fel spell from your hand.
AV_294	Clawfury Adept	Battlecry: Give all other friendly characters +1 Attack this turn.
AV_296	Pride Seeker	[x]Battlecry: Your next Choose One card costs (2) less.
AV_308	Grave Defiler	[x]Battlecry: Choose a Fel spell in your hand. Get a copy of it.
AV_312	Sacrificial Summoner	Battlecry: Destroy a friendly minion. Summon a minion from your deck that costs (1) more.
AV_313	Hollow Abomination	[x]Battlecry: Deal 1 damage to all enemy minions. Honorable Kill: Gain the minion's Attack.
AV_316	Dreadlich Tamsin	[x]Battlecry: Deal 3 damage to all minions. Shuffle 3 Rifts into your deck. Draw 3 cards.
AV_323	Scrapsmith	Taunt Battlecry: Add two 2/4 Grunts with Taunt to your hand.
AV_331	Najak Hexxen	[x]Battlecry: Take control of an enemy minion. Deathrattle: Give the minion back.
AV_335	Ram Tamer	[x]Battlecry: If you control a Secret, gain +1/+1 and Stealth.
AV_336	Wing Commander Ichman	[x]Battlecry: Summon a Beast from your deck and give it Rush. If it kills a minion this turn, repeat.
AV_343	Stonehearth Vindicator	[x]Battlecry: Draw a spell that costs (3) or less. It costs (0) this turn.
AV_403	Cera'thine Fleetrunner	[x]Battlecry: Replace your minions in hand and deck with ones from other classes. They cost (2) less.
AV_711	Double Agent	[x]Battlecry: If you're holding a card from another class, _summon a copy of this.
BAR_030	Pack Kodo	Battlecry: Discover a Beast, Secret, or weapon.
BAR_037	Warsong Wrangler	[x]Battlecry: Discover a Beast from your deck. Give all copies of it +2/+1 (wherever_they_are).
BAR_040	South Coast Chieftain	Battlecry: If you control another Murloc, deal 2_damage.
BAR_042	Primordial Protector	[x]Battlecry: Draw your highest Cost spell. Summon a random minion with the same Cost.
BAR_045	Arid Stormer	Battlecry: If you played an Elemental last turn, gain Rush and Windfury.
BAR_060	Hog Rancher	Battlecry: Summon a 2/1 Hog with Rush.
BAR_061	Ratchet Privateer	Battlecry: Give your weapon +1 Attack.
BAR_062	Lushwater Murcenary	Battlecry: If you control a Murloc, gain +1/+1.
BAR_064	Talented Arcanist	Battlecry: Your next spell_this turn has Spell_Damage +2.
BAR_065	Venomous Scorpid	Poisonous Battlecry: Discover a spell.
BAR_069	Injured Marauder	Taunt Battlecry: Deal 6 damage to this minion.
BAR_077	Kargal Battlescar	[x]Battlecry: Summon a 5/5 Lookout for each Watch Post you've __summoned this game.
BAR_079	Kazakus, Golem Shaper	Battlecry: If your deck has no 4-Cost cards, build a custom Golem.
BAR_079t11	Gromsblood	Battlecry: Summon a copy of this.
BAR_079t12	Icecap	Battlecry: Freeze a random enemy minion.
BAR_079t12b	Icecap	Battlecry: Freeze two random enemy minions.
BAR_079t12c	Icecap	Battlecry: Freeze all enemy minions.
BAR_079t13	Firebloom	Battlecry: Deal 3 damage to a random enemy minion.
BAR_079t13b	Firebloom	Battlecry: Deal 3 damage to two random enemy minions.
BAR_080	Shadow Hunter Vol'jin	Battlecry: Choose a minion. Swap it with a random one in its owner's hand.
BAR_081	Southsea Scoundrel	Battlecry: Discover a card in your opponent's deck. They draw theirs as well.
BAR_307	Void Flayer	[x]Battlecry: For each spell in your hand, deal 1 damage to a random enemy minion.
BAR_313	Priest of An'she	Taunt. Battlecry: If you've restored Health this turn, gain +3/+3.
BAR_315	Serena Bloodfeather	Battlecry: Choose an enemy minion. Steal Attack and Health from it until this has more.
BAR_316	Oil Rig Ambusher	[x]Battlecry: Deal 2 damage. If this entered your hand _this turn, deal 4 instead.
BAR_317	Field Contact	[x]After you play a Battlecry or Combo card, draw a card.
BAR_324	Apothecary Helbrim	Battlecry and Deathrattle: Add a random Poison to your hand.
BAR_329	Death Speaker Blackthorn	Battlecry: Summon 3 Deathrattle minions that cost (5) or less from your deck.
BAR_333	Kurtrus Ashfallen	[x]Battlecry: Attack the left and right-most enemy minions. Outcast: Immune this turn.
BAR_334	Overlord Saurfang	Battlecry: Resurrect 2 friendly Frenzy minions. Deal 1 damage to all other minions.
BAR_430	Horde Operative	Battlecry: Copy your opponent's Secrets and put them into play.
BAR_544	Reckless Apprentice	Battlecry: Fire your Hero Power at all enemies.
BAR_547	Mordresh Fire Eye	[x]Battlecry: If you've dealt 10 damage with your Hero Power this game, deal 10 damage to all enemies.@ ({0} left!)@ (Ready!)
BAR_551	Barak Kodobane	[x]Battlecry: Draw a 1, 2, __and 3-Cost spell.
BAR_721	Mankrik	[x]Battlecry: Help Mankrik find his wife! She was last seen somewhere in your deck.
BAR_735	Xyrella	Battlecry: If you've restored Health this turn, deal that much damage to all enemy minions.
BAR_743	Toad of the Wilds	[x]Taunt Battlecry: If you're holding a Nature spell, gain +2 Health.
BAR_745	Hecklefang Hyena	Battlecry: Deal 3 damage to your hero.
BAR_748	Varden Dawngrasp	[x]Battlecry: Freeze all enemy minions. If any are already Frozen, deal 4 damage to them instead.
BAR_750	Earth Revenant	[x]Taunt Battlecry: Deal 1 damage to all enemy minions.
BAR_840	Whirling Combatant	[x]Battlecry and Frenzy: Deal 1 damage to all other minions.
BAR_846	Mor'shan Elite	[x]Taunt. Battlecry: If your hero attacked this turn, summon a copy of this.
BAR_848	Lilypad Lurker	[x]Battlecry: If you played an Elemental last turn, transform an enemy minion into a 0/1 Frog with Taunt.
BAR_854	Kindling Elemental	[x]Battlecry: The next Elemental you play costs (1) less.
BAR_873	Knight of Anointment	Battlecry: Draw a Holy spell.
BAR_876	Northwatch Commander	Battlecry: If you control a Secret, draw a minion.
BAR_879	Cannonmaster Smythe	Battlecry: Transform your Secrets into 3/3 Soldiers. They transform back when they die.
BAR_915	Kabal Outfitter	[x]Battlecry and Deathrattle: Give another random _friendly minion +1/+1.
BAR_916	Blood Shard Bristleback	[x]Lifesteal. Battlecry: If your deck contains 10 or fewer cards, deal 6 damage to a minion.
BAR_919	Neeru Fireblade	Battlecry: If your deck is empty, open a portal that fills your board with 3/2 Imps each turn.
BOT_034	Boommaster Flark	Battlecry: Summon four 0/2 Goblin Bombs.
BOT_038	Fireworks Tech	[x]Battlecry: Give a friendly Mech +1/+1. If it has Deathrattle, trigger it.
BOT_079	Faithful Lumi	Battlecry: Give a friendly Mech +1/+1.
BOT_083	Toxicologist	Battlecry: Give your weapon +1 Attack.
BOT_104	Dyn-o-matic	Battlecry: Deal 5 damage randomly split among all minions_except_Mechs.
BOT_216	Omega Medic	Battlecry: If you have 10 Mana Crystals, restore #10 Health to your hero.
BOT_224	Doubling Imp	Battlecry: Summon a copy of this minion.
BOT_226	Nethersoul Buster	Battlecry: Gain +1 Attack for each damage your hero has taken this turn.
BOT_238	Dr. Boom, Mad Genius	Battlecry: For the rest of the game, your Mechs have Rush.
BOT_243	Myra Rotspring	[x]Battlecry: Discover a Deathrattle minion. Also gain its Deathrattle.
BOT_256	Astromancer	[x]Battlecry: Summon a random minion with Cost equal to your hand size.
BOT_270	Giggling Inventor	Battlecry: Summon two 1/2 Mechs with Taunt and_Divine Shield.
BOT_283	Pogo-Hopper	[x]Battlecry: Gain +2/+2 for each other Pogo-Hopper you played this game.
BOT_288	Lab Recruiter	Battlecry: Shuffle 3 copies of a friendly minion into your deck.
BOT_291	Storm Chaser	Battlecry: Draw a spell from your deck that costs_(5) or more.
BOT_296	Omega Defender	[x]Taunt Battlecry: If you have 10 Mana Crystals, gain +10 Attack.
BOT_411	Electra Stormsurge	Battlecry: Your next spell this turn casts twice.
BOT_413	Brainstormer	[x]Battlecry: Gain +1 Health for each spell in your hand.
BOT_419	Dendrologist	Battlecry: If you control a Treant, Discover a spell.
BOT_431	Whirliglider	Battlecry: Summon a 0/2_Goblin Bomb.
BOT_447	Crystallizer	[x]Battlecry: Deal 5 damage to your hero. Gain 5 Armor.
BOT_448	Damaged Stegotron	Taunt Battlecry: Deal 6 damage to this minion.
BOT_507	Gloop Sprayer	Battlecry: Summon a copy of each adjacent minion.
BOT_511	Seaforium Bomber	[x]Battlecry: Shuffle a Bomb into your opponent's deck. When drawn, it explodes for 5 damage.
BOT_531	Celestial Emissary	Battlecry: Your next spell_this turn has Spell_Damage +2.
BOT_531_Puzzle	Celestial Emissary	Battlecry: Your next spell_this turn has Spell_Damage +2.
BOT_532	Explodinator	Battlecry: Summon two 0/2 Goblin Bombs.
BOT_533	Menacing Nimbus	Battlecry: Add a random Elemental to your hand.
BOT_535	Microtech Controller	Battlecry: Summon two 1/1 Microbots.
BOT_536	Omega Agent	[x]Battlecry: If you have 10 Mana Crystals, summon _2 copies of this minion.
BOT_538	Spark Engine	Battlecry: Add a 1/1 Spark with Rush to_your hand.
BOT_539	Arcane Dynamo	Battlecry: Discover a spell that costs (5) or more.
BOT_540	E.M.P. Operative	Battlecry: Destroy a Mech.
BOT_543	Omega Mind	[x]Battlecry: If you have 10 Mana Crystals, your spells have Lifesteal this turn.
BOT_544	Loose Specimen	Battlecry: Deal 6 damage randomly split among other friendly minions.
BOT_550	Electrowright	Battlecry: If you're holding a spell that costs (5) or more, gain +1/+1.
BOT_552	Star Aligner	[x]Battlecry: If you control 3 minions with 7 Health, deal 7 damage to all enemies.
BOT_562	Coppertail Imposter	Battlecry: Gain Stealth until your next turn.
BOT_573	Subject 9	Battlecry: Draw 5 different Secrets from your deck.
BOT_601	Meteorologist	Battlecry: For each card in your hand, deal 1 damage to a random enemy.
BOT_907	Galvanizer	[x]Battlecry: Reduce the Cost of Mechs in your hand by (1).
BOT_910	Glowstone Technician	Battlecry: Give all minions in your hand +2/+2.
BRM_004	Twilight Whelp	Battlecry: If you're holding a Dragon, gain +2 Health.
BRM_008	Dark Iron Skulker	Battlecry: Deal 2 damage to all undamaged enemy minions.
BRM_012	Fireguard Destroyer	Battlecry: Gain 1-4 Attack. Overload: (1)
BRM_014	Core Rager	Battlecry: If your hand is empty, gain +3/+3.
BRM_018	Dragon Consort	Battlecry: The next Dragon you play costs (2) less.
BRM_024	Drakonid Crusher	Battlecry: If your opponent has 15 or less Health, gain +3/+3.
BRM_026	Hungry Dragon	Battlecry: Summon a random 1-Cost minion for_your opponent.
BRM_029	Rend Blackhand	Battlecry: If you're holding a Dragon, destroy a Legendary minion.
BRM_030	Nefarian	Battlecry: Add 2 random spells to your hand (from your opponent's class).
BRM_033	Blackwing Technician	Battlecry: If you're holding a Dragon, gain +1/+1.
BRM_034	Blackwing Corruptor	Battlecry: If you're holding a Dragon, deal 5 damage.
BT_010	Felfin Navigator	Battlecry: Give your other Murlocs +1/+1.
BT_019t	Murgurgle Prime	Divine Shield Battlecry: Summon 4 random Murlocs. Give them Divine Shield.
BT_020	Aldor Attendant	Battlecry: Reduce the Cost_of your Librams by_(1) this game.
BT_026	Aldor Truthseeker	Taunt. Battlecry: Reduce the Cost of your Librams by (2) this game.
BT_028t	Solarian Prime	Spell Damage +1 Battlecry: Cast 5 random Mage spells (targets enemies if possible).
BT_106	Bogstrok Clacker	Battlecry: Transform adjacent minions into random minions that cost (1) more.
BT_109t	Vashj Prime	[x]Spell Damage +1 Battlecry: Draw 3 spells. ___Reduce their Cost by (3).___
BT_114	Shattered Rumbler	Battlecry: If you cast a spell last turn, deal 2 damage to all other minions.
BT_115	Marshspawn	Battlecry: If you cast a spell last turn, Discover a spell.
BT_120	Warmaul Challenger	Battlecry: Choose an enemy minion. Battle it to the death!
BT_126	Teron Gorefiend	[x]Battlecry: Destroy all other friendly minions. Deathrattle: Resummon them with +1/+1.
BT_131	Ysiel Windsinger	Battlecry: Your spells cost (1) this turn.
BT_140	Bonechewer Raider	Battlecry: If there is a damaged minion, gain +1/+1 and Rush.
BT_142	Shadowhoof Slayer	Battlecry: Give your hero +1_Attack this turn.
BT_159	Terrorguard Escapee	Battlecry: Summon three 1/1 Huntresses for your_opponent.
BT_160	Rustsworn Cultist	"[x]Battlecry: Give your other minions ""Deathrattle: Summon a 1/1 Demon."""
BT_196	Keli'dan the Breaker	[x]Battlecry: Destroy a minion. If drawn this turn, instead destroy all minions except this one.
BT_210t	Zixor Prime	[x]Rush Battlecry: Summon 3 copies of this minion.
BT_212	Mok'Nathal Lion	Rush. Battlecry: Choose a friendly minion. Gain a copy of its Deathrattle.
BT_214	Beastmaster Leoroxx	Battlecry: Summon 3 Beasts from your hand.
BT_230	The Lurker Below	[x]Battlecry: Deal 3 damage to an enemy minion. If it dies, repeat on one of its neighbors.
BT_262	Dragonmaw Sentinel	Battlecry: If you're holding a Dragon, gain +1 Attack and Lifesteal.
BT_301	Nightshade Matron	Rush Battlecry: Discard your highest Cost card.
BT_307	Darkglare	Battlecry: If your hero took damage this turn, refresh 3 Mana Crystals.
BT_309t	Kanrethad Prime	Battlecry: Summon 3 friendly Demons that died_this game.
BT_321	Netherwalker	Battlecry: Discover a Demon.
BT_323	Sightless Watcher	Battlecry: Look at 3 cards in your deck. Choose one to put on top.
BT_334	Lady Liadrin	[x]Battlecry: Add a copy of each spell you cast on friendly characters this game to your hand.
BT_416	Raging Felscreamer	Battlecry: The next Demon you play costs (2) less.
BT_481	Nethrandamus	[x]Battlecry: Summon two random @-Cost minions. (Upgrades each time a friendly minion dies!)
BT_495	Glaivebound Adept	Battlecry: If your hero attacked this turn, deal 4 damage.
BT_496	Furious Felfin	[x]Battlecry: If your hero attacked this turn, gain +1 Attack and Rush.
BT_702	Ashtongue Slayer	Battlecry: Give a Stealthed minion +3 Attack and Immune this turn.
BT_710	Greyheart Sage	[x]Battlecry: If you control a Stealthed minion, draw 2 cards.
BT_711	Blackjack Stunner	[x]Battlecry: If you control a Secret, return a minion to its owner's hand. It costs (2) more.
BT_714	Frozen Shadoweaver	Battlecry: Freeze an_enemy.
BT_717	Burrowing Scorpid	[x]Battlecry: Deal 2 damage. If that kills the target, gain Stealth.
BT_720	Ruststeed Raider	Taunt, Rush Battlecry: Gain +4 Attack this turn.
BT_722	Guardian Augmerchant	Battlecry: Deal 1 damage to a minion and give it Divine Shield.
BT_723	Rocket Augmerchant	Battlecry: Deal 1 damage to a minion and give it Rush.
BT_724	Ethereal Augmerchant	Battlecry: Deal 1 damage to a minion and give it Spell Damage +1.
BT_729	Waste Warden	[x]Battlecry: Deal 3 damage to a minion and all others of the same minion type.
BT_732	Scavenging Shivarra	Battlecry: Deal 6 damage randomly split among all_other minions.
BT_737	Maiev Shadowsong	Battlecry: Choose a minion. It goes Dormant for 2 turns.
BT_850	Magtheridon	[x]Dormant. Battlecry: Summon three 1/3 enemy Warders. When they die, destroy all minions and awaken.
BT_922	Umberwing	Battlecry: Summon two 1/1 Felwings.
CATA_111	Darkscale Broodmother	Battlecry: If you're holding a Dragon, refresh 2 Mana Crystals.
CATA_131	Felwood Treant	[x]Battlecry: Gain a temporary Mana Crystal. If you spent 4 Mana while holding this, it's ___permanent. ({0} left!)@[x]Battlecry: Gain a temporary Mana Crystal. If you spent 4 Mana while holding this, it's ___permanent. (Ready!)@[x]Battlecry: Gain a temporary Mana Crystal. If you spent 4 Mana while holding this, it's permanent.
CATA_132	Broodwatcher	[x]Battlecry: Get two 3/3 Whelps with Taunt. If you spent 8 Mana while holding this, summon them. ({0} left!)@[x]Battlecry: Get two 3/3 Whelps with Taunt. If you spent 8 Mana while holding this, summon them. (Ready!)@[x]Battlecry: Get two 3/3 Whelps with Taunt. If you spent 8 Mana while holding this, summon them.
CATA_140	Merithra of the Dream	[x]Battlecry: Fill your hand with random Dragons. If you spent 25 Mana while holding this, they cost (1). ({0} left!)@[x]Battlecry: Fill your hand with random Dragons. If you spent 25 Mana while holding this, they cost (1). (Ready!)@[x]Battlecry: Fill your hand with random Dragons. If you spent 25 Mana while holding this, they cost (1).
CATA_153	Al'Akir, Lord of Storms	[x]Colossal +2, Rush, Windfury Battlecry: Get 2 minions with Cost equal to this minion's Attack. They cost (1).
CATA_160	Scorching Ravager	Battlecry: Herald {0}. Give the Soldier Rush.
CATA_161	Gruesome Nightmare	Battlecry: Give a minion in your hand or battlefield Attack equal to this minion's Attack.
CATA_180	War'loc	[x]Battlecry: Your next Murloc that costs (3) or less costs _Health instead of Mana.
CATA_186	Stickybomb Saboteur	[x]Battlecry: Give your opponent a 2-Cost Sabotage. Cards next to it cost (1) more.
CATA_190h	Deathwing, Worldbreaker	[x]Battlecry: Choose {0} |4(Cataclysm,Cataclysms) to unleash! Herald twice to upgrade.@[x]Battlecry: Choose {0} |4(Cataclysm,Cataclysms) to unleash! Herald once to upgrade.@[x]Battlecry: Choose {0} |4(Cataclysm,Cataclysms) to unleash!
CATA_200	Agent of the Old Ones	[x]Battlecry: Choose a card in your hand to transform into a Coin.
CATA_201	Twilight Mistress	Battlecry: Return all enemy minions to their owner's hand.
CATA_209	Battlefield Blaster	[x]Battlecry: Choose a spell in your hand to give Spell Damage +1.
CATA_213	Vyranoth	[x]Battlecry: If the total Cost of your starting minions was 100, split 100 stats among minions in your deck.
CATA_216	Cleansing Cleric	Battlecry: Your healing effects restore 2 more Health this game.
CATA_304	Injured Attendant	Lifesteal Battlecry: Deal 4 damage to this minion.
CATA_307	Alexstrasza, Guardian of Life	[x]Battlecry: Set your remaining Health to 15. When you reach full Health, deal 15 damage to your opponent.
CATA_458	Archmage Kalec	[x]Battlecry: Give all spells in your hand and deck Spell Damage +1.
CATA_470	Victor Nefarius	[x]Battlecry: Craft a custom Undead Dragon. If you're holding a Dragon, reduce the Creation's Cost by (3).
CATA_481	Iso'rath	[x]Battlecry: Devour 2 random cards from the opponent's hand, then go Dormant for 2 turns. Deathrattle: Return them.
CATA_483	Unstable Spellcaster	[x]Spell Damage +1 Battlecry: If you dealt damage with a spell this turn, summon a copy of this.
CATA_484	Winterspring Whelp	Battlecry: Discover a 1-Cost spell from any_class.
CATA_490	Ocular Occultist	[x]Taunt Battlecry: Choose a card in your hand to discard.
CATA_497	Ultraxion	[x]Battlecry: Herald {0}. Reduce Deathwing's Cost by ({1}). (Herald to improve!)
CATA_525	Armored Bloodletter	Rush Battlecry: Herald {0}.
CATA_552	Ebonscale Scout	[x]Battlecry: Deal damage equal to this minion's Attack. (While in hand, play a Dragon to become an 8/8 Dragon!)
CATA_552t	Ebonscale Scout	[x]Battlecry: Deal damage equal to this minion's Attack.
CATA_553	Ebyssian	[x]Battlecry: Your Dragons have Rush this game. (While in hand, play a Dragon to become a 12/12 Dragon!)
CATA_553t	Ebyssian	[x]Battlecry: Your Dragons have Rush this game.
CATA_556	Carrier Whelp	Battlecry: Get a random Dragon that costs (3) or less.
CATA_563	Crackling Cloudstrider	[x]Battlecry: Choose a spell in your hand that costs (4) or less to absorb. Deathrattle: Cast it.
CATA_564	Air Support	[x]Battlecry: Give a friendly minion Mega-Windfury. It can't attack heroes.
CATA_565	Skywall Sentinel	Taunt Battlecry: Herald {0}.
CATA_566	Tol'vir Carver	[x]Battlecry: Choose a card in your hand. At the start of your turns, reduce its Cost by (1).
CATA_570	Morchok	[x]Battlecry: Draw a card and reduce its Cost by (10). Repeat this with excess Cost reduction.
CATA_580	Cataclysmic War Axe	Battlecry: Herald {0}.
CATA_591	Commander Geddon	[x]Battlecry: Instead of drawing each turn, Discover a card from your deck. It costs (3) __less. Destroy the others.
CATA_612	Frostbitten Imp	Battlecry: Freeze this.
CATA_614	Shadowed Informant	[x]Battlecry: Discover a spell from your class. (Swaps class each turn!)@[x]Battlecry: Discover a {0} spell. ____(Swaps class each turn!)__
CATA_615t	Genn, Worgen King	Battlecry: Upgrade your starting Hero Power. It costs (1).
CATA_697	Malevolent Mutant	[x]Battlecry: Choose a Fel spell in your hand. Get a copy of it.
CATA_699	Dread Leviathan	[x]Taunt. Battlecry: Choose an enemy minion to steal 3 _Health from, three times.
CATA_720	Warmaster Blackhorn	Battlecry: Destroy all cards that cost (2) or less in both players' decks.
CATA_721	Sheltered Survivor	[x]Battlecry: Choose a card in your hand to shuffle into your deck. Draw a card.
CATA_722	Envoy of the End	Taunt Battlecry: Herald {0}.
CATA_725	Shadowsworn Disciple	Battlecry: Herald {0}. Deathrattle: Restore #3 Health to your hero.
CATA_780	Obsessive Technician	Lifesteal Battlecry: Herald {0}.
CATA_897	Gemstone Hoarder	[x]Battlecry: Choose a card in your hand to discard. Deathrattle: Get it back. It costs (1) less.
CATA_979	Conjuration Specialist	Battlecry: Choose a spell in your hand. Split it into two random spells of the same Cost.
CATA_EVENT_000	Primordial Lord	Battlecry: Get a random Colossal minion from the past.
CATA_EVENT_001	Destructive Phoenix	[x]Battlecry: Choose a card in your hand to set on fire. In 3 turns, discard it and summon a copy of this.
CATA_EVENT_002	Baleful Blazer	Battlecry: If you've played a Fire spell this turn, destroy a minion.
CFM_020	Raza the Chained	[x] Battlecry: If your deck has no duplicates, your Hero Power costs (0) this game.
CFM_061	Jinyu Waterspeaker	[x]Battlecry: Restore #6 Health. Overload: (1)
CFM_062	Grimestreet Protector	[x]Taunt Battlecry: Give adjacent _minions Divine Shield.
CFM_063	Kooky Chemist	Battlecry: Swap the Attack and Health of a minion.
CFM_064	Blubber Baron	Whenever you summon a Battlecry minion while this_is in your hand, gain_+1/+1.
CFM_066	Kabal Lackey	[x]Battlecry: The next Secret you play this turn costs (1).
CFM_067	Hozen Healer	Battlecry: Restore a minion to full Health.
CFM_312	Jade Chieftain	Battlecry: Summon a{1} {0} Jade Golem. Give it Taunt. @Battlecry: Summon a Jade Golem. Give it Taunt.
CFM_315	Alleycat	Battlecry: Summon a 1/1_Cat.
CFM_321	Grimestreet Informant	[x]Battlecry: Discover a Hunter, Paladin, or Warrior card.
CFM_328	Fight Promoter	[x]Battlecry: If you control a minion with 6 or more _Health, draw two cards.
CFM_335	Dispatch Kodo	Battlecry: Deal damage equal to this minion's Attack.
CFM_338	Trogg Beastrager	Battlecry: Give a random Beast in your hand +1/+1.
CFM_342	Luckydo Buccaneer	Battlecry: If your weapon has at least 3 Attack, gain +4/+4.
CFM_343	Jade Behemoth	[x]Taunt Battlecry: Summon a{1} {0} Jade Golem.@[x]Taunt Battlecry: Summon a Jade Golem.
CFM_605	Drakonid Operative	[x]Battlecry: If you're holding a Dragon, Discover a copy of a card in your opponent's deck.
CFM_610	Crystalweaver	Battlecry: Give your Demons +1/+1.
CFM_617	Celestial Dreamer	[x]Battlecry: If you control a minion with 5 or more Attack, gain +2/+2.
CFM_619	Kabal Chemist	Battlecry: Add a random Potion to your hand.
CFM_621	Kazakus	[x]Battlecry: If your deck has no duplicates, _create a custom spell.
CFM_626	Kabal Talonpriest	Battlecry: Give a friendly minion +3 Health.
CFM_643	Hobart Grapplehammer	[x]Battlecry: If you have a weapon equipped, give all minions in your hand and deck +2/+2.
CFM_648	Big-Time Racketeer	Battlecry: Summon a 6/6_Ogre.
CFM_649	Kabal Courier	Battlecry: Discover a Mage, Priest, or Warlock card.
CFM_650	Grimscale Chum	[x]Battlecry: Give a random Murloc in your hand +1/+1.
CFM_651	Naga Corsair	Battlecry: Give your weapon +1 Attack.
CFM_655	Toxic Sewer Ooze	Battlecry: Remove 1 Durability from your opponent's weapon.
CFM_656	Streetwise Investigator	Battlecry: Enemy minions lose Stealth.
CFM_657	Kabal Songstealer	[x]Battlecry: Silence a minion.
CFM_660	Manic Soulcaster	Battlecry: Choose a friendly minion. Shuffle a copy into your deck.
CFM_667	Bomb Squad	[x]Battlecry: Deal 5 damage to an enemy minion. Deathrattle: Deal 5 damage to your hero.
CFM_668	Doppelgangster	Battlecry: Summon 2 copies of this minion.
CFM_668t	Doppelgangster	Battlecry: Summon 2 copies of this minion.
CFM_668t2	Doppelgangster	Battlecry: Summon 2 copies of this minion.
CFM_671	Cryomancer	Battlecry: If an enemy is Frozen, gain +2/+2.
CFM_672	Madam Goya	Battlecry: Choose a friendly minion. Summon any copies of it in your deck.
CFM_685	Don Han'Cho	Battlecry: Give a random minion in your hand +5/+5.
CFM_687	Inkmaster Solia	[x]Battlecry: If your deck has no duplicates, the next spell you cast this turn costs (0).
CFM_688	Spiked Hogrider	Battlecry: If an enemy minion has Taunt, gain_Charge.
CFM_694	Shadow Sensei	Battlecry: Give a Stealthed minion +2/+2.
CFM_699	Seadevil Stinger	[x]Battlecry: The next Murloc you play this turn costs _Health instead of Mana.
CFM_715	Jade Spirit	Battlecry: Summon a{1} {0} Jade_Golem.@Battlecry: Summon a Jade_Golem.
CFM_717	Jade Claws	Battlecry: Summon a{1} {0} Jade Golem. Overload: (1)@Battlecry: Summon a Jade Golem. Overload: (1)
CFM_750	Krul the Unshackled	[x]Battlecry: If your deck has no duplicates, summon all _Demons from your hand._
CFM_751	Abyssal Enforcer	Battlecry: Deal 3 damage to all other characters.
CFM_753	Grimestreet Outfitter	Battlecry: Give all minions in your hand +1/+1.
CFM_755	Grimestreet Pawnbroker	Battlecry: Give a random weapon in your hand +1/+1.
CFM_790	Dirty Rat	[x]Taunt Battlecry: Your opponent summons a random minion from their hand.
CFM_806	Wrathion	Taunt. Battlecry: Draw cards until you draw one that isn't a Dragon.
CFM_809	Tanaris Hogchopper	[x]Battlecry: If your opponent's hand is empty, gain Charge.
CFM_810	Leatherclad Hogleader	Battlecry: If your opponent has 6 or more cards in hand, gain Charge.
CFM_816	Virmen Sensei	Battlecry: Give a friendly Beast +3/+3.
CFM_852	Lotus Agents	Battlecry: Discover a Druid, Rogue, or Shaman card.
CFM_853	Grimestreet Smuggler	Battlecry: Give a random minion in your hand +1/+1.
CFM_855	Defias Cleaner	Battlecry: Silence a minion with Deathrattle.
CFM_902	Aya Blackpaw	Battlecry and Deathrattle: Summon a{1} {0} Jade Golem. @ Battlecry and Deathrattle: Summon a Jade Golem.
CORE_AT_047	Draenei Totemcarver	Battlecry: Gain +1/+1 for each friendly Totem.
CORE_AT_132	Justicar Trueheart	Battlecry: Replace your starting Hero Power with a better one.
CORE_BAR_313	Priest of An'she	Taunt. Battlecry: If you've restored Health this turn, gain +3/+3.
CORE_BAR_551	Barak Kodobane	[x]Battlecry: Draw a 1, 2, __and 3-Cost spell.
CORE_BOT_083	Toxicologist	Battlecry: Give your weapon +1 Attack.
CORE_BOT_104	Dyn-o-matic	Battlecry: Deal 5 damage randomly split among all minions_except_Mechs.
CORE_BOT_256	Astromancer	[x]Battlecry: Summon a random minion with Cost equal to your hand size.
CORE_BOT_533	Menacing Nimbus	Battlecry: Add a random Elemental to your hand.
CORE_BT_115	Marshspawn	Battlecry: If you cast a spell last turn, Discover a spell.
CORE_BT_120	Warmaul Challenger	Battlecry: Choose an enemy minion. Battle it to the death!
CORE_BT_321	Netherwalker	Battlecry: Discover a Demon.
CORE_BT_323	Sightless Watcher	Battlecry: Look at 3 cards in your deck. Choose one to put on top.
CORE_BT_334	Lady Liadrin	[x]Battlecry: Add a copy of each spell you cast on friendly characters this game to your hand.
CORE_BT_416	Raging Felscreamer	Battlecry: The next Demon you play costs (2) less.
CORE_BT_922	Umberwing	Battlecry: Summon two 1/1 Felwings.
CORE_CATA_001	Tichondrius	Your hero is Immune. Battlecry: Your next Demon this turn costs (0).
CORE_CATA_002	Calia Menethil	Battlecry: Resurrect your highest-Cost minion that died this game.
CORE_CATA_006	Ulfar	"[x]Battlecry: Give your other minions ""Deathrattle: Summon a minion with this minion's Cost."""
CORE_CFM_061	Jinyu Waterspeaker	[x]Battlecry: Restore #6 Health. Overload: (1)
CORE_CFM_605	Drakonid Operative	[x]Battlecry: If you're holding a Dragon, Discover a copy of a card in your opponent's deck.
CORE_CFM_751	Abyssal Enforcer	Battlecry: Deal 3 damage to all other characters.
CORE_CFM_753	Grimestreet Outfitter	Battlecry: Give all minions in your hand +1/+1.
CORE_CFM_790	Dirty Rat	[x]Taunt Battlecry: Your opponent summons a random minion from their hand.
CORE_CS2_064	Dread Infernal	Battlecry: Deal 1 damage to ALL other characters.
CORE_CS2_088	Guardian of Kings	Taunt Battlecry: Restore #6 Health to your hero.
CORE_CS2_181	Injured Blademaster	Battlecry: Deal 4 damage to HIMSELF.
CORE_CS2_188	Abusive Sergeant	Battlecry: Give a minion +2_Attack this turn.
CORE_CS2_203	Ironbeak Owl	Battlecry: Silence a_minion.
CORE_CS3_003	Felsoul Jailer	[x]Battlecry: Your opponent discards a minion. Deathrattle: Return it.
CORE_CS3_008	Bloodsail Deckhand	[x]Battlecry: The next weapon you play costs (1) less.
CORE_CS3_012	Nordrassil Druid	Battlecry: The next spell you cast this turn costs_(3)_less.
CORE_DAL_086	Sunreaver Spy	Battlecry: If you control a Secret, gain +1/+1.
CORE_DAL_416	Hench-Clan Burglar	Battlecry: Discover a spell from another class.
CORE_DAL_422	Arch-Villain Rafaam	Taunt Battlecry: Replace your hand and deck with Legendary minions.
CORE_DAL_609	Kalecgos	Your first spell each turn costs (0). Battlecry: Discover a spell.
CORE_DAL_729	Madame Lazul	[x]Battlecry: Discover a copy of a card in your opponent's hand.
CORE_DMF_067	Prize Vendor	Battlecry and Deathrattle: Each player draws a card.
CORE_DMF_231	Zai, the Incredible	Battlecry: Copy the left- and right-most cards in your hand.
CORE_DMF_238	Hammer of the Naaru	Battlecry: Summon a 6/6 Holy Elemental with Taunt.
CORE_DMF_240	Lothraxion the Redeemed	[x]Battlecry: For the rest of the game, after you summon a Silver Hand Recruit, give it Divine Shield.
CORE_DMF_511	Foxy Fraud	Battlecry: Your next Combo card this turn costs_(2) less.
CORE_DMF_521	Sword Eater	Taunt Battlecry: Equip a 3/2_Sword.
CORE_DMF_733	Kiri, Chosen of Elune	Battlecry: Add a Solar Eclipse and Lunar Eclipse to your hand.
CORE_DRG_024	Sky Raider	Battlecry: Add a random Pirate to your hand.
CORE_DRG_026	Deathwing, Mad Aspect	Battlecry: Attack ALL other minions.
CORE_DRG_037	Flik Skyshiv	[x]Battlecry: Destroy a minion and all copies of it (wherever they are).
CORE_DRG_090	Murozond the Infinite	Battlecry: Play all cards your opponent played last_turn.
CORE_DRG_095	Veranus	Battlecry: Change the Health of all enemy minions to 1.
CORE_DRG_229	Bronze Explorer	Lifesteal Battlecry: Discover a Dragon.
CORE_DRG_403	Blowtorch Saboteur	Battlecry: Your opponent's next Hero Power costs (2)_more.
CORE_EDR_001	Babbling Bookcase	Battlecry: Add 2 random Mage spells to your hand.
CORE_EDR_003	Falric	You gain twice as many Corpses as normal. Battlecry: Draw a card that spends Corpses.
CORE_EDR_004	Raptor Herald	[x]Rewind Battlecry: Discover a Beast with a Dark Gift. Kindred: It costs (1) less.
CORE_EDR_004_2026	Raptor Herald	[x]Rewind Battlecry: Discover a Beast with a Dark Gift. Kindred: It costs (1) less.
CORE_EX1_002	The Black Knight	Tradeable Battlecry: Destroy an enemy minion with Taunt.
CORE_EX1_005	Big Game Hunter	[x]Tradeable Battlecry: Destroy a minion with 7 or more Attack.
CORE_EX1_014	King Mukla	Battlecry: Give your opponent 2 Bananas.
CORE_EX1_043	Twilight Drake	Battlecry: Gain +1 Health for each card in your hand.
CORE_EX1_046	Dark Iron Dwarf	Battlecry: Give a minion +2_Attack this turn.
CORE_EX1_049	Youthful Brewmaster	Battlecry: Return a friendly minion from the battlefield to your hand.
CORE_EX1_050	Coldlight Oracle	Battlecry: Each player draws 2 cards.
CORE_EX1_058	Sunfury Protector	Battlecry: Give adjacent minions Taunt.
CORE_EX1_059	Crazed Alchemist	Battlecry: Swap the Attack and Health of a minion.
CORE_EX1_066	Acidic Swamp Ooze	Battlecry: Destroy your opponent's weapon.
CORE_EX1_082	Mad Bomber	Battlecry: Deal 3 damage randomly split between all other characters.
CORE_EX1_085	Mind Control Tech	[x]Battlecry: If your opponent has 4 or more minions, take control of one.
CORE_EX1_093	Defender of Argus	Battlecry: Give adjacent minions +1/+1 and Taunt.
CORE_EX1_103	Coldlight Seer	Battlecry: Give your other Murlocs +2 Health.
CORE_EX1_116	Leeroy Jenkins	Charge. Battlecry: Summon two 1/1 Whelps for your opponent.
CORE_EX1_186	SI:7 Infiltrator	Battlecry: Destroy a random enemy Secret.
CORE_EX1_188	Barrens Stablehand	Battlecry: Summon a random Beast.
CORE_EX1_189	Brightwing	Battlecry: Add a random Legendary minion to your_hand.
CORE_EX1_190	High Inquisitor Whitemane	Battlecry: Summon all friendly minions that died_this turn.
CORE_EX1_193	Psychic Conjurer	Battlecry: Copy a card in your opponent’s deck and add it to your hand.
CORE_EX1_195	Kul Tiran Chaplain	Battlecry: Give a friendly minion +2 Health.
CORE_EX1_198	Natalie Seline	Battlecry: Destroy a minion and gain its Health.
CORE_EX1_284	Azure Drake	Spell Damage +1 Battlecry: Draw a card.
CORE_EX1_304	Void Terror	[x]Battlecry: Destroy both adjacent minions and gain their Attack and Health.
CORE_EX1_310	Doomguard	Charge. Battlecry: Discard two random cards.
CORE_EX1_319	Flame Imp	Battlecry: Deal 3 damage to your hero.
CORE_EX1_323	Lord Jaraxxus	Battlecry: Equip a 3/8 Blood Fury.
CORE_EX1_362	Argent Protector	Battlecry: Give a friendly minion Divine Shield.
CORE_EX1_382	Aldor Peacekeeper	Battlecry: Change an_enemy minion's Attack to 1.
CORE_EX1_506	Murloc Tidehunter	Battlecry: Summon a 1/1_Murloc Scout.
CORE_EX1_564	Faceless Manipulator	Battlecry: Choose a minion and become a copy of it.
CORE_EX1_603	Cruel Taskmaster	Battlecry: Deal 1 damage to a minion and give it +2_Attack.
CORE_EX1_623	Temple Enforcer	Battlecry: Give a friendly minion +3 Health.
CORE_FP1_030	Loatheb	Battlecry: Enemy spells cost (5) more next turn.
CORE_GIFT_01	Harth Stonebrew	[x]Battlecry: Replace your hand with an iconic one from Hearthstone's past. (Once per game)
CORE_GIL_124	Mossy Horror	Battlecry: Destroy all other_minions with 2_or_less_Attack.
CORE_GIL_531	Witch's Apprentice	Taunt Battlecry: Add a random Shaman spell to your hand.
CORE_GIL_580	Town Crier	Battlecry: Draw a Rush minion from your deck.
CORE_GIL_598	Tess Greymane	[x]Battlecry: Replay every card from another class you've played this game (targets chosen randomly).
CORE_GIL_622	Lifedrinker	[x]Battlecry: Deal 3 damage to the enemy hero. Restore #3 Health to your hero.
CORE_GIL_623	Witchwood Grizzly	[x]Taunt Battlecry: Lose 1 Health for each card in your opponent's hand.
CORE_GIL_836	Blazing Invocation	[x]Discover a Battlecry minion. It costs (1) less.
CORE_GVG_053	Shieldmaiden	Battlecry: Gain 5 Armor.
CORE_GVG_059	Coghammer	Battlecry: Give a random friendly minion Divine Shield and Taunt.
CORE_GVG_110	Dr. Boom	Battlecry: Summon two 1/1 Boom Bots. WARNING: Bots may explode.
CORE_ICC_018	Phantom Freebooter	Battlecry: Gain stats equal to your weapon's.
CORE_ICC_025	Rattling Rascal	[x]Battlecry: Summon a 5/5 Skeleton. Deathrattle: Summon one for your opponent.
CORE_ICC_026	Grim Necromancer	Battlecry: Summon two 1/1 Skeletons.
CORE_ICC_028	Sunborne Val'kyr	Battlecry: Give adjacent minions +2 Health.
CORE_ICC_058	Brrrloc	Battlecry: Freeze an_enemy.
CORE_ICC_064	Blood Razor	Battlecry and Deathrattle: Deal 1 damage to all_minions.
CORE_ICC_069	Ghastly Conjurer	Battlecry: Add a 'Mirror Image' spell to your hand.
CORE_ICC_092	Acherus Veteran	Battlecry: Give a friendly minion +1 Attack.
CORE_ICC_093	Tuskarr Fisherman	Battlecry: Give a friendly minion Spell Damage +1.
CORE_ICC_096	Furnacefire Colossus	Battlecry: Discard all weapons from your hand and gain their stats.
CORE_ICC_098	Tomb Lurker	[x]Battlecry: Add a random Deathrattle minion that died this game to your hand.
CORE_ICC_215	Archbishop Benedictus	Battlecry: Shuffle a copy of_your opponent's deck into your deck.
CORE_ICC_252	Coldwraith	Battlecry: If an enemy is Frozen, draw a card.
CORE_ICC_257	Corpse Raiser	"[x]Battlecry: Give a friendly minion ""Deathrattle: Resummon this minion."""
CORE_ICC_407	Gnomeferatu	Battlecry: Remove the top card of your opponent's deck.
CORE_ICC_415	Stitched Tracker	Battlecry: Discover a copy of a minion in your deck.
CORE_ICC_450	Death Revenant	Battlecry: Gain +1/+1 for each damaged minion.
CORE_ICC_466	Saronite Chain Gang	[x]Taunt Battlecry: Summon a copy of this minion.
CORE_ICC_467	Deathspeaker	Battlecry: Give a friendly minion Immune this turn.
CORE_ICC_481	Thrall, Deathseer	Battlecry: Transform your minions into random ones that cost (2) more.
CORE_ICC_701	Skulking Geist	Battlecry: Destroy all 1-Cost spells in both hands and decks.
CORE_ICC_705	Bonemare	Battlecry: Give a friendly minion +4/+4 and Taunt.
CORE_ICC_801	Howling Commander	Battlecry: Draw a Divine_Shield minion from your deck.
CORE_ICC_807	Strongshell Scavenger	Battlecry: Give your Taunt minions +2/+2.
CORE_ICC_810	Deathaxe Punisher	Battlecry: Give a random Lifesteal minion in your hand +2/+2.
CORE_ICC_811	Lilian Voss	Battlecry: Replace spells in your hand with random spells (from your opponent's class).
CORE_ICC_827	Valeera the Hollow	Battlecry: Gain Stealth until your next turn.
CORE_ICC_829	Uther of the Ebon Blade	Battlecry: Equip a 5/3 Lifesteal weapon.
CORE_ICC_830	Shadowreaper Anduin	Battlecry: Destroy all minions with 5 or more_Attack.
CORE_ICC_831	Bloodreaver Gul'dan	Battlecry: Summon all friendly Demons that_died_this_game.
CORE_ICC_833	Frost Lich Jaina	[x]Battlecry: Summon a 3/6 Water Elemental. Your Elementals have Lifesteal this game.
CORE_ICC_834	Scourgelord Garrosh	Battlecry: Equip a 4/3_Shadowmourne that also damages adjacent minions.
CORE_ICC_838	Sindragosa	Battlecry: Summon two 0/1 Frozen Champions.
CORE_ICC_850	Shadowblade	Battlecry: Your hero is Immune this turn.
CORE_ICC_851	Prince Keleseth	Battlecry: If your deck has_no 2-Cost cards, give_all minions in your deck +1/+1.
CORE_ICC_852	Prince Taldaram	Battlecry: If your deck has_no 3-Cost cards, transform into a 3/3 copy of a minion.
CORE_ICC_853	Prince Valanar	Battlecry: If your deck has no 4-Cost cards, gain Lifesteal and Taunt.
CORE_ICC_855	Hyldnir Frostrider	Battlecry: Freeze your other minions.
CORE_ICC_903	Sanguine Reveler	Battlecry: Destroy a friendly minion and gain_+2/+2.
CORE_ICC_904	Wicked Skeleton	Battlecry: Gain +1/+1 for_each minion that died_this turn.
CORE_ICC_912	Corpsetaker	[x]Battlecry: Gain Taunt if your deck has a Taunt minion. Repeat for Divine Shield, Lifesteal, Windfury.
CORE_KAR_009	Babbling Book	Battlecry: Add a random Mage spell to your hand.
CORE_KAR_057	Ivory Knight	[x]Battlecry: Discover a spell. Restore Health to your hero equal to its Cost.
CORE_KAR_061	The Curator	Taunt Battlecry: Draw a Beast, Dragon, and Murloc.
CORE_KAR_062	Netherspite Historian	Battlecry: If you're holding a Dragon, Discover a Dragon.
CORE_KAR_065	Menagerie Warden	Battlecry: Choose a friendly Beast. Summon a_copy of it.
CORE_KAR_069	Swashburglar	Battlecry: Add a random card from another class to_your hand.
CORE_LOE_003	Ethereal Conjurer	Battlecry: Discover a spell.
CORE_LOE_011	Reno Jackson	Battlecry: If your deck has no duplicates, fully heal your hero.
CORE_LOE_039	Gorillabot A-3	Battlecry: If you control another Mech, Discover a Mech.
CORE_LOE_076	Sir Finley Mrrgglton	Battlecry: Discover a new basic Hero Power.
CORE_LOE_079	Elise Starseeker	Battlecry: Shuffle the 'Map to the Golden Monkey' into your deck.
CORE_LOOT_013	Vulgar Homunculus	Taunt Battlecry: Deal 2 damage to your hero.
CORE_LOOT_026	Fal'dorei Strider	[x]Battlecry: Shuffle 3 Ambushes into your deck. When drawn, summon a 4/4 Spider.
CORE_LOOT_124	Lone Champion	Battlecry: If you control no other minions, gain Taunt and Divine Shield.
CORE_LOOT_516	Zola the Gorgon	Battlecry: Choose a friendly minion. Add a Golden copy of it to your hand.
CORE_MAW_000	Imp-oster	Battlecry: Choose a friendly Imp. Transform into a copy of it.
CORE_MAW_004	Soul Seeker	Battlecry: Swap this with a random minion from your opponent's deck.
CORE_MAW_005	Framester	[x]Battlecry: Shuffle 3 'Framed' cards into the opponent's deck. When drawn, they Overload for (2).
CORE_MAW_008	Sightless Magistrate	Battlecry: Both players draw until they have 5 cards.
CORE_MAW_011	Defense Attorney Nathanos	[x]Battlecry: Discover a friendly Deathrattle minion that died this game. Gain its Deathrattle and then trigger it.
CORE_MAW_014	Prosecutor Mel'tranix	[x]Battlecry: Your opponent can only play their left- and right-most cards on their next turn.
CORE_MAW_017	Class Action Lawyer	[x]Battlecry: If your deck has no Neutral cards, set _a minion's stats to 1/1.
CORE_MAW_029	Weapons Expert	Battlecry: If you have a weapon equipped, give it +1/+1. Otherwise, draw a weapon.
CORE_MAW_030	Torghast Custodian	[x]Battlecry: For each enemy minion, randomly gain Rush, Divine Shield, or Windfury.
CORE_MAW_033	Sylvanas, the Accused	[x]Battlecry: Destroy an enemy minion. Infuse (@): Take control of it instead.
CORE_MAW_034	The Jailer	Battlecry: Destroy your deck. This minion gains Immune.
CORE_NEW1_018	Bloodsail Raider	Battlecry: Gain Attack equal to the Attack of your weapon.
CORE_OG_109	Darkshire Librarian	Battlecry: Discard a random card. Deathrattle: Draw a card.
CORE_OG_149	Ravaging Ghoul	Battlecry: Deal 1 damage to all other minions.
CORE_OG_254	Eater of Secrets	Battlecry: Destroy all enemy Secrets. Gain +1/+1 for each.
CORE_ONY_022	Battle Vicar	Battlecry: Discover a Holy spell.
CORE_ONY_024	Onyxian Drake	[x]Taunt Battlecry: Deal damage equal to your Armor to an enemy minion.
CORE_REV_000	Suspicious Alchemist	[x]Battlecry: Discover a spell. If your opponent guesses your choice, they get a copy.
CORE_REV_002	Suspicious Usher	[x]Battlecry: Discover a Legendary minion. If your opponent guesses your __choice, they get a copy.
CORE_REV_006	Suspicious Pirate	Battlecry: Discover a weapon. If your opponent guesses your choice, they get a copy.
CORE_REV_013	Stoneborn Accuser	"[x]Infuse (@): Gain ""Battlecry: Deal 5 damage."""
CORE_REV_017	Insatiable Devourer	[x]Battlecry: Devour an enemy minion and gain its stats. _Infuse (@): And its neighbors.
CORE_REV_019	Famished Fool	Battlecry: Draw a card. Infuse (@): Draw 3 instead.
CORE_REV_020	Dinner Performer	[x]Battlecry: Summon a random minion from your deck that you can afford to play.
CORE_REV_022	Murloc Holmes	[x]Battlecry: Solve 3 Clues about your opponent's cards to get copies of them.
CORE_REV_023	Demolition Renovator	Tradeable Battlecry: Destroy an enemy location.
CORE_REV_238	Theotar, the Mad Duke	Battlecry: Discover a card in each player's hand and swap them.
CORE_REV_244	Mischievous Imp	Battlecry: Summon a copy of this. Infuse (@): Summon two copies instead.
CORE_REV_246	Mysterious Visitor	Battlecry: Reduce the Cost of cards copied from your opponent by (3).
CORE_REV_247	Partner in Crime	[x]Battlecry: Summon a copy of this minion at the end of your turn.
CORE_REV_308	Maze Guide	Battlecry: Summon a random 2-Cost minion.
CORE_REV_310	Death Blossom Whomper	Battlecry: Draw a Deathrattle minion and gain its Deathrattle.
CORE_REV_314	Topior the Shrubbagazzor	[x]Battlecry: For the rest of the game, after you cast a Nature spell, summon a 3/3 Whelp with Rush.
CORE_REV_318	Widowbloom Seedsman	[x]Battlecry: Draw a Nature spell. Gain an empty Mana Crystal.
CORE_REV_338	Dredger Staff	[x]Battlecry: Give minions in your hand +1 Health.
CORE_REV_351	Roosting Gargoyle	Battlecry: Give a friendly Beast +2 Attack.
CORE_REV_353	Huntsman Altimor	[x]Battlecry: Summon a Gargon Companion. Infuse ({0}): Summon another. _Infuse ({1}): And another!
CORE_REV_360	Spirit Poacher	Battlecry: Summon a random Dormant Wildseed.
CORE_REV_363	Ara'lon	Battlecry: Summon one of each Dormant Wildseed.
CORE_REV_370	Party Crasher	[x]Battlecry: Choose an enemy minion. Throw a random minion from your hand at it.
CORE_REV_373	Lady Darkvein	[x]Battlecry: Summon two 2/1 Shades. Each gains a Deathrattle to cast your last Shadow spell.
CORE_REV_378	Forensic Duster	[x]Battlecry: Your opponent's minions cost (1) more next turn.
CORE_REV_510	Kryxis the Voracious	[x]Battlecry: Discard your hand. Deathrattle: Draw 3 cards.
CORE_REV_511	Bibliomite	[x]Battlecry: Choose a card in your hand to shuffle into your deck.
CORE_REV_514	Kel'Thuzad, the Inevitable	[x]Battlecry: Resurrect your Volatile Skeletons. Any that can't fit on the battlefield instantly explode! @(@)
CORE_REV_826	Private Eye	[x]Battlecry: Cast a Secret from your deck. _Combo: Cast 2 instead.
CORE_REV_835	Imp King Rafaam	Battlecry: Resurrect four friendly Imps. Infuse (@): Give your Imps +2/+2.
CORE_REV_841	Anonymous Informant	Battlecry: The next Secret you play costs (0).
CORE_REV_900	Scuttlebutt Ghoul	[x]Taunt Battlecry: If you control a Secret, summon a copy of this.
CORE_REV_901	Dispossessed Soul	Battlecry: If you control a location, Discover a copy of a card in your deck.
CORE_REV_906	Sire Denathrius	Lifesteal. Battlecry: Deal 5 damage amongst enemies. Endlessly Infuse (@): Deal 1 more.
CORE_REV_921	The Stonewright	Battlecry: For the rest of the game, your Totems have +2 Attack.
CORE_REV_934	Decimator Olgra	[x]Battlecry: Gain +1/+1 for each damaged minion, _then attack all enemies.
CORE_REV_936	Crud Caretaker	Battlecry: Summon a 3/5 Elemental with Taunt.
CORE_REV_937	Artificer Xy'mox	[x]Battlecry: Discover and cast a Relic. Infuse (@): Cast all three instead.
CORE_REV_940	Necrolord Draka	[x]Battlecry: Equip a @/3 Dagger. (+1 Attack for each other card you played this turn, up to 10!)
CORE_REV_945	Sketchy Stranger	Battlecry: Discover a Secret from another class.
CORE_REV_946	Steamcleaner	Battlecry: Destroy ALL cards in both players' decks that didn't start there.
CORE_REV_947	Muckborn Servant	Taunt Battlecry: Discover a Paladin card.
CORE_REV_951	The Countess	[x]Battlecry: If your deck has no Neutral cards, add 3 Legendary Invitations to your hand.
CORE_REV_958	Buffet Biggun	[x]Battlecry: Summon two Silver Hand Recruits. Infuse (@): Give them +2 Attack and Divine Shield.
CORE_REV_959	Ghastly Gravedigger	[x]Battlecry: If you control a Secret, choose a card in your opponent's hand to _shuffle into their deck.
CORE_REV_960	Ashen Elemental	[x]Battlecry: Whenever your opponent draws a card next turn, they take 2 damage.
CORE_REV_961	Elitist Snob	[x]Battlecry: For each Paladin card in your hand, randomly gain Divine Shield, Lifesteal, Rush, or Taunt.
CORE_RLK_062	Nerubian Swarmguard	[x]Taunt Battlecry: Summon two copies of this minion.
CORE_RLK_066	Hematurge	Battlecry: Spend a Corpse to Discover a Blood Rune card.
CORE_RLK_116	Necrotic Mortician	Battlecry: If a friendly Undead died after your last turn, Discover an Unholy Rune card.
CORE_RLK_504	Corpse Bride	[x]Battlecry: Spend up to 10 _Corpses to summon a Risen_ Groom with Taunt and that _much Attack and Health.
CORE_RLK_505	Marrow Manipulator	[x]Battlecry: Spend up to 5 Corpses. Deal 2 damage to a random enemy for each.
CORE_RLK_506	Boneguard Commander	Taunt Battlecry: Raise up to 6 Corpses as 1/3 Risen Footmen with Taunt.
CORE_RLK_657	Underking	[x]Rush Battlecry and Deathrattle: Gain 6 Armor.
CORE_RLK_706	Alexandros Mograine	Battlecry: For the rest of the game, deal 3 damage to your opponent at the end of your turns.
CORE_RLK_740	Might of Menethil	Battlecry: Spend up to 3 Corpses. Freeze that many enemy minions.
CORE_RLK_741	Soulstealer	[x]Battlecry: Destroy all other minions. Gain 1 Corpse for each enemy destroyed.
CORE_RLK_814	Crystalsmith Cultist	Battlecry: If you're holding a Shadow spell, gain +1/+1.
CORE_RLK_919	Anachronos	[x]Battlecry: Send all other minions 2 turns into the future.
CORE_SCH_160	Wandmaker	Battlecry: Add a 1-Cost spell from your class to_your hand.
CORE_SCH_181	Archwitch Willow	Battlecry: Summon a random Demon from your hand and deck.
CORE_SCH_312	Tour Guide	Battlecry: Your next Hero Power costs (0).
CORE_SCH_713	Cult Neophyte	Battlecry: Your opponent's spells cost (1) more next_turn.
CORE_SW_066	Royal Librarian	[x]Tradeable Battlecry: Silence a minion.
CORE_SW_072	Rustrot Viper	[x]Tradeable Battlecry: Destroy your opponent's weapon.
CORE_TOY_101	Night Elf Huntress	[x]Battlecry: Deal 3 damage to three different enemies. (You pick the targets!)
CORE_TRL_111	Headhunter's Hatchet	[x]Battlecry: If you control a Beast, gain +1 Durability.
CORE_TRL_240	Savage Striker	Battlecry: Deal damage to an enemy minion equal to your hero's Attack.
CORE_TRL_345	Krag'wa, the Frog	Battlecry: Return all spells you played last turn to_your hand.
CORE_TRL_348	Springpaw	[x]Rush Battlecry: Add a 1/1 Lynx with Rush to your hand.
CORE_TRL_900	Halazzi, the Lynx	Rush. Battlecry: Fill your hand with 1/1 Lynxes that have Rush.
CORE_ULD_165	Riftcleaver	Battlecry: Destroy a minion. Your hero takes damage equal to its Health.
CORE_ULD_178	Siamat	[x]Battlecry: Gain 2 of Rush, Taunt, Divine Shield, or Windfury (your choice).
CORE_ULD_191	Beaming Sidekick	Battlecry: Give a friendly minion +2 Health.
CORE_ULD_195	Frightened Flunky	Taunt Battlecry: Discover a Taunt_minion.
CORE_ULD_209	Vulpera Scoundrel	Battlecry: Discover a spell or pick a mystery choice.
CORE_ULD_271	Injured Tol'vir	Taunt Battlecry: Deal 3 damage to this minion.
CORE_UNG_020	Arcanologist	Battlecry: Draw a Secret.
Core_UNG_072	Stonehill Defender	Taunt Battlecry: Discover a Taunt_minion.
CORE_UNG_205	Glacial Shard	Battlecry: Freeze an_enemy.
Core_UNG_211	Kalimos, Primal Lord	[x]Battlecry: If you played an Elemental last turn, cast an Elemental Invocation.
CORE_UNG_800	Terrorscale Stalker	Battlecry: Trigger a friendly minion's Deathrattle.
CORE_UNG_809	Fire Fly	Battlecry: Add a 1/2 Elemental to your hand.
CORE_UNG_833	Lakkari Felhound	Taunt Battlecry: Discard your two lowest-Cost cards.
CORE_UNG_848	Primordial Drake	[x]Taunt Battlecry: Deal 2 damage to all other minions.
CORE_UNG_912	Jeweled Macaw	Battlecry: Add a random Beast to your hand.
CORE_VAN_EX1_561	Alexstrasza	Battlecry: Set a hero's remaining Health to 15.
CORE_WON_096	Dark Peddler	Battlecry: Discover a 1-Cost card.
CORE_WON_141	Menagerie Mug	[x]Battlecry: Give 3 random friendly minions of different minion types +1/+1.
CORE_WON_142	Menagerie Jug	[x]Battlecry: Give 3 random friendly minions of different minion types +2/+2.
CORE_WON_145	Avatar of Hearthstone	Battlecry: Open a Standard Pack. Play all cards from it.
CORE_WW_329	Detonation Juggernaut	Taunt. Battlecry: Give Taunt minions in your hand +2/+2.
CORE_YOP_032	Armor Vendor	Battlecry: Give 4 Armor to_each hero.
CS2_064	Dread Infernal	Battlecry: Deal 1 damage to ALL other characters.
CS2_088	Guardian of Kings	Taunt Battlecry: Restore #6 Health to your hero.
CS2_151	Silver Hand Knight	Battlecry: Summon a 2/2_Squire.
CS2_181	Injured Blademaster	Battlecry: Deal 4 damage to HIMSELF.
CS2_188	Abusive Sergeant	Battlecry: Give a minion +2_Attack this turn.
CS2_196	Razorfen Hunter	Battlecry: Summon a 1/1_Boar.
CS2_203	Ironbeak Owl	Battlecry: Silence a_minion.
CS2_226	Frostwolf Warlord	Battlecry: Gain +1/+1 for each other friendly minion on the battlefield.
CS3_003	Felsoul Jailer	[x]Battlecry: Your opponent discards a minion. Deathrattle: Return it.
CS3_008	Bloodsail Deckhand	[x]Battlecry: The next weapon you play costs (1) less.
CS3_012	Nordrassil Druid	Battlecry: The next spell you cast this turn costs_(3)_less.
CS3_015	Selective Breeder	Battlecry: Discover a copy of a Beast in your deck.
CS3_022	Fogsail Freebooter	Battlecry: If you have a weapon equipped, deal_2_damage.
CS3_031	Alexstrasza the Life-Binder	[x]Battlecry: Choose a character. If it's friendly, restore #8 Health. If it's an ___enemy, deal 8 damage.
CS3_033	Ysera the Dreamer	Battlecry: Add one of each Dream card to your hand.
CS3_034	Malygos the Spellweaver	Battlecry: Draw spells until your hand is full.
CS3_036	Deathwing the Destroyer	Battlecry: Destroy all other minions. Discard a card for each destroyed.
DAL_030	Shadowy Figure	Battlecry: Transform into a_2/2 copy of a friendly Deathrattle minion.
DAL_052	Muckmorpher	[x]Battlecry: Transform into a 4/4 copy of a different minion in your deck.
DAL_058	Hecklebot	Taunt Battlecry: Your opponent summons a minion from their deck.
DAL_060	Clockwork Goblin	[x]Battlecry: Shuffle a Bomb into your opponent's deck. When drawn, it explodes for 5 damage.
DAL_064	Blastmaster Boom	[x]Battlecry: Summon two 1/1 Boom Bots for each Bomb in your opponent's deck.
DAL_070	The Boom Reaver	Battlecry: Summon a copy of a minion in your deck. Give it Rush.
DAL_077	Toxfin	Battlecry: Give a friendly Murloc Poisonous.
DAL_078	Traveling Healer	[x]Divine Shield Battlecry: Restore #3 Health.
DAL_081	Spellward Jeweler	Battlecry: Your hero is Elusive until next turn.
DAL_086	Sunreaver Spy	Battlecry: If you control a Secret, gain +1/+1.
DAL_087	Hench-Clan Hag	Battlecry: Summon two 1/1 Amalgams with all minion types.
DAL_089	Spellbook Binder	Battlecry: If you have Spell Damage, draw a card.
DAL_095	Violet Spellsword	[x]Battlecry: Gain +1 Attack for each spell in your hand.
DAL_147	Dragon Speaker	Battlecry: Give all Dragons in your hand +3/+3.
DAL_163	Messenger Raven	Battlecry: Discover a Mage minion.
DAL_379	Vereesa Windrunner	Battlecry: Equip Thori'dal, the Stars' Fury.
DAL_400	EVIL Cable Rat	Battlecry: Add a Lackey to_your hand.
DAL_416	Hench-Clan Burglar	Battlecry: Discover a spell from another class.
DAL_417	Heistbaron Togwaggle	Battlecry: If you control a_Lackey, choose a fantastic treasure.
DAL_422	Arch-Villain Rafaam	Taunt Battlecry: Replace your hand and deck with Legendary minions.
DAL_431	Swampqueen Hagatha	[x]Battlecry: Add a 5/5 Horror to your hand. Teach it two Shaman spells.
DAL_431t	Drustvar Horror	Battlecry: Cast {0} and {1}.
DAL_433	Sludge Slurper	Battlecry: Add a Lackey to your hand. Overload: (1)
DAL_538	Unseen Saboteur	Battlecry: Your opponent casts a random spell from their hand (targets chosen randomly).
DAL_539	Sunreaver Warmage	Battlecry: If you're holding a spell that costs (5) or more, deal 4 damage.
DAL_546	Barista Lynchen	Battlecry: Add a copy of each of your other Battlecry minions_to_your_hand.
DAL_554	Chef Nomi	Battlecry: If your deck is empty, summon six 6/6 Greasefire_Elementals.
DAL_560	Heroic Innkeeper	Taunt. Battlecry: Gain +2/+2 for each other friendly minion.
DAL_565	Portal Overfiend	[x]Battlecry: Shuffle 3 Portals into your deck. When drawn, summon a 2/2 Demon with Rush.
DAL_571	Mysterious Blade	Battlecry: If you control a Secret, gain +1 Attack.
DAL_581	Nozari	Battlecry: Restore both heroes to full Health.
DAL_582	Portal Keeper	[x]Battlecry: Shuffle 3 Portals into your deck. When drawn, summon a 2/2 Demon with Rush.
DAL_603	Mana Cyclone	[x]Battlecry: For each spell you've cast this turn, add a random Mage spell to your hand.
DAL_606	EVIL Genius	Battlecry: Destroy a friendly minion to add 2 random Lackeys_to_your_hand.
DAL_609	Kalecgos	Your first spell each turn costs (0). Battlecry: Discover a spell.
DAL_714	Underbelly Fence	[x]Battlecry: If you're holding a card from another class, _gain +1/+1 and Rush.
DAL_729	Madame Lazul	[x]Battlecry: Discover a copy of a card in your opponent's hand.
DAL_735	Dalaran Librarian	Battlecry: Silence adjacent minions.
DAL_736	Archivist Elysiana	Battlecry: Discover 5 cards. Replace your deck with 2_copies of each.
DAL_744	Faceless Rager	Battlecry: Copy a friendly minion's Health.
DAL_747	Flight Master	Battlecry: Summon a 2/2 Gryphon for each player.
DAL_751	Mad Summoner	[x]Battlecry: Fill each player's board with 1/1 Imps.
DAL_752	Jepetto Joybuzz	Battlecry: Draw 2 minions from your deck. Set their Attack, Health, and Cost to 1.
DAL_770	Omega Devastator	[x]Battlecry: If you have 10 Mana Crystals, deal 10 damage to a minion.
DAL_799	Crystal Stag	Rush. Battlecry: If you've restored 5 Health this game, summon a copy of this.@ ({0} left!)@ (Ready!)
DED_003	Jerry Rig Carpenter	Battlecry: Draw a Choose One spell and split it.
DED_007	Defias Blastfisher	[x]Battlecry: Deal 2 damage to a random enemy. Repeat for each of your Beasts.
DED_008	Monstrous Parrot	Battlecry: Get a copy of the last friendly Deathrattle minion that died.
DED_500	Wealth Redistributor	[x]Taunt. Battlecry: Swap the Attack of the highest and lowest Attack minion.
DED_501	Sunwing Squawker	[x]Battlecry: Repeat the last spell you've cast on a __friendly minion on this.
DED_503	Shadowblade Slinger	[x]Battlecry: If you've taken damage this turn, deal that _much to an enemy minion.
DED_505	Hullbreaker	[x]Battlecry and Deathrattle: Draw a spell. Your hero takes damage equal to its Cost.
DED_507	Crow's Nest Lookout	[x]Battlecry: Deal 2 damage to the left and right-most enemy minions.
DED_509	Brilliant Macaw	Battlecry: Repeat the last Battlecry you played.
DED_510	Edwin, Defias Kingpin	[x]Battlecry: Draw a card. If you play it this turn, gain +2/+2 and repeat this effect.
DED_513	Defias Leper	[x]Battlecry: If you're holding a Shadow spell, deal 2 damage.
DED_514	Copycat	Battlecry: Add a copy of the next card your opponent plays to your hand.
DED_515	Grey Sage Parrot	Battlecry: Repeat the last spell you've cast that costs (6) or more.
DED_516	Deepwater Evoker	[x]Battlecry: Draw a spell. Gain Armor equal to its Cost.
DED_521	Maddest Bomber	Battlecry: Deal 12 damage randomly split among all other characters.
DED_523	Golakka Glutton	Battlecry: Destroy a Beast and gain +1/+1.
DED_524	Multicaster	[x]Battlecry: Draw a card for _each different spell school_ _you've cast this game.@ (@)
DED_525	Goliath, Sneed's Masterpiece	[x]Battlecry: Fire five rockets at enemy minions that deal 2 damage each. (You pick the targets!)
DEEP_007	Sir Finley, the Intrepid	[x]Battlecry: If you've Excavated twice, transform all enemy minions into 1/1 Murlocs.
DEEP_012	Shadestone Skulker	[x]Rush. Battlecry: Take your _weapon and gain its stats._ Deathrattle: Give it back.
DEEP_020	Deepminer Brann	[x]Battlecry: If your deck started with no duplicates, your Battlecries trigger twice for the rest of the game.
DEEP_024	Glowstone Gyreworm	[x]Lifesteal Quickdraw: Deal 5 damage. Forge: Change Quickdraw to Battlecry.
DEEP_024t	Glowstone Gyreworm	Forged, Lifesteal Battlecry: Deal 5 damage.
DEEP_030	Elementium Geode	Battlecry and Deathrattle: Draw a card. Deal 2 damage to your hero.
DEEP_033	Fossilized Kaleidosaur	Battlecry: Gain two random Bonus Effects. Excavate a treasure.
DEEP_034	Shale Spider	Battlecry: If you played an_Elemental last turn, draw a card.
DEEP_037	Maruut Stonebinder	[x]Battlecry: If your deck started with no duplicates, Discover an Elemental to summon. Add the others to your hand.
DINO_137	Skittish Saucier	Battlecry: Reduce the Cost of adjacent cards in your hand by (1).
DINO_408	Crystal Tusk	[x]Battlecry: Shuffle the left- most card in your hand into your deck. Deathrattle: Draw 2 cards.
DINO_411	Holy Eggbearer	Battlecry: Draw a 0-Attack minion.
DINO_413	Chillspine Stegodon	[x]Battlecry: Deal 2 damage to two random enemy minions. _Kindred: And Freeze them.
DINO_419	Herbivore Assistant	Battlecry: Give a friendly Beast +2/+2 and Rush.
DINO_427	Costume Merchant	[x]Battlecry: Get a random Mask from another class. _Combo: It costs (2) less.
DINO_430	Beast Speaker Taka	[x]Battlecry: Discover a ___Legendary Beast from any___ _class to gain its stats. __Deathrattle: Summon it.
DINO_434	Raptor-Nest Nurse	[x]Battlecry: Get a random 1-Cost minion. Deathrattle: Get a random 1-Cost spell.
DMF_002	N'Zoth, God of the Deep	Battlecry: Resurrect a friendly minion of each minion type.
DMF_004	Yogg-Saron, Master of Fate	[x]Battlecry: If you've cast 10 spells this game, spin the Wheel of Yogg-Saron.@ ({0} left!)@ (Ready!)
DMF_056	G'huun the Blood God	Battlecry: Draw 2 cards. They cost Health instead of Mana.
DMF_061t	Faire Arborist	Corrupted Battlecry: Summon a 2/2 Treant. Draw a card.
DMF_062	Gyreworm	Battlecry: If you played an Elemental last turn, deal 3_damage.
DMF_065	Banana Vendor	Battlecry: Add 2 Bananas to each player's hand.
DMF_067	Prize Vendor	Battlecry and Deathrattle: Each player draws a card.
DMF_071	Tenwu of the Red Smoke	Battlecry: Return a friendly minion to your hand. It costs (1) this turn.
DMF_074	Silas Darkmoon	Battlecry: Choose a direction to rotate all minions.
DMF_079	Inconspicuous Rider	Battlecry: Cast a Secret from your deck.
DMF_081	K'thir Ritualist	[x]Taunt Battlecry: Add a random 4-Cost minion to your opponent's hand.
DMF_089	Maxima Blastenheimer	[x]Battlecry: Summon a minion from your deck. It attacks the enemy hero, then dies.
DMF_091	Wriggling Horror	Battlecry: Give adjacent minions +1/+1.
DMF_100	Confection Cyclone	Battlecry: Add two 1/2 Sugar Elementals to your_hand.
DMF_101	Firework Elemental	[x]Battlecry: Deal 3 damage to a minion. Corrupt: Deal 12 instead.
DMF_101t	Firework Elemental	Corrupted Battlecry: Deal 12 damage to a minion.
DMF_106	Occult Conjurer	Battlecry: If you control a Secret, summon a copy of_this.
DMF_109	Sayge, Seer of Darkmoon	Battlecry: Draw @ |4(card, cards). (Upgraded for each friendly Secret that has triggered this game!)
DMF_110	Fire Breather	Battlecry: Deal 2 damage to all minions except Demons.
DMF_111	Man'ari Mosher	Battlecry: Give a friendly Demon +3 Attack and Lifesteal this turn.
DMF_115	Revenant Rascal	Battlecry: Destroy a Mana Crystal for each player.
DMF_116	The Nameless One	Battlecry: Choose a minion. Become a 4/4 copy of it, then Silence it.
DMF_118	Tickatus	[x]Battlecry: Remove the top 5 cards from your deck. Corrupt: Your opponent's deck instead.
DMF_118t	Tickatus	Corrupted Battlecry: Remove the top_5_cards from your opponent's deck.
DMF_121	Fortune Teller	[x]Taunt Battlecry: Gain +1/+1 for each spell in your hand.
DMF_122	Mystery Winner	Battlecry: Discover a Secret.
DMF_125	Safety Inspector	[x]Battlecry: Shuffle the _lowest-Cost card from your hand into your deck. Draw a card.
DMF_163	Carnival Clown	[x]Taunt Battlecry: Summon 2 copies of this. Corrupt: Fill your board with copies.
DMF_163t	Carnival Clown	[x]Corrupted Taunt Battlecry: Fill your board with copies of this.
DMF_174	Circus Medic	Battlecry: Restore #4 Health. Corrupt: Deal 4 damage instead.
DMF_174t	Circus Medic	Corrupted Battlecry: Deal 4 damage.
DMF_188	Y'Shaarj, the Defiler	[x]Battlecry: Add a copy of each Corrupted card you've played this game to your hand. They cost (0) this turn.
DMF_189	Costumed Entertainer	[x]Battlecry: Give a random minion in your hand +2/+2.
DMF_202	Derailed Coaster	Battlecry: Summon a 1/1 Rider with Rush for each minion in your hand.
DMF_229	Stiltstepper	[x]Battlecry: Draw a card. If you play it this turn, give your hero +4 Attack this turn.
DMF_231	Zai, the Incredible	Battlecry: Copy the left- and right-most cards in your hand.
DMF_235	Balloon Merchant	Battlecry: Give your Silver Hand Recruits +1 Attack and Divine Shield.
DMF_238	Hammer of the Naaru	Battlecry: Summon a 6/6 Holy Elemental with Taunt.
DMF_240	Lothraxion the Redeemed	[x]Battlecry: For the rest of the game, after you summon a Silver Hand Recruit, give it Divine Shield.
DMF_241	High Exarch Yrel	[x]Battlecry: If your deck has no Neutral cards, gain Rush, Lifesteal, Taunt, and Divine Shield.
DMF_254	C'Thun, the Shattered	[x]Start of Game: Break into pieces. Battlecry: Deal 30 damage randomly split among all enemies.
DMF_511	Foxy Fraud	Battlecry: Your next Combo card this turn costs_(2) less.
DMF_516	Grand Empress Shek'zara	Battlecry: Discover a card in your deck and draw all copies of it.
DMF_521	Sword Eater	Taunt Battlecry: Equip a 3/2_Sword.
DMF_525	Ringmaster Whatley	Battlecry: Draw a Mech, Dragon, and Pirate.
DMF_531	Stage Hand	[x]Battlecry: Give a random minion in your hand +1/+1.
DMF_703	Pit Master	Battlecry: Summon a 3/2_Duelist. Corrupt: Summon two.
DMF_703t	Pit Master	Corrupted Battlecry: Summon two 3/2 Duelists.
DMF_704	Cagematch Custodian	Battlecry: Draw a weapon.
DMF_733	Kiri, Chosen of Elune	Battlecry: Add a Solar Eclipse and Lunar Eclipse to your hand.
DRG_010	Diving Gryphon	Rush Battlecry: Draw a Rush minion_from_your_deck.
DRG_019	Scion of Ruin	Rush. Battlecry: If you've Invoked twice, summon 2_copies of this.
DRG_020	EVIL Quartermaster	Battlecry: Add a Lackey to your hand. Gain 3 Armor.
DRG_021	Ritual Chopper	Battlecry: Invoke Galakrond.
DRG_024	Sky Raider	Battlecry: Add a random Pirate to your hand.
DRG_026	Deathwing, Mad Aspect	Battlecry: Attack ALL other minions.
DRG_027	Umbral Skulker	[x]Battlecry: If you've Invoked twice, add 3 Coins to your hand.
DRG_034	Stowaway	[x]Battlecry: If there are cards in your deck that didn't start there, draw 2 of them.
DRG_035	Bloodsail Flybooter	Battlecry: Add two 1/1 Pirates to your hand.
DRG_037	Flik Skyshiv	[x]Battlecry: Destroy a minion and all copies of it (wherever they are).
DRG_050	Devoted Maniac	Rush Battlecry: Invoke Galakrond.
DRG_055	Hoard Pillager	Battlecry: Equip one of your destroyed weapons.
DRG_059	Goboglide Tech	Battlecry: If you control a_Mech, gain +1/+1 and_Rush.
DRG_060	Fire Hawk	Battlecry: Gain +1 Attack for each card in your opponent's hand.
DRG_062	Wyrmrest Purifier	[x]Battlecry: Transform all Neutral cards in your deck into random cards from your class.
DRG_063	Dragonmaw Poacher	Battlecry: If your opponent controls a Dragon, gain +4/+4 and Rush.
DRG_064	Zul'Drak Ritualist	[x]Taunt Battlecry: Summon three random 1-Cost minions for your opponent.
DRG_067	Troll Batrider	Battlecry: Deal 3 damage to a random enemy minion.
DRG_069	Platebreaker	Battlecry: Destroy your opponent's Armor.
DRG_070	Dragon Breeder	Battlecry: Choose a friendly Dragon. Add a copy of it to_your hand.
DRG_072	Skyfin	Battlecry: If you're holding a Dragon, summon 2 random Murlocs.
DRG_074	Camouflaged Dirigible	Battlecry: Give your other Mechs Stealth until your_next turn.
DRG_075	Cobalt Spellkin	Battlecry: Add two 1-Cost spells from your class to_your hand.
DRG_076	Faceless Corruptor	[x]Rush. Battlecry: Transform one of your minions into a copy of this.
DRG_077	Utgarde Grapplesniper	Battlecry: Both players draw a card. If it's a Dragon, summon it.
DRG_081	Scalerider	Battlecry: If you're holding a Dragon, deal 2 damage.
DRG_082	Kobold Stickyfinger	Battlecry: Steal your opponent's weapon.
DRG_084	Tentacled Menace	Battlecry: Each player draws a card. Swap their_Costs.
DRG_086	Chromatic Egg	[x]Battlecry: Secretly Discover a Dragon to hatch into. Deathrattle: Hatch!
DRG_089	Dragonqueen Alexstrasza	[x]Battlecry: If your deck has no duplicates, add 2 other random Dragons to your hand. They cost (0).
DRG_090	Murozond the Infinite	Battlecry: Play all cards your opponent played last_turn.
DRG_095	Veranus	Battlecry: Change the Health of all enemy minions to 1.
DRG_099	Kronx Dragonhoof	[x]Battlecry: Draw Galakrond. If you're already Galakrond, unleash a Devastation.
DRG_102	Azure Explorer	Spell Damage +2 Battlecry: Discover a Dragon.
DRG_201	Crazed Netherwing	Battlecry: If you're holding a Dragon, deal 3 damage to all other characters.
DRG_202	Dragonblight Cultist	[x]Battlecry: Invoke Galakrond. Gain +1 Attack for each other friendly minion.
DRG_203	Veiled Worshipper	[x]Battlecry: If you've Invoked twice, draw 3 cards.
DRG_207	Abyssal Summoner	[x]Battlecry: Summon a Demon with Taunt and stats equal to your hand size.
DRG_208	Valdris Felgorge	Battlecry: Increase your maximum hand size to 12. Draw 4 cards.
DRG_213	Twin Tyrant	Battlecry: Deal 4 damage to two random enemy minions.
DRG_218	Corrupt Elementalist	Battlecry: Invoke Galakrond twice.
DRG_223	Cumulo-Maximus	Battlecry: If you have Overloaded Mana Crystals, deal 5 damage.
DRG_224	Nithogg	[x]Battlecry: Summon two 0/3 Eggs. Next turn they hatch into 4/4 Drakes with Rush.
DRG_225	Sky Claw	Your other Mechs have +1 Attack. Battlecry: Summon two 1/1 Microcopters.
DRG_229	Bronze Explorer	Lifesteal Battlecry: Discover a Dragon.
DRG_231	Lightforged Crusader	[x]Battlecry: If your deck has no Neutral cards, add 5 random Paladin cards to your hand.
DRG_232	Lightforged Zealot	Battlecry: If your deck has no Neutral cards, equip a __4/2_Truesilver_Champion._
DRG_242	Shield of Galakrond	Taunt Battlecry: Invoke Galakrond.
DRG_254	Primordial Explorer	Poisonous Battlecry: Discover a Dragon.
DRG_257	Frizz Kindleroost	Battlecry: Reduce the Cost of Dragons in your deck by_(2).
DRG_270	Malygos, Aspect of Magic	[x]Battlecry: If you're holding a Dragon, Discover an upgraded Mage spell.
DRG_300	Fate Weaver	[x]Battlecry: If you've Invoked twice, reduce the Cost of cards in your hand by (1).
DRG_303	Disciple of Galakrond	Battlecry: Invoke Galakrond.
DRG_306	Envoy of Lazul	[x]Battlecry: Look at 3 cards. Guess which one is in your opponent's hand to get a copy of it.
DRG_308	Mindflayer Kaahrj	Battlecry: Choose an enemy minion. Deathrattle: Summon a new copy of it.
DRG_309	Nozdormu the Timeless	Battlecry: Set each player to 10 Mana Crystals.
DRG_312	Shrubadier	Battlecry: Summon a 2/2_Treant.
DRG_313	Emerald Explorer	Taunt Battlecry: Discover a Dragon.
DRG_319	Goru the Mightree	[x]Taunt Battlecry: For the rest of the game, your Treants have +1/+1.
DRG_320	Ysera, Unleashed	[x]Battlecry: Shuffle 7 Dream Portals into your deck. When drawn, summon a random Dragon.
DRG_322	Dragoncaster	Battlecry: If you're holding a Dragon, your next spell this turn costs (0).
DRG_401	Grizzled Wizard	Battlecry: Swap Hero Powers with your opponent until your next turn.
DRG_402	Sathrovarr	Battlecry: Choose a friendly minion. Add a copy of it to_your hand, deck, and battlefield.
DRG_403	Blowtorch Saboteur	Battlecry: Your opponent's next Hero Power costs (2)_more.
DRG_600	Galakrond, the Wretched	[x]Battlecry: Summon 1 random Demon. (@)
DRG_600t2	Galakrond, the Apocalypse	[x]Battlecry: Summon 2 random Demons. (@)
DRG_600t3	Galakrond, Azeroth's End	[x]Battlecry: Summon 4 random Demons. Equip a 5/2 Claw.
DRG_610	Galakrond, the Nightmare	[x]Battlecry: Draw 1 card. It costs (0). (@)
DRG_610t2	Galakrond, the Apocalypse	[x]Battlecry: Draw 2 cards. They cost (0). (@)
DRG_610t3	Galakrond, Azeroth's End	[x]Battlecry: Draw 4 cards. They cost (0). Equip a 5/2 Claw.
DRG_620	Galakrond, the Tempest	[x]Battlecry: Summon two 2/2 Storms with Rush. (@)
DRG_620t2	Galakrond, the Apocalypse	[x]Battlecry: Summon two 4/4 Storms with Rush. (@)
DRG_620t3	Galakrond, Azeroth's End	[x]Battlecry: Summon two 8/8 Storms with Rush. Equip a 5/2 Claw.
DRG_650	Galakrond, the Unbreakable	[x]Battlecry: Draw 1 minion. Give it +4/+4. (@)
DRG_650t2	Galakrond, the Apocalypse	[x]Battlecry: Draw 2 minions. Give them +4/+4. (@)
DRG_650t3	Galakrond, Azeroth's End	[x]Battlecry: Draw 4 minions. Give them +4/+4. Equip a 5/2 Claw.
DRG_660	Galakrond, the Unspeakable	[x]Battlecry: Destroy 1 random enemy minion. (@)
DRG_660t2	Galakrond, the Apocalypse	[x]Battlecry: Destroy 2 random enemy minions. (@)
DRG_660t3	Galakrond, Azeroth's End	[x]Battlecry: Destroy 4 random enemy minions. Equip a 5/2 Claw.
DS1_070	Houndmaster	Battlecry: Give a friendly Beast +2/+2 and Taunt.
EDR_000	Ysera, Emerald Aspect	[x]Start of Game: Increase both players'maximum Mana by 5. Battlecry: Gain 3 Mana Crystals.
EDR_001	Hopeful Dryad	Battlecry: Get a random Dream card.
EDR_014	Verdant Dreamsaber	Battlecry: If this costs (3) or less, attack two random enemy minions.
EDR_102	Treacherous Tormentor	Battlecry: Discover a Legendary minion with a Dark Gift.
EDR_105	Creature of Madness	Battlecry: Discover a 3-Cost minion with a Dark_Gift.
EDR_226	Exotic Houndmaster	Battlecry: Draw a Beast. Imbue your Hero Power.
EDR_230	Beanstalk Brute	Battlecry: Give +4/+4 to_the top 3 minions in_your deck.
EDR_238	Merithra	[x]Battlecry: Resurrect all different friendly minions that cost (8) or more.
EDR_256	Dreamwarden	[x]Taunt. Battlecry: If there is a card in your deck that didn't start there, draw it and gain +2/+2.
EDR_259	Ursol	[x]Battlecry: Cast the highest Cost spell from your hand as _an Aura that lasts @ turns.
EDR_430	Aessina	[x]Battlecry: If 20 friendly minions have died this game, deal 20 damage split among all enemies.@ ({0} left!)@ (Ready!)
EDR_449	Lunarwing Messenger	Lifesteal Battlecry: Imbue your Hero_Power.
EDR_451	Goldpetal Drake	[x]Battlecry and Deathrattle: Imbue your Hero Power.
EDR_456	Darkrider	Battlecry: If you're holding a Dragon, Discover a Dragon with a Dark Gift.
EDR_457	Brood Keeper	Battlecry: If you're holding a Dragon, equip a 2/2 Sword.
EDR_459	Afflicted Devastator	[x]Battlecry: Deal 3 damage to all other friendly minions. Deathrattle: Deal 3 damage to all enemy minions.
EDR_464	Tyrande	Battlecry: The next 3 spells you play cast twice.
EDR_468	Eggbasher	Battlecry: Deal 1 damage to a minion and give it +4 Attack.
EDR_472	Weaver of the Cycle	Battlecry: If you're holding a spell that costs (5) or more, deal 3 damage.
EDR_481	Mythical Runebear	Taunt. Battlecry: If this has 4 or more Attack, summon a copy of this.
EDR_489	Agamaggan	[x]Battlecry: The next card you play costs your OPPONENT'S Health instead of Mana (up to 10).
EDR_491	Archdruid of Thorns	Battlecry: Gain the Deathrattles of your minions that died this turn.
EDR_492	Mother Duck	Battlecry: Summon three 1/1 Ducklings with Rush.
EDR_493	Alara'shi	[x]Battlecry: Transform minions in your hand into random Demons. (They keep their __original stats and Cost.)
EDR_517	Q'onzu	Battlecry: Discover a spell. Choose to keep it or put it on top of your opponent's deck.
EDR_518	Living Garden	[x]Battlecry: Imbue your Hero Power. Reduce the Cost of a _minion in your hand by (1).
EDR_519	Wisprider	Battlecry: Imbue your Hero Power, then trigger it.
EDR_521	Tricky Satyr	Battlecry: Get a copy of the lowest Cost card in your opponent's hand.
EDR_524	Shadowcloaked Assailant	[x]Battlecry: If you're holding one of the same cards as your opponent, shuffle theirs into their deck.
EDR_526	Renferal, the Malignant	[x]Battlecry: Trap @ random |4(card, cards) in your opponent's hand for a turn. (Improved for each time you've played this.)
EDR_527	Ashamane	[x]Battlecry: Fill your hand with copies of cards from your opponent's deck. They cost (3) less.
EDR_654	Overgrown Horror	[x]Taunt Battlecry: Reduce the Cost of minions in your hand with Dark Gifts by (2).
EDR_780	Bloodthistle Illusionist	[x]Battlecry: Summon a copy of this. One secretly dies when it takes damage.
EDR_800	Flutterwing Guardian	Taunt, Divine Shield Battlecry: Imbue your Hero_Power.
EDR_810	Hideous Husk	[x]Your Leeches steal 1 more Health from their victims. Battlecry: Summon two 0/2 Leeches.
EDR_812	Grotesque Runeblade	[x]Battlecry: If the last card you played had an Unholy rune, gain +1 Attack. Repeat for ____Blood and +1 Durability.
EDR_819	Ursoc	Battlecry: Attack ALL other minions. Deathrattle: Resurrect any this killed.
EDR_841	Dreadsoul Corrupter	[x]Battlecry and Deathrattle: Summon a random Dormant Dreadseed.
EDR_847	Dreambound Disciple	Battlecry and Deathrattle: Your next Hero Power costs (0).
EDR_852	Bitterbloom Knight	Battlecry: Imbue your Hero Power.
EDR_856	Nightmare Lord Xavius	Battlecry: Discover a minion from your deck. Give it a Dark Gift.
EDR_860	Resplendent Dreamweaver	[x]Lifesteal Battlecry: If you've Imbued your Hero Power twice, deal 4 damage to a minion.
EDR_871	Spirit Gatherer	Battlecry: Get a Wisp. Imbue your Hero Power.
EDR_873	Envoy of the Glade	[x]Battlecry: Transform all Neutral cards in your deck _into random Druid ones.
EDR_888	Malorne the Waywatcher	[x]Battlecry: Discover a Legendary Wild God. If you've Imbued your Hero Power 4 times, set its Cost to (1).
EDR_895	Aviana, Elune's Chosen	[x]Battlecry: Start a three turn lunar cycle. When the Full_Moon rises, your cards cost (1) this game.
EDR_950	Sharp-Eyed Lookout	Battlecry: Draw a card. It costs (1) less this turn. (I know its name!)@Battlecry: Draw a card. It costs (1) less this turn. (It's {5}!)
EDR_970	Kaldorei Priestess	[x]Battlecry: Give all enemy minions -2 Attack until your next turn. Imbue your Hero Power.
EDR_999	Gnawing Greenfin	Battlecry: Get a random Murloc.
END_001	Jagged Edge of Time	Battlecry: Imbue your Hero Power.
END_004	Remnant of Rage	[x]Costs (1) less for each minion that died this turn. _Battlecry: Draw 2 cards.
END_006	Chronikar	[x]Battlecry: Give your hero +3_Attack this turn, next turn, and the turn after.
END_012	Hand of Infinity	[x]Can't attack heroes. Battlecry: Set this weapon's Attack to INFINITY this turn!
END_013	Brutish Endmaw	Battlecry: Discover a 1-Cost minion with a Dark_Gift.
END_017t	Tick and Tock	Battlecry: Draw until your hand is full. Deathrattle: Empty the opponent's hand.
END_018	Acolyte of Infinity	[x]Battlecry: Set the Cost of a random card in your hand to INFINITY! Deathrattle: Change it back.
END_019	Endtime Survivor	Taunt. Battlecry: If your hero took damage this turn, gain +3/+3.
END_021	Dimensional Weaponsmith	Battlecry: Give all minions and weapons in your hand +2 Attack.
END_034	Crumblecrusher	[x]Battlecry: Destroy a random enemy minion, location, and weapon.
END_035	Omen of the End	[x]Battlecry: If your deck is empty, destroy the top 5 _cards of the enemy deck.
END_036	Morchie	[x]Your Rewinds keep BOTH potential outcomes. Battlecry: Discover a Rewind card from any class.
END_037	Endtime Murozond	Battlecry: Fill your board with random Dragons. Fully heal your hero. Skip your next turn.
ETC_026	Guitar Soloist	[x]Battlecry: If you control no other minions, draw a spell, a minion, and a weapon.
ETC_028	Harmonica Soloist	Battlecry: If you control no other minions, Discover and cast a Secret.
ETC_029	Keyboard Soloist	[x]Battlecry: If you control no other minions, summon two 1/2 Amps with Spell Damage +1.
ETC_034	Opera Soloist	Battlecry: If you control no other minions, deal 3 damage to all enemy minions.
ETC_035	Drum Soloist	[x]Taunt Battlecry: If you control no other minions, gain +2/+2 and Rush.
ETC_068	Baritone Imp	[x]Battlecry: Take Fatigue damage. Gain that much Attack and Health.@[x]Battlecry: Take {0} Fatigue damage. Gain that much Attack and Health.
ETC_070	Crazed Conductor	[x]Battlecry: Take Fatigue damage. Summon that many 3/3 Imps.@[x]Battlecry: Take {0} Fatigue damage. Summon that many 3/3 Imps.
ETC_078	MC Blingtron	[x]Battlecry: Both players equip 1/2 Microphones. Your opponent's increases all damage they take by 1!
ETC_080	E.T.C., Band Manager	[x]While building your deck, assemble a band of 3 cards. _Battlecry: Discover one!
ETC_087	Audio Amplifier	Battlecry: Set your maximum Mana and hand size to 11.
ETC_088	Ghost Writer	Battlecry: Discover a spell. Finale: Discover another.
ETC_098	Worgen Roadie	[x]Battlecry: Summon a 0/3 Instrument Case for your opponent. (Break it for a random weapon!)
ETC_101	Cowbell Soloist	[x]Battlecry: If you control no other minions, deal 2 damage.
ETC_102	Air Guitarist	Battlecry: Give your weapon +1 Durability.
ETC_103	Hipster	[x]Battlecry: Discover a spell from your opponent's class that isn't in their deck.
ETC_106	Frequency Oscillator	Battlecry: The next Mech you play costs (1) less.
ETC_107	Rowdy Fan	Battlecry: Choose a minion. It has +4 Attack while this is alive.
ETC_108	Obsessive Fan	Battlecry: Choose a minion. It has Stealth while this is alive.
ETC_109	Annoying Fan	Battlecry: Choose a minion. It can't attack while this is alive.
ETC_110	Cover Artist	Battlecry: Transform into a 3/3 copy of a minion.
ETC_113	Photographer Fizzle	[x]Battlecry: Take a Snapshot of your current hand and shuffle it into your deck. (Once per game)
ETC_121	Rock Master Voone	Battlecry: Copy each minion of a different type in your hand.
ETC_209	Hardcore Cultist	Battlecry: Deal 2 damage. Finale: To all enemies.
ETC_326	Paparazzi	Battlecry: Discover a Legendary minion.
ETC_332	Dreamboat	Battlecry: Restore #3 Health to all other friendly minions. Gain +1/+1 for each one Overhealed.
ETC_334	Heartbreaker Hedanis	[x]Battlecry: Deal 4 damage to this minion. Overheal: Deal 5 damage to a random enemy.
ETC_336	Freebird	[x]Charge Battlecry: Gain +1/+1 for each other Freebird you've played this game.@ (@)
ETC_350	Party Animal	[x]Battlecry: Give +1/+1 to each minion of a different type in your hand.
ETC_358	Saxophone Soloist	[x]Battlecry: If you control no other minions, add a Saxophone Soloist to your hand.
ETC_359	Flowrider	[x]Battlecry: If you're Overloaded, Discover a spell from your deck.
ETC_371	Inzah	Battlecry: For the rest of the game, your Overload cards cost (1) less.
ETC_376	Summer Flowerchild	[x]__Battlecry: Draw two cards__ that cost (6) or more. Finale: They cost (1) less.
ETC_382	Free Spirit	[x]Battlecry and Deathrattle: Your Hero Power gains 1 more Armor this game.
ETC_385	Groovy Cat	Battlecry and Deathrattle: Your Hero Power gives your hero 1 more Attack this game.
ETC_386	Zok Fogsnout	[x]Battlecry: Summon two {0}/{1} Quilboar with Taunt. _(Improved by your hero Attack_ __& Armor gained this turn!)
ETC_395	DJ Manastorm	Battlecry: Set the Cost of spells in your hand to (0). After you cast one, the others cost (1) more.
ETC_408	Power Slider	[x]Rush. Battlecry: Gain +1/+1 for each minion of a different type you've played this game.@ (@)
ETC_409	The One-Amalgam Band	[x]Battlecry: Gain a random Bonus Effect for each minion of a different type you've played this game.@ (@)
ETC_410	Snakebite	Rush Battlecry: Gain +1/+1 for each minion that died this turn.@ (@)
ETC_418	Instrument Tech	Battlecry: Draw a weapon.
ETC_420	Outfit Tailor	[x]Battlecry: Give a friendly minion Attack and Health equal to this minion's.
ETC_425	Pozzik, Audio Engineer	Battlecry: Add two 3/3 Bots to your opponent's hand. Deathrattle: Summon them for yourself.
ETC_428	Boneshredder	[x]Battlecry: Spend 5 Corpses to trigger and gain the Deathrattle of a random friendly minion that died this game.
ETC_541	Tony, King of Piracy	Battlecry: Replace your deck with a copy of your opponent's. Finale: Draw a card.
ETC_742	Rolling Stone	[x]Rush Battlecry: If the last card you played costs (1), gain +1/+1.
ETC_836	Mister Mukla	[x]Rush. Battlecry: Fill your opponent's hand with Bananas.
EX1_002	The Black Knight	Tradeable Battlecry: Destroy an enemy minion with Taunt.
EX1_005	Big Game Hunter	[x]Tradeable Battlecry: Destroy a minion with 7 or more Attack.
EX1_014	King Mukla	Battlecry: Give your opponent 2 Bananas.
EX1_025	Dragonling Mechanic	Battlecry: Summon a 2/1 Mechanical Dragonling.
EX1_043	Twilight Drake	Battlecry: Gain +1 Health for each card in your hand.
EX1_046	Dark Iron Dwarf	Battlecry: Give a minion +2_Attack this turn.
EX1_048	Spellbreaker	Battlecry: Silence a_minion.
EX1_049	Youthful Brewmaster	Battlecry: Return a friendly minion from the battlefield to your hand.
EX1_050	Coldlight Oracle	Battlecry: Each player draws 2 cards.
EX1_057	Ancient Brewmaster	Battlecry: Return a friendly minion from the battlefield to your hand.
EX1_058	Sunfury Protector	Battlecry: Give adjacent minions Taunt.
EX1_059	Crazed Alchemist	Battlecry: Swap the Attack and Health of a minion.
EX1_066	Acidic Swamp Ooze	Battlecry: Destroy your opponent's weapon.
EX1_082	Mad Bomber	Battlecry: Deal 3 damage randomly split between all other characters.
EX1_083	Tinkmaster Overspark	[x]Battlecry: Transform another random minion into a 5/5 Devilsaur or a 1/1 Squirrel.
EX1_085	Mind Control Tech	[x]Battlecry: If your opponent has 4 or more minions, take control of one.
EX1_089	Arcane Golem	Charge. Battlecry: Give your opponent a Mana Crystal.
EX1_091	Cabal Shadow Priest	Battlecry: Take control of an enemy minion that has 2 or less Attack.
EX1_093	Defender of Argus	Battlecry: Give adjacent minions +1/+1 and Taunt.
EX1_103	Coldlight Seer	Battlecry: Give your other Murlocs +2 Health.
EX1_112	Gelbin Mekkatorque	Battlecry: Summon an AWESOME invention.
EX1_116	Leeroy Jenkins	Charge. Battlecry: Summon two 1/1 Whelps for your opponent.
EX1_133	Perdition's Blade	Battlecry: Deal 1 damage. Combo: Deal 2 instead.
EX1_186	SI:7 Infiltrator	Battlecry: Destroy a random enemy Secret.
EX1_188	Barrens Stablehand	Battlecry: Summon a random Beast.
EX1_189	Brightwing	Battlecry: Add a random Legendary minion to your_hand.
EX1_190	High Inquisitor Whitemane	Battlecry: Summon all friendly minions that died_this turn.
EX1_191	Plaguebringer	Battlecry: Give a friendly minion Poisonous.
EX1_193	Psychic Conjurer	Battlecry: Copy a card in your opponent’s deck and add it to your hand.
EX1_195	Kul Tiran Chaplain	Battlecry: Give a friendly minion +2 Health.
EX1_196	Scarlet Subjugator	Battlecry: Give an enemy minion -2 Attack until your_next turn.
EX1_198	Natalie Seline	Battlecry: Destroy a minion and gain its Health.
EX1_283	Frost Elemental	Battlecry: Freeze a_character.
EX1_284	Azure Drake	Spell Damage +1 Battlecry: Draw a card.
EX1_301	Felguard	Taunt Battlecry: Destroy one of your Mana Crystals.
EX1_304	Void Terror	[x]Battlecry: Destroy both adjacent minions and gain their Attack and Health.
EX1_306	Felstalker	Battlecry: Discard a random card.
EX1_310	Doomguard	Charge. Battlecry: Discard two random cards.
EX1_313	Pit Lord	Battlecry: Deal 5 damage to your hero.
EX1_319	Flame Imp	Battlecry: Deal 3 damage to your hero.
EX1_323	Lord Jaraxxus	Battlecry: Equip a 3/8 Blood Fury.
EX1_362	Argent Protector	Battlecry: Give a friendly minion Divine Shield.
EX1_382	Aldor Peacekeeper	Battlecry: Change an_enemy minion's Attack to 1.
EX1_398	Arathi Weaponsmith	Battlecry: Equip a 2/2_weapon.
EX1_506	Murloc Tidehunter	Battlecry: Summon a 1/1_Murloc Scout.
EX1_558	Harrison Jones	Battlecry: Destroy your opponent's weapon and draw cards equal to its Durability.
EX1_561	Alexstrasza	Battlecry: Set a hero's remaining Health to 15.
EX1_562	Onyxia	Battlecry: Summon 1/1 Whelps until your side of the battlefield is full.
EX1_564	Faceless Manipulator	Battlecry: Choose a minion and become a copy of it.
EX1_584	Ancient Mage	Battlecry: Give adjacent_minions Spell_Damage +1.
EX1_587	Windspeaker	Battlecry: Give a friendly minion Windfury.
EX1_590	Blood Knight	Battlecry: All minions lose Divine Shield. Gain +3/+3 for each Shield lost.
EX1_603	Cruel Taskmaster	Battlecry: Deal 1 damage to a minion and give it +2_Attack.
EX1_612	Kirin Tor Mage	[x]Battlecry: The next Secret you play this turn costs (0).
EX1_623	Temple Enforcer	Battlecry: Give a friendly minion +3 Health.
FIR_777	Spirit of the Kaldorei	Taunt, Lifesteal Battlecry: If you used your Hero Power this turn, gain +3/+3.
FIR_901	Frostburn Matriarch	Battlecry: If you're holding a minion with a Dark Gift, summon two 4/4 Dragons with Taunt.
FIR_908	Charred Chameleon	Battlecry: If you've used your Hero Power this turn, give a friendly minion +1/+2 and Rush.
FIR_920	Smoke Bomb	Discover a Combo, Battlecry, or Stealth minion with a Dark Gift.
FIR_921	Petal Picker	[x]Battlecry: If you've Imbued your Hero Power twice, draw 2 cards.
FIR_922	Cindersword	Battlecry: If you're holding a minion with a Dark Gift, gain +3 Attack.
FIR_924	Shadowflame Stalker	Battlecry: Discover a Demon with a Dark Gift. Get a copy of it.
FIR_927	Emberscarred Whelp	[x]Battlecry: Discover a 5-Cost card. Gain 1 Mana Crystal next turn only.
FIR_928	Keeper of Flame	[x]Battlecry: Give all minions in your hand +3/+3. They are destroyed in 3 turns.
FIR_940	Zaqali Flamemancer	Battlecry: If every card in your hand is of a different Cost, reduce their Costs by (2).
FIR_951	Volcoross	[x]Rush, Taunt Battlecry: Choose to spend 10, 20, or 30 Corpses to gain that many stats.
FIR_952	Scorchreaver	[x]Battlecry: Discover a Fel spell. Reduce the Cost of Fel spells in your hand by (1).
FIR_956	Dragon Turtle	[x]Battlecry: If you're holding a minion with a Dark Gift, give your hero +3 Attack this turn and 6 Armor.
FIR_959	Fyrakk the Blazing	[x]Immune to Fire spells. Battlecry: Cast 15 Mana worth of Fire spells at random enemies.
FIR_960	Tending Dragonkin	Battlecry: Copy the lowest Cost Beast in your hand.
FIR_961	Ashleaf Pixie	Battlecry: If you're holding a spell that costs (5) or more, gain Divine Shield and Lifesteal.
FP1_003	Echoing Ooze	Battlecry: Summon an exact copy of this minion at the end of the turn.
FP1_016	Wailing Soul	Battlecry: Silence your other minions.
FP1_017	Nerub'ar Weblord	Minions with Battlecry cost (2) more.
FP1_030	Loatheb	Battlecry: Enemy spells cost (5) more next turn.
GDB_117	Dirdra, Rebel Captain	Rush. Battlecry: Shuffle all 8 Crewmates into your deck. Deathrattle: Draw two Crewmates.
GDB_118	Xor'toth, Breaker of Stars	[x]Battlecry: Add two Stars ___to both sides of your hand.___ When they collide, deal 5 damage to all enemies.
GDB_120	The Exodar	Battlecry: If you're building a Starship, launch it and choose a Protocol!
GDB_121	Foreboding Flame	[x]Battlecry: Demons that didn't start in your deck cost (1) less this game.
GDB_128	Archimonde	[x]Battlecry: Summon every Demon you played this game that didn't start in your deck.
GDB_129	Doommaiden	[x]Battlecry: Draw a card from your opponent's deck. If you don't play it this turn, put it back.
GDB_130	Crystal Welder	[x]Taunt Battlecry: If you're building a Starship, gain +2/+2.
GDB_132	Relentless Wrathguard	Battlecry: Deal 2 damage to an enemy minion. If it dies, Discover a Demon.
GDB_135	Ingenious Artificer	[x]__Battlecry: The next Draenei__ you play refreshes Mana Crystals equal to its Attack.
GDB_136	Exarch Hataaru	Battlecry: Discover a spell and reduce its Cost by (1). If you play it this turn, repeat this effect.
GDB_142	The Ceaseless Expanse	[x]Costs (1) less for each time a card was drawn, played, or destroyed. Battlecry: Destroy all other minions.
GDB_145	Kil'jaeden	[x]Battlecry: Replace your deck with an endless portal of Demons. Each turn, they gain an additional +2/+2.
GDB_226	Hostile Invader	Battlecry, Spellburst, and Deathrattle: Deal 2 damage to all other minions.
GDB_229	Expedition Sergeant	[x]_Battlecry: The next Draenei_ you play immediately attacks a random enemy.
GDB_232	Unyielding Vindicator	Battlecry: The next Draenei you play gives your hero its Attack for that turn.
GDB_234	Spore Empress Moldara	Start of Game: Shuffle 7 Replicating Spores into your deck. Battlecry: Cast one.
GDB_302	Blazing Accretion	Battlecry: Destroy the top 3 cards of your deck. Any Fire spells or Elementals are drawn instead.
GDB_303	Blasteroid	Battlecry: Shuffle 5 random Fire spells into your deck. They cost (2) less.
GDB_304	Saruun	[x]Battlecry: Give all Elementals in your deck Fire Spell Damage +1.
GDB_340	Star Vulpera	[x]Tradeable _Battlecry: Destroy an enemy_ Starship or Starship Piece.
GDB_434	Bolide Behemoth	[x]Battlecry: Your Asteroids deal 1 more damage this game. Spellburst: Shuffle 3 of them into your deck.
GDB_435	Moonstone Mauler	[x]Battlecry: Shuffle 3 Asteroids into your deck that deal @ damage to a random enemy when drawn.
GDB_440	Mystified To'cha	[x]Battlecry: If the combined Health of both heroes is exactly 42, set your hero's Health to 42.
GDB_443	Cosmonaut	Battlecry: Discover a spell from your deck. Reduce its Cost by (5).
GDB_444	Planetary Navigator	Battlecry: The next Draenei you play costs (2) less, but has Overload: (2).
GDB_448	Murmur	Your Battlecry minions costs (1), but immediately die after being played.
GDB_450	Ace Wayfinder	[x]Battlecry: Gain two random Bonus Effects. The next Draenei you play gains them as well.
GDB_455	Askara	Battlecry: The next two Draenei you play summon a copy of themselves.
GDB_461	Astral Vigilant	Battlecry: Get a copy of the last Draenei you played.
GDB_470	Exarch Maladaar	Battlecry: The next card you play this turn costs Corpses instead of Mana.
GDB_471t	Engine Crewmate	[x]Divine Shield Battlecry: Summon every adjoining Crewmate.
GDB_471t2	Tactical Crewmate	[x]Taunt Battlecry: Summon every adjoining Crewmate.
GDB_471t3	Gunner Crewmate	[x]Rush Battlecry: Summon every adjoining Crewmate.
GDB_471t4	Helm Crewmate	[x]Windfury Battlecry: Summon every adjoining Crewmate.
GDB_471t5	Recon Crewmate	[x]Elusive Battlecry: Summon every adjoining Crewmate.
GDB_471t6	Research Crewmate	[x]Poisonous Battlecry: Summon every adjoining Crewmate.
GDB_471t7	Medical Crewmate	[x]Lifesteal Battlecry: Summon every adjoining Crewmate.
GDB_471t8	Admin Crewmate	[x]Reborn Battlecry: Summon every adjoining Crewmate.
GDB_477	The 8 Hands From Beyond	Battlecry: Destroy both players' decks EXCEPT the 8 highest Cost cards in each.
GDB_720	Starlight Wanderer	Battlecry: The next Draenei you play gains +2/+1.
GDB_721	Interstellar Wayfarer	Divine Shield. Battlecry and Deathrattle: Reduce the Cost of your Librams by (1) this game.
GDB_722	Crimson Commander	Battlecry and Deathrattle: Give all Draenei in your hand +2/+1.
GDB_723	Hologram Operator	Battlecry: Get 3 random Temporary Draenei.
GDB_726	Interstellar Starslicer	Battlecry and Deathrattle: Reduce the Cost of your Librams by (1) this game.
GDB_728	Interstellar Researcher	Battlecry and Spellburst: Draw a Libram.
GDB_846	Exarch Naielle	Battlecry: Replace your Hero Power with Tracking (Discover a card from your deck).
GDB_856	Exarch Othaar	[x]Battlecry: If you're building a Starship, get 3 different Arcane spells and reduce their Costs by (2).
GDB_861	Stranded Spaceman	[x]Battlecry: The next Draenei you play gains +2_Health and Rush.
GDB_863	Lunar Trailblazer	[x]Battlecry: Set the Cost of a random spell in your hand to this minion's Cost.
GDB_874	Astrobiologist	Battlecry: At the start of your next turn, Discover a spell.
GDB_875	Spacerock Collector	Battlecry: Your next Combo card costs (1) less.
GDB_876	Scrounging Shipwright	Battlecry: Get a random Starship Piece from another class.
GDB_878	Braingill	"Battlecry: Give your other Murlocs ""Deathrattle: Draw a card."""
GDB_901	Ultraviolet Breaker	[x]Battlecry: Deal 3 damage to an enemy minion. Shuffle 3 Asteroids into your deck.
GIFT_01	Harth Stonebrew	[x]Battlecry: Replace your hand with an iconic one from Hearthstone's past. (Once per game)
GIL_116	Arcane Keysmith	Battlecry: Discover a Secret. Put it into the battlefield.
GIL_124	Mossy Horror	Battlecry: Destroy all other_minions with 2_or_less_Attack.
GIL_125	Mad Hatter	[x]Battlecry: Randomly toss 3 hats to other minions. Each hat gives +1/+1.
GIL_128	Emeriss	Battlecry: Double the Attack and Health of all minions in_your hand.
GIL_130	Gloom Stag	Taunt Battlecry: If your deck has only odd-Cost cards, gain +2/+2.
GIL_198	Azalina Soulthief	Battlecry: Replace your hand with a copy of your_opponent's.
GIL_212	Ravencaller	[x]Battlecry: Add two random 1-Cost minions to your hand.
GIL_213	Tanglefur Mystic	Battlecry: Add a random 2-Cost minion to each player's hand.
GIL_507	Bewitched Guardian	[x]Taunt Battlecry: Gain +1 Health _for each card in your hand._
GIL_508	Duskbat	Battlecry: If your hero took damage this turn, summon two 1/1 Bats.
GIL_515	Ratcatcher	Rush Battlecry: Destroy a friendly minion and gain its Attack and Health.
GIL_526	Wyrmguard	Battlecry: If you're holding a Dragon, gain +1 Attack and Taunt.
GIL_530	Murkspark Eel	Battlecry: If your deck has only even-Cost cards, deal_2 damage.
GIL_531	Witch's Apprentice	Taunt Battlecry: Add a random Shaman spell to your hand.
GIL_549	Toki, Time-Tinker	[x]Battlecry: Add a random Legendary minion from the past to your hand.
GIL_561	Blackwald Pixie	Battlecry: Refresh your Hero Power.
GIL_561_Puzzle	Blackwald Pixie	Battlecry: Refresh your Hero Power.
GIL_565	Deathweb Spider	Battlecry: If your hero took damage this turn, gain Lifesteal.
GIL_578	Countess Ashmore	[x]Battlecry: Draw a Rush, Lifesteal, and Deathrattle card from your deck.
GIL_580	Town Crier	Battlecry: Draw a Rush minion from your deck.
GIL_581	Sandbinder	Battlecry: Draw an Elemental from your deck.
GIL_583	Totem Cruncher	Taunt Battlecry: Destroy your Totems. Gain +2/+2 for each destroyed.
GIL_584	Witchwood Piper	[x]Battlecry: Draw the lowest Cost minion from your deck.
GIL_598	Tess Greymane	[x]Battlecry: Replay every card from another class you've played this game (targets chosen randomly).
GIL_601	Scaleworm	Battlecry: If you're holding a Dragon, gain +1 Attack and Rush.
GIL_614	Voodoo Doll	Battlecry: Choose a minion. Deathrattle: Destroy the chosen minion.
GIL_622	Lifedrinker	[x]Battlecry: Deal 3 damage to the enemy hero. Restore #3 Health to your hero.
GIL_623	Witchwood Grizzly	[x]Taunt Battlecry: Lose 1 Health for each card in your opponent's hand.
GIL_624	Night Prowler	Battlecry: If this is the only minion on the battlefield, gain +3/+3.
GIL_634	Bellringer Sentry	Battlecry and Deathrattle: Put a Secret from your deck into the battlefield.
GIL_635	Cathedral Gargoyle	Battlecry: If you're holding a Dragon, gain Taunt and Divine Shield.
GIL_645	Bonfire Elemental	Battlecry: If you played an_Elemental last turn, draw a card.
GIL_648	Chief Inspector	Battlecry: Destroy all enemy Secrets.
GIL_658	Splintergraft	[x]Battlecry: Choose a friendly minion. Add a 10/10 copy to your hand that costs (10).
GIL_677	Face Collector	Echo Battlecry: Add a random Legendary minion to your hand.
GIL_682	Muck Hunter	Rush Battlecry: Summon two 2/1_Mucklings for your opponent.
GIL_683	Marsh Drake	Battlecry: Summon a 2/1 Poisonous Drakeslayer for your opponent.
GIL_694	Prince Liam	[x]Battlecry: Transform all 1-Cost cards in your deck _into Legendary minions.
GIL_803	Militia Commander	Rush Battlecry: Gain +3_Attack this turn.
GIL_815	Baleful Banker	Battlecry: Choose a friendly minion. Shuffle a copy into your deck.
GIL_820	Shudderwock	[x]Battlecry: Repeat all other Battlecries from cards you played this game (targets chosen randomly).
GIL_825	Lord Godfrey	[x]Battlecry: Deal 2 damage to all other minions. If any die, repeat this Battlecry.
GIL_827	Blink Fox	Battlecry: Add a random card to your hand (from your opponent's class).
GIL_835	Squashling	[x]Echo Battlecry: Restore #2 Health.
GIL_836	Blazing Invocation	[x]Discover a Battlecry minion. It costs (1) less.
GIL_837	Glitter Moth	Battlecry: If your deck has only odd-Cost cards, double the Health of your other minions.
GIL_838	Black Cat	Spell Damage +1 Battlecry: If your deck has only odd-Cost cards, draw a card.
GIL_840	Lady in White	[x]Battlecry: Cast 'Inner Fire' _on every minion in your deck_ (set Attack equal to Health).
GIL_905	Carrion Drake	Battlecry: If a minion died this turn, gain Poisonous.
GVG_004	Goblin Blastmage	[x]Battlecry: If you control a Mech, deal 6 damage randomly split among all enemies.
GVG_011	Shrinkmeister	Battlecry: Give a minion -3_Attack this turn.
GVG_014	Vol'jin	Battlecry: Swap Health with another minion.
GVG_023	Goblin Auto-Barber	Battlecry: Give your weapon +1 Attack.
GVG_042	Neptulon	Battlecry: Add 4 random Murlocs to your hand. Overload: (3)
GVG_043	Glaivezooka	Battlecry: Give a random friendly minion +1 Attack.
GVG_048	Metaltooth Leaper	Battlecry: Give your other Mechs +2 Attack.
GVG_053	Shieldmaiden	Battlecry: Gain 5 Armor.
GVG_055	Screwjank Clunker	Battlecry: Give a friendly Mech +2/+2.
GVG_056	Iron Juggernaut	[x]Battlecry and Deathrattle: Shuffle a Mine into your opponent's deck. When drawn, explode for 10 damage!
GVG_059	Coghammer	Battlecry: Give a random friendly minion Divine Shield and Taunt.
GVG_060	Quartermaster	Battlecry: Give your Silver Hand Recruits +2/+2.
GVG_074	Kezan Mystic	Battlecry: Take control of a random enemy Secret.
GVG_080	Druid of the Fang	Battlecry: If you have a Beast, transform this minion into a 7/7.
GVG_083	Upgraded Repair Bot	Battlecry: Give a friendly Mech +4 Health.
GVG_090	Madder Bomber	Battlecry: Deal 6 damage randomly split between all other characters.
GVG_092	Gnomish Experimenter	Battlecry: Draw a card. If it's a minion, transform it into a Chicken.
GVG_097	Lil' Exorcist	Taunt Battlecry: Gain +1/+1 for each enemy Deathrattle minion.
GVG_099	Bomb Lobber	Battlecry: Deal 4 damage to a random enemy minion.
GVG_101	Scarlet Purifier	Battlecry: Deal 2 damage to all minions with Deathrattle.
GVG_102	Tinkertown Technician	Battlecry: If you have a Mech, gain +1/+1 and add a Spare Part to your hand.
GVG_107	Enhance-o Mechano	Battlecry: Give your other minions Windfury, Taunt, or Divine Shield (at random).
GVG_108	Recombobulator	Battlecry: Transform a friendly minion into a random minion with the same Cost.
GVG_110	Dr. Boom	Battlecry: Summon two 1/1 Boom Bots. WARNING: Bots may explode.
GVG_115	Toshley	Battlecry and Deathrattle: Add a Spare Part card to your hand.
GVG_119	Blingtron 3000	Battlecry: Equip a random weapon for each player.
GVG_120	Hemet Nesingwary	Battlecry: Destroy a Beast.
GVG_123	Soot Spewer	Spell Damage +1 Battlecry: If you control another Mech, get a random Fire spell.
ICC_018	Phantom Freebooter	Battlecry: Gain stats equal to your weapon's.
ICC_025	Rattling Rascal	[x]Battlecry: Summon a 5/5 Skeleton. Deathrattle: Summon one for your opponent.
ICC_026	Grim Necromancer	Battlecry: Summon two 1/1 Skeletons.
ICC_028	Sunborne Val'kyr	Battlecry: Give adjacent minions +2 Health.
ICC_058	Brrrloc	Battlecry: Freeze an_enemy.
ICC_064	Blood Razor	Battlecry and Deathrattle: Deal 1 damage to all_minions.
ICC_069	Ghastly Conjurer	Battlecry: Add a 'Mirror Image' spell to your hand.
ICC_092	Acherus Veteran	Battlecry: Give a friendly minion +1 Attack.
ICC_093	Tuskarr Fisherman	Battlecry: Give a friendly minion Spell Damage +1.
ICC_096	Furnacefire Colossus	Battlecry: Discard all weapons from your hand and gain their stats.
ICC_098	Tomb Lurker	[x]Battlecry: Add a random Deathrattle minion that died this game to your hand.
ICC_215	Archbishop Benedictus	Battlecry: Shuffle a copy of_your opponent's deck into your deck.
ICC_252	Coldwraith	Battlecry: If an enemy is Frozen, draw a card.
ICC_257	Corpse Raiser	"[x]Battlecry: Give a friendly minion ""Deathrattle: Resummon this minion."""
ICC_407	Gnomeferatu	Battlecry: Remove the top card of your opponent's deck.
ICC_415	Stitched Tracker	Battlecry: Discover a copy of a minion in your deck.
ICC_450	Death Revenant	Battlecry: Gain +1/+1 for each damaged minion.
ICC_466	Saronite Chain Gang	[x]Taunt Battlecry: Summon a Saronite Chain Gang.
ICC_467	Deathspeaker	Battlecry: Give a friendly minion Immune this turn.
ICC_481	Thrall, Deathseer	Battlecry: Transform your minions into random ones that cost (2) more.
ICC_701	Skulking Geist	Battlecry: Destroy all 1-Cost spells in both hands and decks.
ICC_705	Bonemare	Battlecry: Give a friendly minion +4/+4 and Taunt.
ICC_801	Howling Commander	Battlecry: Draw a Divine_Shield minion from your deck.
ICC_807	Strongshell Scavenger	Battlecry: Give your Taunt minions +2/+2.
ICC_810	Deathaxe Punisher	Battlecry: Give a random Lifesteal minion in your hand +2/+2.
ICC_811	Lilian Voss	Battlecry: Replace spells in your hand with random spells (from your opponent's class).
ICC_827	Valeera the Hollow	Battlecry: Gain Stealth until your next turn.
ICC_829	Uther of the Ebon Blade	Battlecry: Equip a 5/3 Lifesteal weapon.
ICC_830	Shadowreaper Anduin	Battlecry: Destroy all minions with 5 or more_Attack.
ICC_831	Bloodreaver Gul'dan	Battlecry: Summon all friendly Demons that_died_this_game.
ICC_833	Frost Lich Jaina	[x]Battlecry: Summon a 3/6 Water Elemental. Your Elementals have Lifesteal this game.
ICC_834	Scourgelord Garrosh	Battlecry: Equip a 4/3_Shadowmourne that also damages adjacent minions.
ICC_838	Sindragosa	Battlecry: Summon two 0/1 Frozen Champions.
ICC_850	Shadowblade	Battlecry: Your hero is Immune this turn.
ICC_851	Prince Keleseth	Battlecry: If your deck has_no 2-Cost cards, give_all minions in your deck +1/+1.
ICC_852	Prince Taldaram	Battlecry: If your deck has_no 3-Cost cards, transform into a 3/3 copy of a minion.
ICC_853	Prince Valanar	Battlecry: If your deck has no 4-Cost cards, gain Lifesteal and Taunt.
ICC_855	Hyldnir Frostrider	Battlecry: Freeze your other minions.
ICC_903	Sanguine Reveler	Battlecry: Destroy a friendly minion and gain_+2/+2.
ICC_904	Wicked Skeleton	Battlecry: Gain +1/+1 for_each minion that died_this turn.
ICC_912	Corpsetaker	[x]Battlecry: Gain Taunt if your deck has a Taunt minion. Repeat for Divine Shield, Lifesteal, Windfury.
JAM_000t	Chilling Dispense-o-bot	[x]Battlecry: Get two random Frost spells. (Changes each turn.)@[x]Battlecry: Get two random Frost spells.
JAM_000t2	Merch Dispense-o-bot	[x]Battlecry: Get two random Mechs. (Changes each turn.)@[x]Battlecry: Get two random Mechs.
JAM_000t3	Money Dispense-o-bot	[x]Battlecry: Get two Coins. (Changes each turn.)@[x]Battlecry: Get two Coins.
JAM_000t4	Mystery Dispense-o-bot	[x]Battlecry: Get two random Mage Secrets. (Changes each turn.)@[x]Battlecry: Get two random Mage Secrets.
JAM_005	Yelling Yodeler	[x]Battlecry: Trigger a friendly minion's Deathrattle twice.
JAM_012t	Loud Totemcarver	[x]Battlecry: Summon a 0/3 Stereo Totem. (Changes each turn.)@[x]Battlecry: Summon a 0/3 Stereo Totem.
JAM_012t2	Bluesy Totemcarver	[x]Battlecry: Summon a 0/3 Mana Tide Totem. (Changes each turn.)@[x]Battlecry: Summon a 0/3 Mana Tide Totem.
JAM_012t3	Blazing Totemcarver	[x]Battlecry: Summon a 0/3 Flametongue Totem. (Changes each turn.)@[x]Battlecry: Summon a 0/3 Flametongue Totem.
JAM_012t4	Karaoke Totemcarver	[x]Battlecry: Summon a 0/4 Jukebox Totem. (Changes each turn.)@[x]Battlecry: Summon a 0/4 Jukebox Totem.
JAM_014	Backstage Bouncer	Taunt Battlecry: Transform a friendly minion into a copy of this.
JAM_015t	Sharpened Tuning Fork	[x]Battlecry: Gain +2 Attack. (Changes each turn.)@[x]Battlecry: Gain +2 Attack.
JAM_015t2	Reinforced Tuning Fork	[x]Battlecry: Gain 5 Armor. (Changes each turn.)@[x]Battlecry: Gain 5 Armor.
JAM_015t4	Backup Tuning Fork	[x]Battlecry: Discover a Taunt minion. _____(Changes each turn.)___@[x]Battlecry: Discover a Taunt minion.
JAM_023	Plagiarizarrr	Battlecry: Get a copy of the top card of your opponent's deck.
JAM_029	Doomkin	Battlecry: Take one of your opponent's empty Mana_Crystals.
JAM_032	Fiddlefire Imp	Battlecry: Add a random Fire Mage and Fire Warlock spell to your hand.
JAM_034	Speaker Stomper	[x]Tradeable Battlecry: Enemy spells cost (2) more next turn.
JAM_035	Grimtotem Buzzkill	Battlecry: Discard a weapon to draw 3 cards.
JAM_036	Magatha, Bane of Music	Battlecry: Draw 5 cards. Give any spells drawn to your opponent.
KAR_009	Babbling Book	Battlecry: Add a random Mage spell to your hand.
KAR_010	Nightbane Templar	Battlecry: If you're holding a Dragon, summon two 1/1 Whelps.
KAR_030a	Pantry Spider	Battlecry: Summon a 1/3 Spider.
KAR_033	Book Wyrm	Battlecry: If you're holding a Dragon, destroy an enemy minion with 3 or less Attack.
KAR_037	Avian Watcher	Battlecry: If you control a Secret, gain +1/+1 and Taunt.
KAR_041	Moat Lurker	Battlecry: Destroy a minion. Deathrattle: Resummon it.
KAR_057	Ivory Knight	[x]Battlecry: Discover a spell. Restore Health to your hero equal to its Cost.
KAR_061	The Curator	Taunt Battlecry: Draw a Beast, Dragon, and Murloc.
KAR_062	Netherspite Historian	Battlecry: If you're holding a Dragon, Discover a Dragon.
KAR_065	Menagerie Warden	Battlecry: Choose a friendly Beast. Summon a_copy of it.
KAR_069	Swashburglar	Battlecry: Add a random card from another class to_your hand.
KAR_070	Ethereal Peddler	Battlecry: If you're holding any cards from another class, reduce their Cost by (2).
KAR_092	Medivh's Valet	Battlecry: If you control a Secret, deal 3 damage.
KAR_095	Zoobot	Battlecry: Give a random friendly Beast, Dragon, and Murloc +1/+1.
KAR_097	Medivh, the Guardian	Battlecry: Equip Atiesh, Greatstaff of the Guardian.
KAR_114	Barnes	Battlecry: Summon a 1/1 copy of a random minion in your deck.
KAR_204	Onyx Bishop	Battlecry: Summon a random friendly minion that died this game.
KAR_702	Menagerie Magician	Battlecry: Give a random friendly Beast, Dragon, and Murloc +2/+2.
KAR_710	Arcanosmith	Battlecry: Summon a 0/5 minion with Taunt.
LEG_CS3_015	Selective Breeder	Battlecry: Discover a copy of a Beast in your deck.
LEG_CS3_031	Alexstrasza the Life-Binder	[x]Battlecry: Choose a character. If it's friendly, restore #8 Health. If it's an ___enemy, deal 8 damage.
LEG_CS3_033	Ysera the Dreamer	Battlecry: Add one of each Dream card to your hand.
LEG_CS3_034	Malygos the Spellweaver	Battlecry: Draw spells until your hand is full.
LEG_CS3_036	Deathwing the Destroyer	Battlecry: Destroy all other minions. Discard a card for each destroyed.
LEG_RLK_071	Patchwerk	[x]Battlecry: Destroy a random minion in your opponent's _hand, deck, and battlefield._
LEG_RLK_077	Possessifier	Battlecry: Summon two 1/1 Fighters with Rush and Reborn.
LEG_RLK_079	Noxious Cadaver	[x]Battlecry: Deal 2 damage to an enemy and your hero.
LEG_RLK_085	Lord Marrowgar	[x]Battlecry: Raise ALL of your Corpses as 1/1 Risen Golems with Rush. For each that can't fit, give one +2/+2.
LEG_RLK_224	Overseer Frigidara	Battlecry: Draw 2 spells. If they're both Frost spells, deal 2 damage to all enemies.
LEG_RLK_752	Rime Sculptor	"[x]Battlecry: Summon two 2/1 Rime Elementals with ""Deathrattle: Deal 2 damage to a random enemy."""
LEG_RLK_753	Bonedigger Geist	Battlecry: Spend a Corpse to gain +1/+2.
LOE_003	Ethereal Conjurer	Battlecry: Discover a spell.
LOE_006	Museum Curator	Battlecry: Discover a Deathrattle card. It costs (1) less.
LOE_011	Reno Jackson	Battlecry: If your deck has no duplicates, fully heal your hero.
LOE_016	Rumbling Elemental	After you play a Battlecry minion, deal 2 damage to a random enemy.
LOE_017	Keeper of Uldaman	Battlecry: Set a minion's Attack and Health to 3.
LOE_019	Unearthed Raptor	Battlecry: Choose a friendly minion. Gain a copy of its_Deathrattle.
LOE_019t2	Golden Monkey	Taunt Battlecry: Replace your hand and deck with Legendary minions.
LOE_020	Desert Camel	Battlecry: Put a 1-Cost minion from each deck into the battlefield.
LOE_023	Dark Peddler	Battlecry: Discover a 1-Cost card.
LOE_029	Jeweled Scarab	Battlecry: Discover a 3-Cost card.
LOE_039	Gorillabot A-3	Battlecry: If you control another Mech, Discover a Mech.
LOE_047	Tomb Spider	Battlecry: Discover a Beast.
LOE_073	Fossilized Devilsaur	Battlecry: If you control another Beast, gain Taunt.
LOE_076	Sir Finley Mrrgglton	Battlecry: Discover a new basic Hero Power.
LOE_079	Elise Starseeker	Battlecry: Shuffle the 'Map to the Golden Monkey' into your deck.
LOE_092	Arch-Thief Rafaam	Battlecry: Discover a powerful Artifact.
LOE_110	Ancient Shade	Battlecry: Shuffle an 'Ancient Curse' into your deck that deals 7 damage to you when drawn.
LOE_116	Reliquary Seeker	Battlecry: If you have 6 other minions, gain +4/+4.
LOOT_013	Vulgar Homunculus	Taunt Battlecry: Deal 2 damage to your hero.
LOOT_014	Kobold Librarian	Battlecry: Draw a card. Deal 2 damage to your_hero.
LOOT_018	Hooked Reaver	Battlecry: If you have 15 or_less Health, gain +3/+3_and Taunt.
LOOT_026	Fal'dorei Strider	[x]Battlecry: Shuffle 3 Ambushes into your deck. When drawn, summon a 4/4 Spider.
LOOT_033	Cavern Shinyfinder	Battlecry: Draw a weapon from your deck.
LOOT_062	Kobold Hermit	Battlecry: Choose a basic Totem. Summon it.
LOOT_069	Sewer Crawler	Battlecry: Summon a 2/3_Giant Rat.
LOOT_085	Rhok'delar	Battlecry: If your deck has no minions, fill your_hand with Hunter_spells.
LOOT_111	Scorp-o-matic	Battlecry: Destroy a minion with 1 or less Attack.
LOOT_118	Ebon Dragonsmith	Battlecry: Reduce the Cost of a random weapon in your hand by (2).
LOOT_122	Corrosive Sludge	Battlecry: Destroy your opponent's weapon.
LOOT_124	Lone Champion	Battlecry: If you control no other minions, gain Taunt and Divine Shield.
LOOT_132	Dragonslayer	Battlecry: Deal 6 damage to a Dragon.
LOOT_150	Furbolg Mossbinder	Battlecry: Transform a friendly minion into a 6/6_Elemental.
LOOT_152	Boisterous Bard	Battlecry: Give your other minions +1 Health.
LOOT_154	Gravelsnout Knight	Battlecry: Summon a random 1-Cost minion for_your opponent.
LOOT_161	Carnivorous Cube	Battlecry: Destroy a friendly minion. Deathrattle: Summon 2 copies of it.
LOOT_161_Puzzle	Carnivorous Cube	Battlecry: Destroy a friendly minion. Deathrattle: Summon 2 copies of it.
LOOT_167	Fungalmancer	Battlecry: Give adjacent minions +2/+2.
LOOT_170	Raven Familiar	Battlecry: Reveal a spell in each deck. If yours costs more, draw it.
LOOT_216	Lynessa Sunsorrow	[x]Battlecry: Cast each spell you cast on your minions this game on this one.
LOOT_286t1	Champion's Maul	Battlecry: Summon two 1/1 Silver Hand Recruits.
LOOT_286t2	Sacred Maul	Battlecry: Give your minions Taunt.
LOOT_286t3	Blessed Maul	Battlecry: Give your minions +1 Attack.
LOOT_286t4	Purifier's Maul	Battlecry: Give your minions Divine Shield.
LOOT_347	Kobold Apprentice	Battlecry: Deal 3 damage randomly split among all_enemies.
LOOT_357	Marin the Fox	Battlecry: Summon a 0/8 Treasure Chest for your opponent. (Break it for awesome loot!)
LOOT_358	Grumble, Worldshaker	Battlecry: Return your other minions to your hand. They cost (1).
LOOT_367	Drywhisker Armorer	Battlecry: For each enemy minion, gain 2 Armor.
LOOT_375	Guild Recruiter	Battlecry: Recruit a minion that costs (4) or less.
LOOT_383	Hungry Ettin	Taunt Battlecry: Summon a random 2-Cost minion for your opponent.
LOOT_389	Rummaging Kobold	Battlecry: Return one of your destroyed weapons to your hand.
LOOT_410	Duskbreaker	Battlecry: If you're holding a Dragon, deal 3 damage to all other minions.
LOOT_415t6	Azari, the Devourer	Battlecry: Destroy your opponent's deck.
LOOT_511	Kathrena Winterwisp	Battlecry and Deathrattle: Recruit a Beast.
LOOT_516	Zola the Gorgon	Battlecry: Choose a friendly minion. Add a Golden copy of it to your hand.
LOOT_517	Murmuring Elemental	Battlecry: Your next Battlecry this turn triggers_twice.
LOOT_517e	Murmurs	Your next Battlecry this turn triggers twice.
LOOT_517e2	Murmuring	Your next Battlecry this turn triggers twice.
LOOT_518	Windshear Stormcaller	Battlecry: If you control all 4 basic Totems, summon Al'Akir_the_Windlord.
LOOT_520	Seeping Oozeling	Battlecry: Gain the Deathrattle of a random minion in your deck.
LOOT_521	Master Oakheart	Battlecry: Recruit a 1, 2, and 3-Attack minion.
LOOT_526	The Darkness	[x]Starts Dormant. Battlecry: Shuffle 3 Candles into the enemy deck. When drawn, this awakens.
LOOT_528	Twilight Acolyte	Battlecry: If you're holding a Dragon, swap this minion's Attack with another minion's.
LOOT_529	Void Ripper	Battlecry: Swap the Attack and Health of all_other_minions.
LOOT_535	Dragoncaller Alanna	Battlecry: Summon a 5/5 Dragon for each spell you cast this game that costs (5) or more.
LOOT_537	Leyline Manipulator	Battlecry: If you're holding any cards that didn't start in your deck, reduce their Cost by (2).
LOOT_538	Temporus	Battlecry: Your opponent takes two turns. Then you take two turns.
LOOT_539	Spiteful Summoner	[x]Battlecry: Reveal a spell from your deck. Summon a random minion with the same Cost.
LOOT_541	King Togwaggle	[x]Battlecry: Swap decks with your opponent. Give them a Ransom spell to swap back.
MAW_000	Imp-oster	Battlecry: Choose a friendly Imp. Transform into a copy of it.
MAW_004	Soul Seeker	Battlecry: Swap this with a random minion from your opponent's deck.
MAW_005	Framester	[x]Battlecry: Shuffle 3 'Framed' cards into the opponent's deck. When drawn, they Overload for (2).
MAW_008	Sightless Magistrate	Battlecry: Both players draw until they have 5 cards.
MAW_011	Defense Attorney Nathanos	[x]Battlecry: Discover a friendly Deathrattle minion that died this game. Gain its Deathrattle and then trigger it.
MAW_014	Prosecutor Mel'tranix	[x]Battlecry: Your opponent can only play their left- and right-most cards on their next turn.
MAW_017	Class Action Lawyer	[x]Battlecry: If your deck has no Neutral cards, set _a minion's stats to 1/1.
MAW_028	Mawsworn Bailiff	Taunt. Battlecry: If you have 4 or more Armor, gain +4/+4.
MAW_029	Weapons Expert	Battlecry: If you have a weapon equipped, give it +1/+1. Otherwise, draw a weapon.
MAW_030	Torghast Custodian	[x]Battlecry: For each enemy minion, randomly gain Rush, Divine Shield, or Windfury.
MAW_033	Sylvanas, the Accused	[x]Battlecry: Destroy an enemy minion. Infuse (@): Take control of it instead.
MAW_033t	Sylvanas, the Accused	Infused Battlecry: Take control of an enemy minion.
MAW_034	The Jailer	Battlecry: Destroy your deck. This minion gains Immune.
MEND_041	Wizened Wildspeaker	[x]Taunt Battlecry: If you didn't play a minion last turn, refresh 3 Mana Crystals.
MEND_046	Bashana Runetotem	[x]Battlecry: Get three 2/2 Treants. Carve 12 Mana worth of Nature spells into them.
MEND_046t	Treant	Battlecry: Cast {0}.
MEND_100	Cultivating Sprite	[x]Battlecry: Get a 3-Cost Bulb that casts three _random 1-Cost spells. _It upgrades each turn.
MEND_301	Spiritspeaker	Battlecry: Choose an Animal Companion to_summon.
MEND_302	Wasteland Vanguard	[x]Battlecry: Deal 3 damage split among all enemies. If any die, deal 3 more.
MEND_303	Migrating Elekk	[x]Taunt. Battlecry: Replace your future Animal Companions with random Beasts that cost (1) more.
MEND_304	Talya Earthstrider	[x]Battlecry: Your cards that summon Animal Companions summon 1 more this game.
MEND_501	Ley Walker	[x]Battlecry: Your Leylines cost (1) less this game. Deathrattle: Get a random Leyline.
MEND_503	Surge Needle	[x]Battlecry: Your Leylines trigger an additional time this game.
MEND_506	Mystic Runesaber	[x]Elusive Battlecry: Increase the effects of your Leylines by 1 this game.
MEND_803	Emboldening Blade	[x]Battlecry: Give your Silver Hand Recruits +1/+1 this game.
MEND_804	Arator the Redeemer	[x]Battlecry: Double the stats of all friendly Silver Hand Recruits and give them Taunt.
MIS_006	Toysnatching Geist	[x]Gigantify Battlecry: Discover an Undead. Reduce its Cost by this minion's Attack.
MIS_006t	Toysnatching Geist	[x]Gigantic Battlecry: Discover an Undead. Reduce its Cost by this minion's Attack.
MIS_307	Murloc Growfin	[x]Gigantify Battlecry: Summon a Tinyfin with Rush and stats equal to this minion's.
MIS_307t1	Murloc Growfin	[x]Gigantic Battlecry: Summon a Tinyfin with Rush and stats equal to this minion's.
MIS_703	INFERNAL!	[x]Taunt Battlecry: Set your hero's remaining Health to 15.
MIS_706	Dust Bunny	[x]Battlecry and Deathrattle: Add a random piece of junk to your hand (a Coin, Rock, Banana, or Knife).
MIS_712	Toyrantus	Taunt, Elusive Battlecry: If you have 10 Mana Crystals, gain +7/+7.
MIS_914	Product 9	Battlecry: Recast every friendly Secret that triggered this game.
MIS_916	Pro Gamer	[x]Battlecry: Challenge your opponent to a game of Rock-Paper-Scissors! The winner draws 2 cards.
NEW1_014	Master of Disguise	Battlecry: Give a friendly minion Stealth until your next turn.
NEW1_016	Captain's Parrot	Battlecry: Draw a Pirate from your deck.
NEW1_017	Hungry Crab	Battlecry: Destroy a Murloc and gain +2/+2.
NEW1_018	Bloodsail Raider	Battlecry: Gain Attack equal to the Attack of your weapon.
NEW1_024	Captain Greenskin	Battlecry: Give your weapon +1/+1.
NEW1_025	Bloodsail Corsair	[x]Battlecry: Remove 1 Durability from your opponent's weapon.
NEW1_029	Millhouse Manastorm	Battlecry: Enemy spells cost (0) next turn.
NEW1_030	Deathwing	Battlecry: Destroy all other minions and discard your_hand.
NEW1_041	Stampeding Kodo	Battlecry: Destroy a random enemy minion with 2 or less Attack.
NX2_003	Whirlweaver	[x]Battlecry: If you've cast a spell last turn, Discover an Elemental.
NX2_003t	Prodigy of Demise	[x]Infused Battlecry: Discover a Fire, Frost, or Arcane spell.
NX2_007	Frostfin Chomper	[x]Battlecry: If you played an Elemental last turn, summon three 1/1 Murlocs.
NX2_014	Trinket Tracker	Battlecry: Draw a 1-Cost spell.
NX2_018	Rotting Necromancer	Battlecry: Dredge. If it's an Undead, deal 5 damage to the enemy hero.
NX2_021	Knight of the Dead	[x]Battlecry: Deal 5 damage to your hero. Manathirst (7): Restore #5 Health to your hero instead.
NX2_022	Goldwing	[x]Rush Battlecry: If you're holding a Mech, gain Windfury.
NX2_023	The Purator	[x]Taunt Battlecry: If your deck has no Neutral cards, draw a minion of each minion type.
NX2_026	Felscale Evoker	[x]Battlecry: If you've cast three spells while holding this, summon a different Demon from your deck.@ ({0} left!)@ (Ready!)
NX2_027	Fleshshaper	Taunt. Battlecry: If you have 5 or more Armor, summon a copy of this.
NX2_035	Rimescale Siren	[x]Battlecry: If you've cast three spells while holding this, Freeze 3 random enemy minions.@ ({0} left!)@ (Ready!)
NX2_044	Suspicious Peddler	[x]Battlecry: Discover a 1-Cost card. If your opponent guesses your __choice, they get a copy.
OG_006	Vilefin Inquisitor	Battlecry: Your Hero Power becomes 'Summon a 1/1 Murloc.'
OG_026	Eternal Sentinel	Battlecry: Unlock your Overloaded Mana Crystals.
OG_051	Forbidden Ancient	Battlecry: Spend all your Mana. Gain +1/+1 for each Mana spent.
OG_080	Xaril, Poisoned Mind	Battlecry and Deathrattle: Add a random Toxin card to your hand.
OG_087	Servant of Yogg-Saron	[x]Battlecry: Cast a random _spell that costs (5) or MORE_ _(targets chosen randomly).
OG_096	Twilight Darkmender	Battlecry: If your C'Thun has at least 10 Attack, restore #10 Health to your hero.
OG_102	Darkspeaker	Battlecry: Swap stats with a friendly minion.
OG_109	Darkshire Librarian	Battlecry: Discard a random card. Deathrattle: Draw a card.
OG_121	Cho'gall	[x]Battlecry: Return all cards you discarded this game to your hand. They cost Health instead of Mana.
OG_122	Mukla, Tyrant of the Vale	Battlecry: Add 2 Bananas to your hand.
OG_131	Twin Emperor Vek'lor	[x]Taunt Battlecry: If your C'Thun has at least 10 Attack, summon another Emperor.
OG_133	N'Zoth, the Corruptor	Battlecry: Summon your Deathrattle minions that died this game.
OG_134	Yogg-Saron, Hope's End	[x]Battlecry: Cast a random spell for each spell you've cast this game (targets chosen randomly).
OG_149	Ravaging Ghoul	Battlecry: Deal 1 damage to all other minions.
OG_156	Bilefin Tidehunter	Battlecry: Summon a 1/1 Ooze with Taunt.
OG_161	Corrupted Seer	Battlecry: Deal 2 damage to all non-Murloc minions.
OG_162	Disciple of C'Thun	Battlecry: Deal 2 damage. Give your C'Thun +2/+2 (wherever it is).
OG_174	Faceless Shambler	Taunt Battlecry: Copy a friendly minion's Attack and Health.
OG_188	Klaxxi Amber-Weaver	[x]Taunt Battlecry: If your C'Thun has at least 10 Attack, gain +5 Health.
OG_207	Faceless Summoner	Battlecry: Summon a random 3-Cost minion.
OG_220	Malkorok	Battlecry: Equip a random weapon.
OG_222	Rallying Blade	Battlecry: Give +1/+1 to your minions with Divine Shield.
OG_254	Eater of Secrets	Battlecry: Destroy all enemy Secrets. Gain +1/+1 for each.
OG_255	Doomcaller	Battlecry: Give your C'Thun +2/+2 (wherever it is). If it's dead, shuffle it into your deck.
OG_280	C'Thun	Battlecry: Deal damage equal to this minion's Attack randomly split among all enemies.
OG_281	Beckoner of Evil	Battlecry: Give your C'Thun +2/+2 (wherever it is).
OG_282	Blade of C'Thun	Battlecry: Destroy a minion. Add its Attack and Health to_your C'Thun's (wherever it is).
OG_283	C'Thun's Chosen	[x]Divine Shield Battlecry: Give your C'Thun +3/+3 (wherever it is).
OG_284	Twilight Geomancer	Taunt Battlecry: Give your C'Thun +1/+1 and Taunt (wherever it is).
OG_291	Shadowcaster	Battlecry: Choose a friendly minion. Add a 1/1 copy to_your hand that costs_(1).
OG_292	Forlorn Stalker	Battlecry: Give all Deathrattle minions in your hand +1/+1.
OG_293	Dark Arakkoa	[x]Taunt Battlecry: Give your C'Thun +4/+4 (wherever it is).
OG_295	Cult Apothecary	Battlecry: For each enemy minion, restore #2 Health to your hero.
OG_301	Ancient Shieldbearer	Battlecry: If your C'Thun has at least 10 Attack, gain 10 Armor.
OG_309	Princess Huhuran	Battlecry: Trigger a friendly minion's Deathrattle.
OG_312	N'Zoth's First Mate	Battlecry: Equip a 1/3 Rusty Hook.
OG_315	Bloodsail Cultist	Battlecry: If you control another Pirate, give your weapon +1/+1.
OG_316	Herald Volazj	Battlecry: Summon a 1/1 copy of each of your other minions.
OG_320	Midnight Drake	Battlecry: Gain +1 Attack for each other card in your hand.
OG_328	Master of Evolution	Battlecry: Transform a friendly minion into a random one that costs (1) more.
OG_337	Cyclopian Horror	Taunt. Battlecry: Gain +1 Health for each enemy minion.
OG_339	Skeram Cultist	[x]Battlecry: Give your C'Thun +2/+2 (wherever it is).
ONY_001	Onyxian Warder	[x]Battlecry: If you're holding a Dragon, summon two 2/1 Whelps with Rush.
ONY_004	Raid Boss Onyxia	[x]Rush. Immune while you control a Whelp. Battlecry: Summon six _2/1 Whelps with Rush.
ONY_005	Kazakusan	[x]Battlecry: If you played 4 other Dragons this game, craft a custom deck of Treasures.@ ({0} left!)@ (Ready!)
ONY_005ta5	Bubba	[x]Battlecry: Summon six 1/1 Bloodhounds with Rush to attack an enemy minion.
ONY_005ta7	Crusty the Crustacean	[x]Battlecry: Destroy a minion. Gain its Attack and Health.
ONY_009	Pet Collector	Battlecry: Summon a Beast from your deck that costs (5) or less.
ONY_019	Raid Negotiator	[x]Battlecry: Discover a Choose One card. It has both effects combined.
ONY_022	Battle Vicar	Battlecry: Discover a Holy spell.
ONY_024	Onyxian Drake	[x]Taunt Battlecry: Deal damage equal to your Armor to an enemy minion.
ONY_026	Lightmaw Netherdrake	Battlecry: If you're holding a Holy and a Shadow spell, deal 3 damage to all other minions.
ONY_030	SI:7 Smuggler	[x]Battlecry: Summon a random @-Cost minion. (Upgraded for each other SI:7 card you _have played this game.)
ONY_035	Spawn of Deathwing	Battlecry: Destroy a random enemy minion. Discard a random card.
PRO_001	Elite Tauren Chieftain	Battlecry: Give both players the power to ROCK! (with a Power Chord card)
REV_000	Suspicious Alchemist	[x]Battlecry: Discover a spell. If your opponent guesses your choice, they get a copy.
REV_002	Suspicious Usher	[x]Battlecry: Discover a Legendary minion. If your opponent guesses your __choice, they get a copy.
REV_006	Suspicious Pirate	Battlecry: Discover a weapon. If your opponent guesses your choice, they get a copy.
REV_013	Stoneborn Accuser	"[x]Infuse (@): Gain ""Battlecry: Deal 5 damage."""
REV_013t	Stoneborn Accuser	Infused Battlecry: Deal 5 damage.
REV_017	Insatiable Devourer	[x]Battlecry: Devour an enemy minion and gain its stats. _Infuse (@): And its neighbors.
REV_017t	Insatiable Devourer	[x]Infused Battlecry: Devour an enemy minion and its neighbors to gain their stats.
REV_019	Famished Fool	Battlecry: Draw a card. Infuse (@): Draw 3 instead.
REV_019t	Famished Fool	Infused Battlecry: Draw 3 cards.
REV_020	Dinner Performer	[x]Battlecry: Summon a random minion from your deck that you can afford to play.
REV_022	Murloc Holmes	[x]Battlecry: Solve 3 Clues about your opponent's cards to get copies of them.
REV_023	Demolition Renovator	Tradeable Battlecry: Destroy an enemy location.
REV_238	Theotar, the Mad Duke	Battlecry: Discover a card in each player's hand and swap them.
REV_244	Mischievous Imp	Battlecry: Summon a copy of this. Infuse (@): Summon two copies instead.
REV_244t	Mischievous Imp	[x]Infused Battlecry: Summon two copies of this.
REV_246	Mysterious Visitor	Battlecry: Reduce the Cost of cards copied from your opponent by (3).
REV_247	Partner in Crime	[x]Battlecry: Summon a copy of this minion at the end of your turn.
REV_308	Maze Guide	Battlecry: Summon a random 2-Cost minion.
REV_310	Death Blossom Whomper	Battlecry: Draw a Deathrattle minion and gain its Deathrattle.
REV_314	Topior the Shrubbagazzor	[x]Battlecry: For the rest of the game, after you cast a Nature spell, summon a 3/3 Whelp with Rush.
REV_318	Widowbloom Seedsman	[x]Battlecry: Draw a Nature spell. Gain an empty Mana Crystal.
REV_338	Dredger Staff	[x]Battlecry: Give minions in your hand +1 Health.
REV_351	Roosting Gargoyle	Battlecry: Give a friendly Beast +2 Attack.
REV_353	Huntsman Altimor	[x]Battlecry: Summon a Gargon Companion. Infuse ({0}): Summon another. _Infuse ({1}): And another!
REV_353t	Huntsman Altimor	[x]Infused Battlecry: Summon 2 Gargon Companions. _______Infuse (@): Summon all 3!___
REV_353t2	Huntsman Altimor	[x]Infused Battlecry: Summon all 3 Gargon Companions.
REV_360	Spirit Poacher	Battlecry: Summon a random Dormant Wildseed.
REV_363	Ara'lon	Battlecry: Summon one of each Dormant Wildseed.
REV_370	Party Crasher	[x]Battlecry: Choose an enemy minion. Throw a random minion from your hand at it.
REV_373	Lady Darkvein	[x]Battlecry: Summon two 2/1 Shades. Each gains a Deathrattle to cast your last Shadow spell.
REV_378	Forensic Duster	[x]Battlecry: Your opponent's minions cost (1) more next turn.
REV_510	Kryxis the Voracious	[x]Battlecry: Discard your hand. Deathrattle: Draw 3 cards.
REV_511	Bibliomite	[x]Battlecry: Choose a card in your hand to shuffle into your deck.
REV_514	Kel'Thuzad, the Inevitable	[x]Battlecry: Resurrect your Volatile Skeletons. Any that can't fit on the battlefield instantly explode! @(@)
REV_826	Private Eye	[x]Battlecry: Cast a Secret from your deck. _Combo: Cast 2 instead.
REV_835	Imp King Rafaam	Battlecry: Resurrect four friendly Imps. Infuse (@): Give your Imps +2/+2.
REV_835t	Imp King Rafaam	[x]Infused. Battlecry: Summon four friendly Imps that died this game. __Give your Imps +2/+2.
REV_841	Anonymous Informant	Battlecry: The next Secret you play costs (0).
REV_900	Scuttlebutt Ghoul	[x]Taunt Battlecry: If you control a Secret, summon a copy of this.
REV_901	Dispossessed Soul	Battlecry: If you control a location, Discover a copy of a card in your deck.
REV_906	Sire Denathrius	Lifesteal. Battlecry: Deal 5 damage amongst enemies. Endlessly Infuse (@): Deal 1 more.
REV_906t	Sire Denathrius	[x]Lifesteal. Battlecry: Deal {1} damage amongst enemies. Endlessly Infuse ({0}): Deal 1 more.
REV_921	The Stonewright	Battlecry: For the rest of the game, your Totems have +2 Attack.
REV_934	Decimator Olgra	[x]Battlecry: Gain +1/+1 for each damaged minion, _then attack all enemies.
REV_936	Crud Caretaker	Battlecry: Summon a 3/5 Elemental with Taunt.
REV_937	Artificer Xy'mox	[x]Battlecry: Discover and cast a Relic. Infuse (@): Cast all three instead.
REV_937t	Artificer Xy'mox	[x]Infused Battlecry: Cast all three Relics.
REV_940	Necrolord Draka	[x]Battlecry: Equip a @/3 Dagger. (+1 Attack for each other card you played this turn, up to 10!)
REV_945	Sketchy Stranger	Battlecry: Discover a Secret from another class.
REV_946	Steamcleaner	Battlecry: Destroy ALL cards in both players' decks that didn't start there.
REV_947	Muckborn Servant	Taunt Battlecry: Discover a Paladin card.
REV_951	The Countess	[x]Battlecry: If your deck has no Neutral cards, add 3 Legendary Invitations to your hand.
REV_958	Buffet Biggun	[x]Battlecry: Summon two Silver Hand Recruits. Infuse (@): Give them +2 Attack and Divine Shield.
REV_958t	Buffet Biggun	Infused. Battlecry: Summon two Silver Hand Recruits. Give them +2 Attack and Divine Shield.
REV_959	Ghastly Gravedigger	[x]Battlecry: If you control a Secret, choose a card in your opponent's hand to _shuffle into their deck.
REV_960	Ashen Elemental	[x]Battlecry: Whenever your opponent draws a card next turn, they take 2 damage.
REV_961	Elitist Snob	[x]Battlecry: For each Paladin card in your hand, randomly gain Divine Shield, Lifesteal, Rush, or Taunt.
RLK_062	Nerubian Swarmguard	[x]Taunt Battlecry: Summon two copies of this minion.
RLK_066	Hematurge	Battlecry: Spend a Corpse to Discover a Blood Rune card.
RLK_071	Patchwerk	[x]Battlecry: Destroy a random minion in your opponent's _hand, deck, and battlefield._
RLK_077	Possessifier	Battlecry: Summon two 1/1 Fighters with Rush and Reborn.
RLK_079	Noxious Cadaver	[x]Battlecry: Deal 2 damage to an enemy and your hero.
RLK_085	Lord Marrowgar	[x]Battlecry: Raise ALL of your Corpses as 1/1 Risen Golems with Rush. For each that can't fit, give one +2/+2.
RLK_104	Street Sweeper	Battlecry: Deal 2 damage to all other minions.
RLK_110	Ymirjar Frostbreaker	Battlecry: Gain +1_Attack for each Frost spell in your hand.
RLK_116	Necrotic Mortician	Battlecry: If a friendly Undead died after your last turn, Discover an Unholy Rune card.
RLK_119	Drakkari Embalmer	Battlecry: Give a friendly Undead Reborn.
RLK_120	Meat Grinder	Battlecry: Shred a random minion in your deck to gain 4 Corpses.
RLK_123	Bone Flinger	[x]Battlecry: If a friendly Undead died after your last turn, deal 2 damage.
RLK_215	Felerin, the Forgotten	[x]Battlecry: Add a random Outcast card to the left and right sides of your hand. They cost (2) less.
RLK_216	Rotten Rodent	Battlecry: Reduce the Cost of all Deathrattle cards in your deck by (1).
RLK_218	Silvermoon Arcanist	[x]Spell Damage +2 Battlecry: Your spells can’t target heroes this turn.
RLK_219	Sunfury Clergy	[x]Battlecry: Restore #3 Health to all friendly characters. Manathirst (6): Restore #6 Health instead.
RLK_222	Astalor Bloodsworn	Battlecry: Add Astalor, the Protector to your hand. Manathirst (@): Deal 2 damage.
RLK_222t1	Astalor, the Protector	Battlecry: Add Astalor, the Flamebringer to your hand. Manathirst (@): Gain 5 Armor.
RLK_222t2	Astalor, the Flamebringer	[x]Battlecry: Deal 7 damage randomly split between all enemies. Manathirst (10): Deal 14 instead.
RLK_223	Thassarian	Reborn Battlecry and Deathrattle: Deal 2 damage to a random enemy.
RLK_224	Overseer Frigidara	Battlecry: Draw 2 spells. If they're both Frost spells, deal 2 damage to all enemies.
RLK_225	Blightfang	[x]Battlecry: Infect all enemy minions. When they die, you summon a 2/2 Zombie with Taunt.
RLK_503	Body Bagger	Battlecry: Gain a Corpse.
RLK_504	Corpse Bride	[x]Battlecry: Spend up to 10 _Corpses to summon a Risen_ Groom with Taunt and that _much Attack and Health.
RLK_505	Marrow Manipulator	[x]Battlecry: Spend up to 5 Corpses. Deal 2 damage to a random enemy for each.
RLK_506	Boneguard Commander	Taunt Battlecry: Raise up to 6 Corpses as 1/3 Risen Footmen with Taunt.
RLK_527	Timewarden	[x]Battlecry: Until the end of your next turn, Dragons you summon gain Taunt and Divine Shield.
RLK_529	Noxious Infiltrator	[x]Poisonous Battlecry: If a friendly Undead died after your last turn, deal 1 damage to a minion.
RLK_531	Infantry Reanimator	[x]Battlecry: Resurrect a friendly Undead. Give it Reborn.
RLK_535	Savage Ymirjar	Rush Battlecry: Discard 2 cards.
RLK_540	Amorphous Slime	Battlecry: Discard a random Undead. Deathrattle: Summon a copy of it.
RLK_545	Energy Shaper	[x]Battlecry: Transform all spells in your hand into ones that cost (3) more. (They keep their original Cost.)
RLK_547	Prismatic Elemental	Battlecry: Discover a spell from any class. It costs (1) less.
RLK_548	Arcane Wyrm	Battlecry: Add an Arcane Bolt to your hand.
RLK_550	Rotgill	"[x]Battlecry: Give your other minions ""Deathrattle: Give __your minions +1/+1."""
RLK_552	Unliving Champion	[x]Battlecry: If a friendly Undead died after your last turn, summon two 3/2 Zombies.
RLK_568	Concoctor	Battlecry: Add a random Concoction to your hand.
RLK_570	Ghoulish Alchemist	Battlecry: Your next Concoction costs (0).
RLK_592	Invincible	[x]Reborn Battlecry and Deathrattle: Give another random friendly _____Undead +5/+5 and Taunt.____
RLK_593	Lor'themar Theron	Battlecry: Double the stats of all minions in your deck.
RLK_608	Asvedon, the Grandshield	Taunt Battlecry: Cast a copy of the last spell your opponent played.
RLK_657	Underking	[x]Rush Battlecry and Deathrattle: Gain 6 Armor.
RLK_658	Elder Nadox	Battlecry: Destroy a friendly Undead. Your minions gain its Attack.
RLK_659	Anub'Rekhan	Battlecry: Gain 5 Armor. Your next 3 minions this turn cost Armor instead of Mana.
RLK_706	Alexandros Mograine	Battlecry: For the rest of the game, deal 3 damage to your opponent at the end of your turns.
RLK_708	Chillfallen Baron	Battlecry and Deathrattle: Draw a card.
RLK_711	Vicious Bloodworm	[x]Battlecry: Give a minion in your hand Attack equal to this minion's Attack.
RLK_731	Darkfallen Neophyte	[x]Battlecry: Spend 2 Corpses to give all minions in your hand +2 Attack.
RLK_740	Might of Menethil	Battlecry: Spend up to 3 Corpses. Freeze that many enemy minions.
RLK_741	Soulstealer	[x]Battlecry: Destroy all other minions. Gain 1 Corpse for each enemy destroyed.
RLK_752	Rime Sculptor	"[x]Battlecry: Summon two 2/1 Rime Elementals with ""Deathrattle: Deal 2 damage to a random enemy."""
RLK_753	Bonedigger Geist	Battlecry: Spend a Corpse to gain +1/+2.
RLK_803	Grand Magister Rommath	[x]Battlecry: Recast each spell you've cast this game that didn't start in your deck. (Once per game)
RLK_814	Crystalsmith Cultist	Battlecry: If you're holding a Shadow spell, gain +1/+1.
RLK_816	Sister Svalna	Battlecry: Permanently add a Vision of Darkness to your hand.
RLK_820	Halduron Brightwing	Battlecry: Give all Arcane spells in your hand and [x]deck Spell Damage +1.
RLK_821	Scourge Tamer	Battlecry: Craft a custom Zombeast.
RLK_825	Shockspitter	Battlecry: Deal @ damage. (Improved by your hero attacks this game!)
RLK_826	Silvermoon Farstrider	Battlecry: Give all Arcane spells in your hand Spell Damage +1.
RLK_832	High Cultist Basaleph	Battlecry: Resurrect all friendly Undead that died after your last turn.
RLK_834	Nerubian Vizier	[x]Battlecry: Discover a spell. If a friendly Undead died after your last turn, it costs (2) less.
RLK_867	Vrykul Necrolyte	"[x]Battlecry: Give a friendly minion ""Deathrattle: Summon a 2/2 Zombie with Rush."""
RLK_900	Scourge Rager	Reborn Battlecry: Die.
RLK_915	Amber Whelp	Battlecry: If you're holding a Dragon, deal 3 damage.
RLK_916	Daring Drake	[x]Rush Battlecry: If you're holding a Dragon, gain +1/+1.
RLK_919	Anachronos	[x]Battlecry: Send all other minions 2 turns into the future.
RLK_921	Sanguine Soldier	Divine Shield Battlecry: Deal 2 damage to your hero.
RLK_927	Blood Crusader	[x]Battlecry: Your next Paladin minion this turn costs Health instead of Mana.
RLK_950	Translocation Instructor	[x]Battlecry: Choose an enemy minion. Swap it with a random one in their deck.
RLK_951	Coroner	Battlecry: Freeze an enemy minion. Manathirst (6): Silence it first.
RLK_956	Nerubian Flyer	[x]Battlecry: If a friendly Undead died after your last turn, summon a 2/2 Nerubian.
RLK_958	Skeletal Sidekick	Battlecry: Give a friendly Undead +2 Attack.
SC_004	Kerrigan, Queen of Blades	[x]Battlecry: Summon two 2/5 Hive Queens. Deal 3 damage to all enemies.
SC_008	Hydralisk	[x]Battlecry: Deal 2 damage to a random enemy. Repeat for each other Zerg minion you control.
SC_010	Zergling	Battlecry: Summon a 1/1 Zergling.
SC_012	Roach	When you draw this, get a copy of it. Battlecry: If you control another Zerg minion, gain +1/+2.
SC_013	Grunty	[x]Battlecry: Summon four random Murlocs, then shoot them at enemy minions. _(You pick the targets!)
SC_018	Viper	[x]Battlecry: Summon a minion from your opponent's hand. Your other Zerg minions gain Reborn and attack it.
SC_400	Jim Raynor	[x]Battlecry: Relaunch every Starship that you launched this game.
SC_401	SCV	Battlecry: Your next Starship launch costs (2) less.
SC_405	Ultra-Capacitor	[x]Starship Piece Battlecry: Gain +1/+1 for __each other friendly minion.__ Also triggers on launch.
SC_405te	Ultra-Capacitor	Battlecry: Gain +1/+1 for each other friendly minion. Also triggers on launch.
SC_406	Yamato Cannon	[x]Starship Piece Battlecry: Destroy a random enemy minion. Also triggers on launch.
SC_406e	Yamato Cannon	Battlecry: Destroy a random enemy minion. Also triggers on launch.
SC_408	Ghost	[x]Stealth. Battlecry: If you're building a Starship, destroy the lowest-Cost card in your opponent's hand.
SC_409	Missile Pod	[x]Starship Piece Battlecry: Deal 1 damage to all enemies. Also triggers on launch.
SC_409e	Missile Pod	Battlecry: Deal 1 damage to all enemies. Also triggers on launch.
SC_413	Siege Tank	[x]Battlecry: Deal 10 damage to a random enemy minion. (Transforms if you launched a Starship this game.)
SC_413t	Siege Tank, Deployed	Battlecry: Deal 10 damage to a random enemy minion. Excess damage hits the enemy hero.
SC_414	Thor	[x]Battlecry: Deal 5 damage. (Transforms if you launched a Starship this game.)
SC_414t	Thor, Explosive Payload	[x]Battlecry: Deal 5 damage. __Repeat at a random enemy__ for each Starship you've launched this game.@ (@)
SC_752	Dark Templar	[x]Stealth. Battlecry: Destroy an enemy minion. Play another Templar to merge into an Archon!
SC_754	Artanis	[x]Battlecry: Summon two 3/4 Zealots with Charge. Your Protoss minions cost (2) less this game.
SC_758	Colossus	[x]Battlecry: Deal @ damage to all enemies, twice. (Improved by Protoss spells you cast this game!)
SC_762	Mothership	[x]Taunt Battlecry and Deathrattle: Get two random Protoss minions.
SC_763	Immortal	[x]Taunt, Divine Shield Battlecry: Spend 4 Mana to double this minion's stats.
SC_765	High Templar	[x]Battlecry: Deal 2 damage to all enemies. Play another Templar to merge into an Archon!
SC_783	Void Ray	Rush, Divine Shield Battlecry: If this costs (0), gain +2/+2.
SCH_133	Wolpertinger	Battlecry: Summon a copy of this.
SCH_149	Argent Braggart	[x]Battlecry: Set this minion's Attack and Health to the highest in the battlefield.
SCH_159	Mindrender Illucia	[x]Battlecry: Replace your hand with a copy of your opponent's until end of turn.
SCH_160	Wandmaker	Battlecry: Add a 1-Cost spell from your class to_your hand.
SCH_162	Vectus	[x]Battlecry: Summon two 1/1 Whelps. Each gains a Deathrattle from your minions that died this game.
SCH_181	Archwitch Willow	Battlecry: Summon a random Demon from your hand and deck.
SCH_199t10	Transfer Student	Battlecry: Spend all your Mana. Summon a random minion of that Cost.
SCH_199t11	Transfer Student	Battlecry: Add a Karazhan Portal spell to your hand.
SCH_199t12	Transfer Student	Battlecry: Give a random minion in your hand +2/+2.
SCH_199t13	Transfer Student	Battlecry: Adapt.
SCH_199t15	Transfer Student	Battlecry: Recruit a minion that costs (2) or less.
SCH_199t17	Transfer Student	[x]Taunt. Battlecry: If you have 10 Mana Crystals, gain +5/+5.
SCH_199t19	Transfer Student	Battlecry: Add a Lackey to_your hand.
SCH_199t21	Transfer Student	Battlecry: Discover a Dragon.
SCH_199t23	Transfer Student	Battlecry: Add a Dual Class card to your hand.
SCH_199t24	Transfer Student	Battlecry: Add a random weapon to your hand.
SCH_199t25	Transfer Student	Battlecry: Add an Uldum Plague spell to your hand.
SCH_199t27	Transfer Student	Battlecry: Add a random Ranked spell to your hand.
SCH_199t28	Transfer Student	[x]Tradeable Battlecry: Give a friendly minion Divine Shield.
SCH_199t29	Transfer Student	[x]Battlecry: Deal 1 damage. Honorable Kill: Gain +1/+1.
SCH_199t30	Transfer Student	Battlecry: Discover a Sunken City card.
SCH_199t31	Transfer Student	Battlecry: Discover a Murder at Castle Nathria card.
SCH_199t32	Transfer Student	Battlecry: Discover a March of the Lich King card.
SCH_199t33	Transfer Student	Battlecry: Discover a Festival of Legends card.
SCH_199t34	Transfer Student	Battlecry: Discover a Titans card.
SCH_199t35	Transfer Student	Battlecry: Discover a Showdown in the Badlands card.
SCH_199t36	Transfer Student	Battlecry: Discover a Whizbang's Workshop card.
SCH_199t37	Transfer Student	Battlecry: Discover a Whizbang's Workshop card.
SCH_199t38	Transfer Student	Battlecry: Discover a Year of the Scarab card.
SCH_199t6	Transfer Student	Battlecry and Deathrattle: Add a Spare Part card to your hand.
SCH_199t9	Transfer Student	Battlecry: Discover a new basic Hero Power.
SCH_245	Steward of Scrolls	Spell Damage +1 Battlecry: Discover a spell.
SCH_248	Pen Flinger	[x]Battlecry: Deal 1 damage to a minion. Spellburst: Return this to_your hand.
SCH_252	Marrowslicer	Battlecry: Shuffle 2 Soul Fragments into your deck.
SCH_283	Manafeeder Panthara	Battlecry: If you've used your Hero Power this turn, draw a card.
SCH_311	Animated Broomstick	Rush Battlecry: Give your other minions Rush.
SCH_312	Tour Guide	Battlecry: Your next Hero Power costs (0).
SCH_343	Void Drinker	[x]Taunt. Battlecry: Destroy a Soul Fragment in your deck to gain +3/+3.
SCH_351	Jandice Barov	[x]Battlecry: Summon two random 5-Cost minions. Secretly pick one that dies _when it takes damage.
SCH_355	Shardshatter Mystic	Battlecry: Destroy a Soul Fragment in your deck to deal 3 damage to all other minions.
SCH_428	Lorekeeper Polkelt	[x]Battlecry: Reorder your deck from the highest Cost card to the lowest Cost card.
SCH_507	Instructor Fireheart	[x]Battlecry: Discover a spell that costs (1) or more. If you play it this turn, repeat this effect.
SCH_513	Brittlebone Destroyer	[x]Battlecry: If your hero's Health changed this turn, destroy a minion.
SCH_517	Shadowlight Scholar	Battlecry: Destroy a Soul Fragment in your deck to deal 3 damage.
SCH_522	Steeldancer	[x]Battlecry: Summon a random minion with Cost equal to your weapon's Attack.
SCH_526	Lord Barov	[x]Battlecry: Set the Health of all other minions to 1. Deathrattle: Deal 1 damage to all minions.
SCH_530	Sorcerous Substitute	Battlecry: If you have Spell Damage, summon a copy of this.
SCH_613	Groundskeeper	[x]Taunt Battlecry: If you're holding a spell that costs (5) or more, restore #5 Health.
SCH_700	Spirit Jailer	Battlecry: Shuffle 2 Soul Fragments into your deck.
SCH_703	Soulciologist Malicia	Battlecry: For each Soul Fragment in your deck, summon a 3/3 Soul with Rush.@ (@)
SCH_704	Soulshard Lapidary	[x]Battlecry: Destroy a Soul Fragment in your deck to give your hero +5 Attack this turn.
SCH_713	Cult Neophyte	Battlecry: Your opponent's spells cost (1) more next_turn.
SW_025	Auctionhouse Gavel	[x]After your hero attacks, reduce the Cost of a Battlecry minion in your hand by (1).
SW_028t5	Cap'n Rokara	Battlecry: Summon The Juggernaut!
SW_029	Harbor Scamp	Battlecry: Draw a Pirate.
SW_031t7	Stormcaller Bru'kan	[x]Battlecry: For the rest of the game, your spells cast twice.
SW_032	Granite Forgeborn	Battlecry: Reduce the Cost of Elementals in your hand and deck by (1).
SW_039t3_t	Demonslayer Kurtrus	Battlecry: For the rest of the game, cards you draw cost (2) less.
SW_043	Felgorger	Battlecry: Draw a Fel spell. Reduce its Cost by (2).
SW_044	Jace Darkweaver	Battlecry: Cast all Fel spells you've played this game (targets enemies if possible).
SW_052t3	Spymaster Scabbs	[x]Battlecry: Add one of each Spy Gizmo to your hand.
SW_052t5	Spy-o-matic	[x]Battlecry: Look at 3 cards in your opponent's deck. Pick one to put on top.
SW_054	Stormwind Guard	Taunt Battlecry: Give adjacent minions +1/+1.
SW_056	Spice Bread Baker	Battlecry: Restore Health to your hero equal to your hand size.
SW_059	Deeprun Engineer	Battlecry: Discover a Mech. It costs (1) less.
SW_064	Northshire Farmer	Battlecry: Choose a friendly Beast. Shuffle three 3/3 copies_into_your_deck.
SW_065	Pandaren Importer	[x]Battlecry: Discover a spell that didn't start in your deck.
SW_066	Royal Librarian	[x]Tradeable Battlecry: Silence a minion.
SW_067	Stockades Guard	[x]Battlecry: Give a friendly minion Taunt.
SW_070	Mailbox Dancer	[x]Battlecry: Add a Coin to your hand. Deathrattle: Give your opponent one.
SW_071	Lion's Guard	[x]Battlecry: If you have 15 or less Health, gain +2/+4 and Taunt.
SW_072	Rustrot Viper	[x]Tradeable Battlecry: Destroy your opponent's weapon.
SW_074	Nobleman	Battlecry: Create a Golden copy of a random card in your hand.
SW_076	City Architect	[x]Battlecry: Summon two 0/5 Castle Walls with Taunt.
SW_078	Lady Prestor	[x]Battlecry: Transform minions in your deck into random Dragons. (They keep their __original stats and Cost.)
SW_079	Flightmaster Dungar	[x]Battlecry: Choose a flightpath and go Dormant. Awaken with a bonus __when you complete it!
SW_081	Varian, King of Stormwind	[x]Battlecry: Draw a Rush minion to gain Rush. Repeat for Taunt and Divine Shield.
SW_086	Shady Bartender	Tradeable Battlecry: Give your Demons +2/+2.
SW_089	Entitled Customer	Battlecry: Deal damage equal to your hand size to all other minions.
SW_091t4	Blightborn Tamsin	[x]Battlecry: For the rest of the game, damage you take on your turn damages your __opponent instead.
SW_093	Stormwind Freebooter	Battlecry: Give your hero +2 Attack this turn.
SW_109	Clumsy Courier	Battlecry: Cast the highest Cost spell from your hand.
SW_112	Prestor's Pyromancer	Battlecry: Your next Fire spell has Spell Damage +2.
SW_113	Grand Magus Antonidas	[x]Battlecry: If you've cast a Fire spell on each of your last three turns, cast 3 Fireballs at ___random enemies.@ (@/3)
SW_115	Bolner Hammerbeak	[x]After you play a Battlecry minion, repeat the first __Battlecry played this turn._
SW_305	First Blade of Wrynn	[x]Divine Shield Battlecry: Gain Rush if this has at least 4 Attack.
SW_307	Traveling Merchant	[x]Tradeable Battlecry: Gain +1/+1 for each other friendly _minion you control.
SW_310	Counterfeit Blade	[x]Battlecry: Get a copy of a random friendly Deathrattle minion that died this game.
SW_313t4	Lightborn Cariel	[x]Battlecry: For the rest of the game, your Silver Hand Recruits have +2/+2.
SW_315	Alliance Bannerman	[x]Battlecry: Draw a minion. Give minions in your hand +1/+1.
SW_317	Catacomb Guard	[x]Lifesteal Battlecry: Deal damage equal to this minion's Attack to an enemy minion.
SW_322e2	Tavish Stormpike Enchant	[x]Battlecry: For the rest of the game, your spells refresh your Hero Power.
SW_322t4	Tavish, Master Marksman	[x]Battlecry: For the rest of the game, spells you cast refresh your Hero Power.
SW_400	Entrapped Sorceress	[x]Battlecry: If you control a _Quest, Discover a spell.
SW_411	SI:7 Informant	Battlecry: Gain +1/+1 for each other SI:7 card you've played this game.
SW_418	SI:7 Skulker	[x]Stealth Battlecry: The next card __you draw costs (1) less.
SW_428t4	Guff the Tough	[x]Taunt. Battlecry: Give your hero +8 Attack this turn. Gain 8 Armor.
SW_433t3	Xyrella, the Sanctified	[x]Taunt Battlecry: Shuffle the Purified Shard into your deck.
SW_434	Loan Shark	[x]Battlecry: Give your opponent a Coin. __Deathrattle: You get two.
SW_444	Twilight Deceptor	Battlecry: If any hero took damage this turn, draw a Shadow spell.
SW_447	Sheldras Moontree	[x]Battlecry: The next 3 spells you draw are Cast When Drawn.
SW_450t4	Arcanist Dawngrasp	[x]Battlecry: For the rest of the game, you have Spell Damage +3.
SW_451	Metamorfin	Taunt Battlecry: If you've cast a Fel spell this turn, gain +2/+2.
TID_002	Herald of Nature	Battlecry: If you've cast a Nature spell while holding this, give your other minions +1/+1.
TID_003	Tidelost Burrower	Battlecry: Dredge. If it's a Murloc, summon a 2/2 copy of it.
TID_004	Clownfish	Battlecry: Your next two Murlocs cost (2) less.
TID_074	Ancient Krakenbane	[x]Battlecry: If you've cast three spells while holding this, deal 5 damage.@ ({0} left!)@ (Ready!)
TID_078	Shattershambler	[x]Battlecry: Your next Deathrattle minion costs (1) _less, but immediately dies when played.
TID_085	Herald of Light	[x]Battlecry: If you've cast a Holy spell while holding this, restore #6 Health to all friendly characters.
TID_099	K9-0tron	[x]Battlecry: Dredge. If it's a 1-Cost minion, summon it.
TID_700	Disarming Elemental	[x]Battlecry: Dredge for your opponent. Set its Cost to (6).
TID_706	Herald of Chaos	[x]Lifesteal Battlecry: If you've cast a Fel spell while holding this, gain Rush.
TID_709t	Lady Naz'jar	[x]Battlecry: Reduce the Cost of spells in your hand by (1).
TID_709t2	Lady Naz'jar	[x]Battlecry: Deal 5 damage to an enemy minion and 2 to adjacent minions.
TID_709t3	Lady Naz'jar	Battlecry: Gain 8 Armor.
TID_710	Snapdragon	[x]Battlecry: Give all Battlecry minions in your deck +1/+1.
TID_714	Igneous Lavagorger	[x]Taunt Battlecry: Dredge. Gain _Armor equal to its Cost.
TID_716	Tidal Revenant	Battlecry: Deal 5 damage. Gain 8 Armor.
TID_717	Herald of Shadows	Battlecry: If you've cast a Shadow spell while holding this, steal 2 Health from a minion.
TID_719	Commander Ulthok	Battlecry: Your opponent's cards cost Health instead of Mana next turn.
TID_744	Coilfang Constrictor	[x]Battlecry: Look at 3 cards in your opponent's hand and choose one. It can't be played next turn.
TIME_002	Aeon Wizard	[x]Rewind Battlecry: Get 2 random spells from your class.
TIME_003	Portal Vanguard	[x]Rewind Battlecry: Draw a random minion. Give it +2/+2.
TIME_004	Conflux Crasher	Rewind Battlecry: Deal 7 damage to a random enemy.
TIME_005	Timethief Rafaam	[x]Fabled+. Your deck size is 40, but has 10 Rafaams! Battlecry: If you played the rest, destroy the enemy hero.@ ({0} left!)@ (Ready!)
TIME_005t1	Tiny Rafaam	[x]Battlecry and Deathrattle: Draw a Rafaam.
TIME_005t2	Green Rafaam	Battlecry: Give other Rafaams in your hand and battlefield +2/+2.
TIME_005t3	Explorer Rafaam	Battlecry: Discover a Rafaam from your deck.
TIME_005t4	Warchief Rafaam	[x]Battlecry: Gain 5 Armor. If you're holding another Rafaam, gain 5 more.
TIME_005t5	Mindflayer R'faam	[x]Taunt Battlecry: If you're holding another Rafaam, summon a copy of this.
TIME_005t6	Calamitous Rafaam	Battlecry: Deal 6 damage to all minions that aren't Rafaam.
TIME_005t8	Murloc Rafaam	Battlecry: The next Rafaam you play costs (3) less.
TIME_005t9	Archmage Rafaam	Battlecry: Transform all minions that aren't Rafaam into 1/1 Sheep.
TIME_008	Bygone Doomspeaker	[x]Rewind Battlecry: Both players _discard a random card.
TIME_009	Gelbin of Tomorrow	[x]Fabled Battlecry: Put one of each Aura from your deck into the battlefield.
TIME_015	Hardlight Protector	[x]Divine Shield Battlecry: Restore #3 Health to your hero and give them Divine Shield.
TIME_019	Manifested Timeways	Battlecry: If you control an Aura, deal 3 damage to all enemies.
TIME_024	Murozond, Unbounded	Battlecry: At the start of your next turn, set this minion's Attack to INFINITY!
TIME_025	Twilight Timehopper	[x]Battlecry: Shuffle 2 Shreds of Time into your deck. When drawn, deal 3 damage to your hero.
TIME_028	Fatebreaker	[x]Lifesteal Battlecry: Cast a Shred of Time from your deck to gain +3/+3.
TIME_029	Ruinous Velocidrake	[x]Rush Battlecry: Cast a Shred _of Time from your deck to ___summon a copy of this.
TIME_032	Chronogor	[x]Battlecry: You draw your 2 highest Cost cards. Your opponent draws your 2 lowest Cost cards.
TIME_033	Druid of Regrowth	Rewind Battlecry: Cast 2 random Nature spells.
TIME_034	Stadium Announcer	[x]Rewind Battlecry: Both players equip a random weapon. Give yours +1/+1.
TIME_036	Royal Informant	[x]Battlecry: Look at the right- most card in your opponent's hand. Either get a copy of it or increase its Cost by (2).
TIME_037	Disciple of the Dove	Battlecry: Draw a minion. Give minions in your hand +2 Health.
TIME_038	Mister Clocksworth	[x]Rewind, Rewind, Rewind Battlecry: Summon 2 random Legendary minions.
TIME_038t1	Mister Clocksworth	[x]Rewind, Rewind Battlecry: Summon 2 random Legendary minions.
TIME_038t2	Mister Clocksworth	[x]Rewind Battlecry: Summon 2 random Legendary minions.
TIME_038t3	Mister Clocksworth	[x]Battlecry: Summon 2 random Legendary minions.
TIME_041	Futuristic Forefather	[x]Taunt. Battlecry: Look at 3 cards. Guess which one is in your opponent's hand to gain +4 Health.
TIME_042	King Maluk	Battlecry: Discard your hand. Get an Infinite Banana.
TIME_043	PMM Infinitizer	Battlecry: Set a friendly minion's Attack and Health to 8. It can't attack heroes this turn.
TIME_048	Clockwork Rager	[x]Battlecry: Gain +1 Health for each turn you've taken this game.@ (@ |4(turn, turns))
TIME_051	Soldier of the Infinite	Rush Battlecry: Double this minion's Attack.
TIME_057	Wizened Truthseeker	Battlecry: Set the Cost of every card in both player's hands back to their original Costs.
TIME_059	Living Paradox	Elusive Battlecry: Summon two 2/1 Living Paradoxes with Elusive.
TIME_061	Timeless Causality	Battlecry: Reverse the order of your deck.
TIME_062	Chronicle Keeper	Battlecry: If you're holding a Dragon, gain Taunt and Divine Shield.
TIME_102	Circadiamancer	[x]Battlecry: Add a random 8-Cost minion to your hand. At the start of your turns, reduce its Cost by (1).
TIME_209	Muradin, High King	[x]Fabled, Rush. Battlecry: Bring the High King's Hammer to ME! Deathrattle: Add it to your hand.
TIME_213	Primordial Overseer	[x]Battlecry: If you've cast a Nature spell while holding this, gain +1/+1 and draw a card.
TIME_427	Cleansing Lightspawn	[x]Lifesteal Battlecry: Deal damage to an enemy minion equal ___to this minion's Health.
TIME_429	Divine Augur	[x]Battlecry: Set the Attack and Health of every minion in your hand to the higher of the two stats.
TIME_431	Amber Priestess	[x]Taunt Battlecry: Restore Health to a character equal to this minion's Health.
TIME_435	Eternus	[x]Battlecry: Take control of an enemy minion with this __minion's Health or less.
TIME_442	Timeway Warden	[x]Battlecry: Imprison an enemy minion. It goes Dormant for 10,000 turns. ___Deathrattle: Awaken it.
TIME_601	Arrow Retriever	Battlecry: Draw until you have 3 cards.
TIME_605	Epoch Stalker	Rush, Elusive Battlecry: Summon a copy of this.
TIME_609	Ranger General Sylvanas	[x]Fabled. Battlecry: Deal 2 damage to all enemies. ____If you've played Alleria or____ __Vereesa, repeat for each.
TIME_609t1	Ranger Captain Alleria	[x]Battlecry: Discover a spell. If you've played Sylvanas or Vereesa, repeat for each.
TIME_609t2	Ranger Initiate Vereesa	[x]Battlecry: Give minions in your deck +1/+1. If you've played Alleria or Sylvanas, repeat for each.
TIME_614	Liferender	Battlecry: If your hero's Health changed this turn, deal 6 damage to an enemy minion.
TIME_618	Husk, Eternal Reaper	"[x]Battlecry: Give your hero ""Deathrattle: Spend up to 20 Corpses to resurrect with that much Health."""
TIME_619	Talanji of the Graves	[x]Fabled. Battlecry: Draw Bwonsamdi (or resurrect him if he has died). Choose a Boon to give him.
TIME_703	Endangered Dodo	[x]Taunt Battlecry: If you have 10 or less Health, gain +5/+5 and ___summon a copy of this.
TIME_704	Highborne Mentor	[x]Battlecry: Get a 2/2 Pupil. Discover a spell that costs (7) or more from the past to teach it.
TIME_704t	Highborne Pupil	Battlecry: Cast {0}.
TIME_705	Krona, Keeper of Eons	[x]Taunt Battlecry: Set the Costs of the bottom 5 cards of your deck to (1).
TIME_706	The Fins Beyond Time	[x]Battlecry: Replace your hand with your starting hand. Swap back at the end of your turn.
TIME_713	Time Adm'ral Hooktail	Battlecry: Summon a 0/8 Chest for your opponent. It's FULL of Coins!
TIME_714	Chrono-Lord Epoch	Battlecry: Destroy all minions that your opponent played last turn.
TIME_720	Soldier of the Bronze	Taunt Battlecry: Double this minion's Health.
TIME_730	Kaldorei Cultivator	[x]Battlecry: Discover 2 Beasts. Put them on the bottom of your deck with +5/+5.
TIME_858	Temporal Construct	[x]Battlecry: Deal 5 damage to an enemy minion. Draw cards equal to the excess damage.
TIME_860	Faceless Enigma	[x]Battlecry: Look at 2 random Secrets. Pick one to cast for yourself. The other casts for your opponent.
TIME_861	Timelooper Toki	[x]Battlecry: Get 3 random spells from the past. When you play ALL 3, get another Timelooper Toki.
TIME_871	Heir of Hereafter	[x]Taunt Battlecry: Gain +2/+2 for each damaged minion.
TIME_872	Undefeated Champion	[x]Rush. Battlecry: Fill your opponent's board with __random 1-Cost minions.
TIME_875	Garona Halforcen	[x]Fabled. Battlecry: If your opponent is holding King Llane, destroy him and cut their Health in half.
TIME_875t	King Llane	[x]Start of Game: Hide from Garona in the enemy's deck. Battlecry: Draw a card. Shuffle this back into your deck.
TIME_890	Medivh the Hallowed	[x]Fabled. Costs (0) if you control Karazhan. Battlecry: Silence and destroy all other minions.
TIME_EVENT_301	Disciple of Demise	[x]Battlecry: Randomly destroy another minion. Repeat for each Dragon you're holding.
TIME_EVENT_998	Runi, Temporal Guardian	[x]Battlecry: Send all minions in your hand 2 turns into the future. They return with +5/+5.
TLC_100	Elise the Navigator	Battlecry: If your deck started with 10 cards of different Costs, craft a custom location.
TLC_102	Torga	Battlecry: Draw a Kindred card and another card that activates it.
TLC_106	Endbringer Umbra	[x]Battlecry: Trigger the Deathrattles of 5 friendly minions that died this game.
TLC_109	Relic Miner	[x]Battlecry: Destroy the top card of your deck. Discover a card of the same Rarity.
TLC_110	City Chief Esho	[x]Battlecry: If every minion in your deck shares a minion type, give your other minions +2/+2 (wherever they are).
TLC_223	Volcanic Thrasher	Battlecry: Draw a Fire spell. Kindred: Give it Spell Damage +2.
TLC_229t14	Ashalon, Ridge Guardian	[x]Rush. Battlecry: Adapt twice. For the rest of the game, give minions you play those Adaptations.
TLC_233	Hatchery Helper	[x]Battlecry: Give your other minions with 2 or less Attack +1/+2 and Taunt.
TLC_242	Ancient Stegodon	Battlecry: Choose to gain Taunt, Poisonous, or +1/+1.
TLC_245	Ancient Raptor	"[x]Battlecry: Choose to gain +3 Attack, Divine Shield, or ""Deathrattle: Summon two 1/1 Plants."""
TLC_246	Ancient Pterrordax	[x]Battlecry: Choose to gain Stealth until your next turn, Elusive, or Windfury.
TLC_250	Crater Gator	[x]Battlecry: Until the start of your next turn, the enemy hero can't be healed.
TLC_251	Primalfin Challenger	Battlecry: Your next Kindred triggers twice.
TLC_252	Dissolving Ooze	[x]Battlecry: Destroy a friendly minion. Spit out the Bones of its Attack and Health into your hand.
TLC_255	Crystal Tender	[x]Tradeable Battlecry: Gain empty Mana Crystals until both players have the same Mana.
TLC_257	Loh, the Living Legend	Battlecry: Your minions cost (5) this game.
TLC_427	Rockskipper	Battlecry: Get a 1-Cost Rock that deals $3 damage.
TLC_428	Hot Spring Glider	Battlecry: Your next Murloc costs (1) less. Kindred: And gains Divine Shield.
TLC_432	Dread Raptor	Battlecry: Draw a Deathrattle minion that costs (3) or less. Kindred: It costs (0).
TLC_438	Violet Treasuregill	[x]Battlecry: Cast a random spell from your deck that costs (2) or less (targets this if possible).
TLC_450	Spelunker	Battlecry: Your next Temporary card costs (2) less.
TLC_452t1	Titanographer Osk	Battlecry: Destroy an enemy minion. This minion and your hero gain its Health.
TLC_452t14	Titanographer Osk	[x]Battlecry: Cast 1 random Mage Secret.
TLC_452t15	Titanographer Osk	[x]Battlecry: Enemy cards cost (1) more next turn.
TLC_452t16	Titanographer Osk	Battlecry: Set the Attack and Health of all enemy minions to 2.
TLC_452t18	Titanographer Osk	Battlecry: Draw 2 minions. Set their Attack, Health, and Cost to 2.
TLC_452t19	Titanographer Osk	[x]Battlecry: Choose a non-Titan minion. Summon a copy of it with +2/+2.
TLC_452t2	Titanographer Osk	[x]Battlecry: The next spell you cast costs (3) less and has Spell_Damage_+3.
TLC_452t20	Titanographer Osk	[x]Battlecry: Summon a random 6-Cost minion. Give it Taunt and Lifesteal.
TLC_452t21	Titanographer Osk	[x]Battlecry: Choose two enemy minions. Remove them from the game.
TLC_452t22	Titanographer Osk	Battlecry: Gain +2/+1. Deal 4 damage to a random enemy.
TLC_452t23	Titanographer Osk	Battlecry: Gain +1/+2. Draw a card.
TLC_452t24	Titanographer Osk	Battlecry: Gain +3 Health and Elusive.
TLC_452t26	Titanographer Osk	Battlecry: Deal 20 damage to another minion.
TLC_452t27	Titanographer Osk	[x]Battlecry: Deal 3 damage to all enemies and restore 6_Health to all friendly characters.
TLC_452t28	Titanographer Osk	Battlecry: Summon two 6/6 Infernals.
TLC_452t29	Titanographer Osk	[x]Battlecry: Send all other minions into the Twisting_Nether.
TLC_452t3	Titanographer Osk	Battlecry: Summon two 3/3 Undead with Taunt and Reborn.
TLC_452t30	Titanographer Osk	[x]Battlecry: Gain +5 Health. Give your hero 5 Armor.
TLC_452t31	Titanographer Osk	[x]Battlecry: Gain +5 Attack. Give your hero +5 Attack this turn.
TLC_452t32	Titanographer Osk	[x]Battlecry: Gain +2/+2. Draw a weapon.
TLC_452t33	Titanographer Osk	[x]Battlecry: Fill your hand with 1/1 Chaotic Tendrils.
TLC_452t34	Titanographer Osk	[x]Battlecry: Force each enemy minion to attack a random enemy minion.
TLC_452t35	Titanographer Osk	Battlecry: Take control of an enemy minion.
TLC_452t4	Titanographer Osk	Battlecry: Discover a Deathrattle minion. It costs (3) less.
TLC_452t5	Titanographer Osk	[x]Battlecry: Reduce the Cost of all minions in your hand by (2).
TLC_452t6	Titanographer Osk	[x]Battlecry: Summon four 2/2 Elementals with Taunt.
TLC_452t7	Titanographer Osk	Battlecry: Draw cards until your hand is full.
TLC_452t8	Titanographer Osk	Battlecry: Restore your hero to full Health.
TLC_452t9	Titanographer Osk	Battlecry: Refresh your Mana Crystals.
TLC_454	Scalehide Kodo	[x]Battlecry: Destroy the lowest Attack enemy minion. Kindred: The highest Attack instead.
TLC_461	Scrappy Scavenger	[x]Battlecry: Discover a card with Cost equal to your remaining Mana Crystals.
TLC_463	Razidir	[x]Battlecry: Discard a random card from your hand. Kindred: Your opponent's hand instead.
TLC_482	Slagclaw	[x]Battlecry: Summon two 2/1 Sizzling Cinders. Kindred: Trigger your Sizzling Cinders' Deathrattles.
TLC_513t	Master Dusk	[x]Battlecry: Summon two 3/3 Ninjas with Stealth. Your Ninjas now shuffle back into your deck when they die.
TLC_514	Merchant of Legend	Battlecry: Discover a Legendary minion. Shuffle the other two into_your deck.
TLC_516	Neferset Weaponsmith	[x]Battlecry: Get a random weapon from another class. Combo: Give it +2 Attack.
TLC_521	Eyes in the Sky	[x]Battlecry: Look at 3 cards in your enemy's deck. Pick one to put on top.
TLC_522	Opu the Unseen	Stealth. Battlecry, Combo, and Deathrattle: Cast 'Fan of Knives'.
TLC_600	Windpeak Wyrm	[x]Battlecry: Deal 5 damage and gain 5 Armor. Kindred: Costs (3) less.
TLC_602t	Latorvius, Gaze of the City	[x]Battlecry: Get 2 random 'Journey to Un'Goro' Quest Rewards. Shuffle the rest into your deck.
TLC_603	Platysaur	Battlecry: Draw a card. Deathrattle: Discard it.
TLC_606	Latorvian Armorer	Battlecry: Deal 2 damage to an enemy minion. If it dies, gain 5 Armor.
TLC_624	Nablya, the Watcher	[x]Battlecry: Summon copies of your damaged minions. Give the copies Rush.
TLC_631t	Gorishi Colossus	[x]Battlecry: For the rest of the game, whenever you deal exactly 2 damage to an enemy, deal 2 more.
TLC_633	Bugsquasher	Battlecry: Deal 6 damage to an enemy minion with a minion type.
TLC_810	High Cultist Herenn	[x]Battlecry: Summon two Deathrattle minions from your deck. They fight!
TLC_817t3	Sol'etos, Life's Breath	[x]Taunt. Battlecry: Summon a copy of this. If you're holding both halves _of Sol'etos, combine!
TLC_817t5	Sol'etos, Cycle's Rebirth	[x]Taunt, Reborn. Battlecry: Summon a copy of this. Deathrattle: Deal 5 damage to a random enemy.
TLC_826	Story of Carnassa	"Shuffle ten 1-Cost 3/2 Raptors into your deck with ""Battlecry: Draw a card."""
TLC_829	Ravenous Devilsaur	[x]Battlecry: Destroy a minion. Kindred: Gain its stats.
TLC_830t	Shokk, Jungle Tyrant	[x]Rush Battlecry: Discover any 8, 6, and 4-Attack Beast. Set their Costs to (2).
TLC_841	Entomologist Toru	[x]Battlecry: Put each minion in your hand into 0/1 Jars _that cost (1). Break them __to release the minions!
TLC_888	Cloud Serpent	[x]Battlecry: Get a copy of another Elemental or Dragon in your hand.
TLC_987	Questing Assistant	[x]Battlecry: If you played a Quest this game, deal 3 damage to an enemy minion.
TOY_006	Scarab Keychain	Battlecry: Discover a 2-Cost card.
TOY_054	Card Grader	Battlecry: If you've cast a spell while holding this, Discover a card from your deck.
TOY_101	Night Elf Huntress	[x]Battlecry: Deal 3 damage to three different enemies. (You pick the targets!)
TOY_307	Sweetened Snowflurry	[x]Miniaturize Battlecry: Get 2 random Temporary Frost spells.
TOY_307t	Sweetened Snowflurry	[x]Mini Battlecry: Get 2 random Temporary Frost spells.
TOY_330t97	Twin Module	[x]Battlecry: Summon a copy of this.
TOY_341	Nostalgic Clown	[x]Miniaturize Battlecry: If you've played a higher Cost card while holding this, deal 4 damage.
TOY_341t	Nostalgic Clown	[x]Mini Battlecry: If you've played a higher Cost card while holding this, deal 4 damage.
TOY_350	Painted Canvasaur	Battlecry: Give each other friendly Beast a random Bonus Effect.
TOY_357	King Plush	[x]Charge Battlecry: Return all minions with less Attack than this __to their owner's decks.
TOY_370	Triplewick Trickster	Battlecry: Deal 2 damage to a random enemy, three times.
TOY_373	Puzzlemaster Khadgar	[x]Battlecry: Equip a 0/6 Wisdomball that casts helpful Mage spells!
TOY_375	Sleet Skater	Miniaturize Battlecry: Freeze an enemy minion. Gain Armor equal to its Attack.
TOY_375t	Sleet Skater	Mini Battlecry: Freeze an enemy minion. Gain Armor equal to its Attack.
TOY_376	Watercolor Artist	Battlecry: Draw a Frost spell. At the start of your turns, reduce its Cost by (1).
TOY_383	Raza the Resealed	[x]Battlecry: Shuffle copies of 5 random friendly minions that died this game into your deck. They cost (0).
TOY_385	Timewinder Zarimi	[x]Battlecry: Once per game, if you've played 8 other Dragons, take an extra turn.@ ({0} left!)@ (Ready!)
TOY_386	Giftwrapped Whelp	Battlecry: If you're holding a Dragon, give it and this minion +1/+1.
TOY_388	Chalk Artist	[x]Battlecry: Draw a minion. Transform it into a random _Legendary one (keeping its __original stats and Cost).
TOY_391	Caricature Artist	Battlecry: Draw a minion that costs (5) or more. Give it a funny mustache!
TOY_501	Shudderblock	[x]Miniaturize Battlecry: Your next Battlecry triggers 3 times, but can't _damage the enemy hero.
TOY_501e	Ready for Action	Your next Battlecry triggers 3 times.
TOY_501t	Shudderblock	[x]Mini Battlecry: Your next Battlecry triggers 3 times, but can't _damage the enemy hero.
TOY_503	Shining Sentinel	Taunt, Elusive Battlecry: Summon a copy of this.
TOY_504	Hagatha the Fabled	[x]Battlecry: Draw 2 spells that cost (5) or more. Transform them into Slimes that cast the spells.
TOY_504t	Fairy Tale Slime	Battlecry: Cast {0}.
TOY_509	Wind-Up Musician	[x]Tradeable Battlecry: Deal @ damage to all enemy minions. (Trade to upgrade!)
TOY_513	Sand Art Elemental	[x]Miniaturize Battlecry: Give your hero +1 Attack and Windfury this turn.
TOY_513t	Sand Art Elemental	[x]Mini Battlecry: Give your hero +1 Attack and Windfury this turn.
TOY_517	Plucky Paintfin	[x]Poisonous Battlecry: Draw a Rush minion.
TOY_520	Observer of Mysteries	Battlecry: Cast 2 random Secrets. At the start of your turn, destroy them.
TOY_521	Sandbox Scoundrel	[x]Miniaturize Battlecry: Your next card this turn costs (2) less.
TOY_521t1	Sandbox Scoundrel	[x]Mini Battlecry: Your next card this turn costs (2) less.
TOY_524	Game Master Nemsy	Battlecry: Draw a Demon. Deathrattle: Swap places with it.
TOY_526	Malefic Rook	Battlecry: Attack YOUR hero.
TOY_607	Inventor Boom	[x]Battlecry: Resurrect two different friendly Mechs that cost (5) or more. They attack random enemies.
TOY_642	Ball Hog	[x]Lifesteal Battlecry and Deathrattle: Deal 3 damage to the lowest Health enemy.
TOY_652	Window Shopper	[x]Miniaturize Battlecry: Discover a Demon. Set its stats and Cost to this minion's.
TOY_652t	Window Shopper	[x]Mini Battlecry: Discover a Demon. Set its stats and Cost to this minion's.
TOY_703	Colifero the Artist	[x]Battlecry: Draw a minion. Transform all other friendly minions into copies of it.
TOY_802	Wind-Up Sapling	[x]Tradeable Battlecry: Refresh @ Mana |4(Crystal, Crystals). (Trade to upgrade!)
TOY_806	Sky Mother Aviana	[x]Battlecry: Shuffle 10 random Legendary minions into your deck. They cost (1).
TOY_809	Cardboard Golem	Battlecry: Increase the duration of Auras in your hand, deck, and battlefield by 1.
TOY_813	Toy Captain Tarim	[x]Miniaturize Taunt. Battlecry: Set a minion's Attack and Health to this minion's.
TOY_813t	Toy Captain Tarim	[x]Mini Taunt. Battlecry: Set a minion's Attack and Health to this minion's.
TOY_823	Rainbow Seamstress	[x]Battlecry: If your deck started with a Blood, Frost, or Unholy card, gain Lifesteal, Reborn, or Rush respectively.
TOY_827	Shambling Zombietank	[x]Taunt Battlecry: Spend 5 Corpses to summon a copy of this.
TOY_829	The Headless Horseman	[x]Battlecry: Destroy the enemy minion with the most Attack! Shuffle my Head into your deck, you must get it back!
TOY_829t2	The Headless Horseman	[x]Battlecry: Destroy the enemy minion with the most Attack! Shuffle my Head into your deck, you must get it back!
TOY_830	Dr. Stitchensew	[x]Battlecry: Discover a 5, 3, and 1-Cost minion to stitch to this. Deathrattle: Summon the 5-Cost minion.
TOY_880	Wind-Up Enforcer	[x]Tradeable Battlecry: Summon @ |4(copy, copies) of this minion. (Trade to upgrade!)
TOY_882	Trinket Artist	Battlecry: Draw a Divine_Shield minion and an Aura.
TOY_891	Workshop Janitor	Battlecry: If you control a location, draw 2 cards.
TOY_894	Origami Frog	[x]Rush Battlecry: Swap Attack with another minion.
TOY_895	Origami Crane	[x]Taunt Battlecry: Swap Health with another minion.
TOY_896	Origami Dragon	[x]Divine Shield, Lifesteal Battlecry: Swap stats with another minion.
TOY_913	Ci'Cigi	[x]Battlecry, Outcast, and Deathrattle: Get a random __first-edition Demon Hunter__ card (in mint condition).
TOY_913t3	Glaivebound Adept	Battlecry: If your hero attacked this turn, deal 4 damage.
TOY_915	Tabletop Roleplayer	[x]Miniaturize Battlecry: Give a friendly Demon +2 Attack and Immune this turn.
TOY_915t	Tabletop Roleplayer	[x]Mini Battlecry: Give a friendly Demon +2 Attack and Immune this turn.
TOY_916	Sketch Artist	Battlecry: Draw a Shadow spell. Get a Temporary copy of it.
TOY_960	Joymancer Jepetto	[x]Battlecry: Get copies of every 1-Attack or 1-Health minion you've played this game.
TRL_059	Bog Slosher	Battlecry: Return a friendly minion to your hand and give it +2/+2.
TRL_065	Zul'jin	[x]Battlecry: Cast all spells you've played this game (targets chosen randomly).
TRL_071	Bloodsail Howler	[x]Rush Battlecry: Gain +1/+1 for each other Pirate you control.
TRL_077	Gurubashi Hypemon	Battlecry: Discover a 1/1 copy of a Battlecry minion. It costs (1).
TRL_096	Griftah	[x]Battlecry: Discover two cards. Give one to your opponent at random.
TRL_111	Headhunter's Hatchet	[x]Battlecry: If you control a Beast, gain +1 Durability.
TRL_126	Captain Hooktusk	Battlecry: Summon 3 Pirates from your deck. Give them Rush.
TRL_151	Former Champ	Battlecry: Summon a 5/5_Hotshot.
TRL_240	Savage Striker	Battlecry: Deal damage to an enemy minion equal to your hero's Attack.
TRL_247	Soulwarden	Battlecry: Add 3 random cards you discarded this game to your hand.
TRL_253	Hir'eek, the Bat	Battlecry: Fill your board with copies of this minion.
TRL_259	Princess Talanji	Battlecry: Summon all minions from your hand that_didn't start in your_deck.
TRL_260	Bwonsamdi, the Dead	[x]Battlecry: Draw 1-Cost minions from your deck until your hand is full.
TRL_308	High Priest Thekal	Battlecry: Convert all but 1_of your Hero's Health into Armor.
TRL_311	Arcanosaur	Battlecry: If you played an_Elemental last turn, deal_3_damage_to_all other minions.
TRL_316	Jan'alai, the Dragonhawk	[x]Battlecry: If your Hero Power dealt 8 damage this game, summon Ragnaros the Firelord.@ ({0} left!)@ (Ready!)
TRL_318	Hex Lord Malacrass	Battlecry: Add a copy of your opening hand to your hand (except this card).
TRL_323	Emberscale Drake	Battlecry: If you're holding a Dragon, gain 5 Armor.
TRL_326	Smolderthorn Lancer	Battlecry: If you're holding a Dragon, destroy a damaged enemy minion.
TRL_328	War Master Voone	Battlecry: Copy all Dragons in your hand.
TRL_341	Treespeaker	Battlecry: Transform your Treants into 5/5 Ancients.
TRL_345	Krag'wa, the Frog	Battlecry: Return all spells you played last turn to_your hand.
TRL_348	Springpaw	[x]Rush Battlecry: Add a 1/1 Lynx with Rush to your hand.
TRL_349	Bloodscalp Strategist	Battlecry: If you have a weapon equipped, Discover a spell.
TRL_390	Daring Fire-Eater	Battlecry: Your next Hero Power this turn deals 2_more damage.
TRL_407	Waterboy	Battlecry: Your next Hero Power this turn costs (0).
TRL_409	Gral, the Shark	[x]Battlecry: Eat a minion in your deck and gain its stats. Deathrattle: Add it to your hand.
TRL_501	Auchenai Phantasm	Battlecry: This turn, your healing effects deal damage instead.
TRL_504	Booty Bay Bookie	Battlecry: Give your opponent a Coin.
TRL_509	Banana Buffoon	Battlecry: Add 2 Bananas to your hand.
TRL_512	Cheaty Anklebiter	Lifesteal Battlecry: Deal 1 damage.
TRL_514	Belligerent Gnome	[x]Taunt Battlecry: If your opponent has 2 or more minions, gain +1 Attack.
TRL_517	Arena Fanatic	Battlecry: Give all minions in your hand +1/+1.
TRL_522	Wartbringer	Battlecry: If you played 2_spells this turn, deal 2_damage.
TRL_523	Firetree Witchdoctor	[x]Battlecry: If you're holding a Dragon, Discover a spell.
TRL_524	Shieldbreaker	Battlecry: Silence an enemy minion with Taunt.
TRL_526	Dragonmaw Scorcher	Battlecry: Deal 1 damage to all other minions.
TRL_527	Drakkari Trickster	[x]Battlecry: Give each player a copy of a random card from their opponent's deck.
TRL_530	Masked Contender	Battlecry: If you control a_Secret, cast a Secret from_your deck.
TRL_533	Ice Cream Peddler	Battlecry: If you control a_Frozen minion, gain 8_Armor.
TRL_537	Da Undatakah	[x]Battlecry: Gain the Deathrattle effects of 3 friendly minions that died this game.
TRL_543	Bloodclaw	Battlecry: Deal 5 damage to your hero.
TRL_545	Zandalari Templar	[x]Battlecry: If you've restored 10 Health this game, gain +4/+4 and Taunt.@ ({0} left!)@ (Ready!)
TRL_546	Ornery Tortoise	Battlecry: Deal 5 damage to your hero.
TRL_551	Reckless Diretroll	Taunt Battlecry: Discard your lowest Cost card.
TRL_564	Mojomaster Zihi	Battlecry: Set each player to 5 Mana Crystals.
TRL_569	Crowd Roaster	[x]Battlecry: If you're holding a Dragon, deal 7 damage to an enemy minion.
TRL_900	Halazzi, the Lynx	Rush. Battlecry: Fill your hand with 1/1 Lynxes that have Rush.
TSC_017	Baba Naga	Battlecry: If you've cast a spell while holding this, deal 3 damage.
TSC_020	Barbaric Sorceress	Taunt. Battlecry: Swap the Cost of a random spell in each player's hand.
TSC_032	Blademaster Okani	[x]Battlecry: Secretly choose to Counter the next minion or spell your opponent plays while this is alive.
TSC_034	Gorloc Ravager	[x]Battlecry: Draw 3 Murlocs.
TSC_039	Azsharan Scavenger	Battlecry: Put a 'Sunken Scavenger' on the bottom of your deck.
TSC_039t	Sunken Scavenger	Battlecry: Give your other Murlocs +1/+1 (wherever they are).
TSC_052	School Teacher	Battlecry: Add a 1/1 Nagaling to your hand. Discover a spell that costs (3) or less to teach it.
TSC_052t	Nagaling	Battlecry: Cast {0}.
TSC_059	Bubblebot	[x]Battlecry: Give your other Mechs Divine Shield and Taunt.
TSC_060	Shimmering Sunfish	Battlecry: If you're holding a Holy Spell, gain Taunt and Divine Shield.
TSC_064	Slithering Deathscale	Battlecry: If you've cast three spells while holding this, deal 3 damage to all enemies.@ ({0} left!)@ (Ready!)
TSC_067	Ambassador Faelin	Battlecry: Put 3 Colossal minions on the bottom of your deck.
TSC_069	Amalgam of the Deep	[x]Battlecry: Choose a friendly minion. Discover a minion of the same minion type.
TSC_071	Twinbow Terrorcoil	[x]Battlecry: If you've cast a spell while holding this, your next spell casts twice.
TSC_083	Seafloor Savior	[x]Battlecry: Dredge. If it's a minion, give it this minion's Attack and Health.
TSC_086	Swordfish	Battlecry: Dredge. If it's a Pirate, give this weapon and the Pirate +2 Attack.
TSC_087	Commander Sivara	[x]Battlecry: If you've cast three spells while holding this, add those spells back to your hand.@ ({0} left!)@ (Ready!)
TSC_212	Handmaiden	[x]Battlecry: If you've cast three spells while holding this, draw 3 cards.@ ({0} left!)@ (Ready!)
TSC_213	Queensguard	Battlecry: Gain +1/+1 for each spell you've cast this turn.
TSC_609	Coilskar Commander	[x]Taunt. Battlecry: If you've cast three spells while holding this, summon two __copies of this.@ ({0} left!)@ (Ready!)
TSC_610	Glaiveshark	[x]Battlecry: If your hero attacked this turn, deal 2 damage to all enemies.
TSC_630	Wrathspine Enchanter	Battlecry: Cast a copy of a Fire, Frost, and Nature spell in your hand (targets chosen randomly).
TSC_632	Click-Clocker	[x]Divine Shield. Battlecry: Give a random Mech in your hand +1/+1.
TSC_640	Reefwalker	Battlecry and Deathrattle: Summon a 1/1 Piranha Swarmer.
TSC_641	Queen Azshara	Battlecry: If you've cast three spells while holding this, choose an Ancient Relic.@ ({0} left!)@ (Ready!)
TSC_642	Trench Surveyor	Battlecry: Dredge. If it's a Mech, draw it.
TSC_643	Spellcoiler	[x]Battlecry: If you've cast a spell while holding this, Discover a spell.
TSC_644	Azsharan Mooncatcher	[x]Divine Shield. Battlecry: Put a 'Sunken Mooncatcher' on the bottom of your deck.
TSC_644t	Sunken Mooncatcher	Divine Shield. Battlecry: Summon a copy of this.
TSC_646	Seascout Operator	Battlecry: If you control a Mech, summon two 2/1 Mechafish.
TSC_648	Coral Keeper	[x]Battlecry: Summon a 3/3 Elemental for each spell school you've cast this game.
TSC_649	Ini Stormcoil	[x]Battlecry: Choose a friendly Mech. Summon a copy of it with Rush, Windfury, and Divine Shield.
TSC_652	Green-Thumb Gardener	[x]Battlecry: Refresh empty Mana Crystals equal to the Cost of the highest Cost spell in your hand.
TSC_658	Hedra the Heretic	[x]Battlecry: For each spell you've cast while holding this, summon a minion of that spell's Cost.
TSC_659	Trenchstalker	Battlecry: Attack three different random enemies.
TSC_660	Nellie, the Great Thresher	[x]Colossal +1 Battlecry: Discover 3 Pirates to crew Nellie's Ship!
TSC_753	Bloodscent Vilefin	[x]Battlecry: Dredge. If it's a Murloc, change its Cost to _Health instead of Mana.
TSC_776	Azsharan Sweeper	Battlecry: Put a 'Sunken Sweeper' on the bottom of your deck.
TSC_776t	Sunken Sweeper	Battlecry: Add 3 random Mechs to your hand. They cost (1) less.
TSC_823	Murkwater Scribe	Battlecry: The next spell you play costs (1) less.
TSC_826	Crushclaw Enforcer	Battlecry: If you've cast a spell while holding this, draw a Naga.
TSC_828	Priestess Valishj	[x]Battlecry: Refresh an empty Mana Crystal for each spell ___you've cast this turn.@ (@)
TSC_908	Sir Finley, Sea Guide	[x]Battlecry: Swap your hand with the bottom of your deck.
TSC_909	Tuskarrrr Trawler	Battlecry: Dredge.
TSC_911	Excavation Specialist	Battlecry: Dredge. Reduce its Cost by (1).
TSC_915	Bone Glaive	Battlecry: Dredge.
TSC_917	Blackscale Brute	Taunt. Battlecry: If you have a weapon equipped, summon a 5/6 Naga with Rush.
TSC_926	Smothering Starfish	Battlecry: Silence ALL other minions.
TSC_934	Pirate Admiral Hooktusk	Battlecry: If you've summoned 7 other Pirates this game, plunder the enemy!@ ({0} left!)@ (Ready!)
TSC_936	Swiftscale Trickster	Battlecry: Your next spell this turn costs (0).
TSC_942	Obsidiansmith	[x]Battlecry: Dredge. If it's a minion or a weapon, give it +1/+1.
TSC_943	Lady Ashvane	Battlecry: Give all weapons in your hand, deck, and battlefield +1/+1.
TSC_950	Hydralodon	[x]Colossal +2 Battlecry: Give your _Hydralodon Heads Rush.
TSC_955	Sira'kess Cultist	Battlecry: Give your opponent an Abyssal Curse.
TSC_959	Za'qul	[x]Your Abyssal Curses heal you for the damage they deal. Battlecry: Give your opponent an Abyssal Curse.
TSC_960	Twin-fin Fin Twin	Rush. Battlecry: Summon a copy of this.
TSC_962	Gigafin	[x]Colossal +1. Battlecry: Devour all enemy minions. Deathrattle: Spit them back out.
TTN_039	Watcher of the Sun	Battlecry: Get a random Holy spell. Forge: Also restore #6 Health to your hero.
TTN_039t	Watcher of the Sun	Forged Battlecry: Get a random Holy spell. Restore 6 Health to your hero.
TTN_076	Mechagnome Guide	Battlecry: Discover a spell. Forge: It costs (3) less.
TTN_076t	Mechagnome Guide	[x]Forged Battlecry: Discover a spell. It costs (3) less.
TTN_080	Fable Stablehand	[x]Rush Battlecry: If you control a minion with 4 or more Attack, gain +2/+2.
TTN_083	Son of Hodir	Battlecry: Shuffle four 8/8 Giants into your deck that are summoned when drawn.
TTN_092	Aggramar, the Avenger	Titan Battlecry: Equip a 3/3 Taeshalach.
TTN_095	Aqua Archivist	[x]Battlecry: The next Elemental you play costs (2) less.
TTN_441	Shapeless Constellation	Battlecry: Transform into an 8/8 copy of a random minion in your hand.
TTN_455	Tomb Traitor	Battlecry: Destroy a Plague in your opponent's deck to deal 3 damage to all enemy minions.
TTN_456	Thornveil Tentacle	[x]Lifesteal Battlecry: Deal 2 damage to a random enemy minion.
TTN_457	Eulogizer	[x]Battlecry: Spend 3 Corpses to deal 3 damage. Forge: Gain them instead.
TTN_457t	Eulogizer	Forged Battlecry: Gain 3 Corpses. Deal 3 damage.
TTN_458	XB-488 Disposalbot	Battlecry: Deal 5 damage randomly split among all enemy minions. Forge: Gain Lifesteal.
TTN_458t	XB-488 Disposalbot	[x]Forged, Lifesteal Battlecry: Deal 5 damage randomly split among all enemy minions.
TTN_468	Steam Guardian	Battlecry: Draw a spell. Reduce the Cost of a random Fire spell in your hand by (1).
TTN_469	Stoneskin Armorer	Battlecry: If your Armor changed this turn, draw 2 cards.
TTN_475	Unchained Gladiator	[x]Battlecry: Draw a card. Repeat for each Elemental you played last turn.@ (@)
TTN_478	Inquisitive Creation	[x]Battlecry: Deal @ damage to all enemy minions. (Improved by each spell school you've cast this game!)
TTN_484	False Disciple	Battlecry: Discover a Legendary Priest minion from the past.
TTN_487	Loken, Jailer of Yogg-Saron	[x]Battlecry: Discover a minion from your deck. Summon a Tentacle with its stats and Taunt.
TTN_490	Disciple of Sargeras	Battlecry: Discard a spell to summon two 3/2 Imps. Forge: Give them +2 Health and Taunt.
TTN_490t	Disciple of Sargeras	[x]Forged Battlecry: Discard a spell to summon two 3/2 Imps with +2 Health and Taunt.
TTN_503	Disciple of Eonar	Battlecry: Your next Choose One card or power has both effects combined.
TTN_712	Sharp-Eyed Seeker	Battlecry: If there is a card in your deck that didn't start there, draw it.
TTN_714	Runefueled Golem	Battlecry: Discover a weapon from any class.
TTN_716	Flame Behemoth	Battlecry: Get two random Magnetic Mechs. They cost (2) less.
TTN_717	Algalon the Observer	Battlecry: Replace your Hero Power with Algalon's Vision.
TTN_718	Starlight Whelp	Battlecry: Get a random card from your starting hand.
TTN_723	Tram Operator	Battlecry: Draw a Mech. The next Mech you play costs (2) less.
TTN_742	Celestial Projectionist	[x]Battlecry: Choose a friendly minion. Add a Temporary copy of it to your hand.
TTN_751	Ignis, the Eternal Flame	Battlecry: If you've Forged a card this game, craft a custom weapon.
TTN_752	Hodir, Father of Giants	Battlecry: Set the stats of the next three minions you play to 8/8.
TTN_754	Ravenous Kraken	Battlecry: Destroy a friendly minion. Deathrattle: Summon a copy of it.
TTN_811	Odyn, Prime Designate	[x]Battlecry: For the rest of the game, after your hero gains Armor, they gain that much Attack for that turn.
TTN_832	Trogg Exile	Rush Battlecry: Deal 4 damage to your hero.
TTN_835	Thorim, Stormlord	[x]Battlecry: Unlock your Overloaded Mana Crystals. Draw that many cards.
TTN_842	Jotun, the Eternal	[x]Battlecry: For the rest of the game, cast a copy of the first spell you draw each turn at enemies.
TTN_850	Helya	[x]Battlecry: Shuffle all three Plagues into your opponent's deck. Plagues they draw this game are unending.
TTN_857	Tyr	Battlecry: Resurrect a 2, 3, and 4-Attack minion from your class.
TTN_860	Drone Deconstructor	[x]Battlecry: Get a 1/1 Magnetic Sparkbot with a random Bonus Effect.
TTN_925	Kaja'mite Creation	Battlecry: Discover a spell from another class that costs (3) or less.
TTN_927	Conservator Nymph	Battlecry: Transform a friendly Treant into a 5/5 Ancient with Taunt.
TTN_960	Sargeras, the Destroyer	[x]Titan Battlecry: Open a portal that summons two 3/2 Imps each turn.
ULD_003	Zephrys the Great	Battlecry: If your deck has no duplicates, wish for the perfect card.
ULD_137	Garden Gnome	[x]Battlecry: If you're holding a spell that costs (5) or more, summon two 2/2 Treants.
ULD_139	Elise the Enlightened	Battlecry: If your deck has no duplicates, duplicate your hand.
ULD_151	Ramkahen Wildtamer	Battlecry: Copy a random Beast in your hand.
ULD_154	Hyena Alpha	[x]Battlecry: If you control a Secret, summon two 2/2 Hyenas.
ULD_156	Dinotamer Brann	Battlecry: If your deck has no duplicates, summon King Krush.
ULD_157	Questing Explorer	Battlecry: If you control a Quest, draw a card.
ULD_158	Sandstorm Elemental	Battlecry: Deal 1 damage to all enemy minions. Overload: (1)
ULD_162	EVIL Recruiter	Battlecry: Destroy a friendly Lackey to summon a 5/5 Demon.
ULD_163	Expired Merchant	[x]Battlecry: Discard your highest Cost card. Deathrattle: Add 2 copies of it to your hand.
ULD_165	Riftcleaver	Battlecry: Destroy a minion. Your hero takes damage equal to its Health.
ULD_168	Dark Pharaoh Tekahn	Battlecry: For the rest of the game, your Lackeys are 4/4.
ULD_170	Weaponized Wasp	Battlecry: If you control a Lackey, deal 3_damage.
ULD_178	Siamat	[x]Battlecry: Gain 2 of Rush, Taunt, Divine Shield, or Windfury (your choice).
ULD_186	Pharaoh Cat	Battlecry: Add a random Reborn minion to your_hand.
ULD_188	Golden Scarab	Battlecry: Discover a 4-Cost card.
ULD_189	Faceless Lurker	Taunt Battlecry: Double this minion's Health.
ULD_191	Beaming Sidekick	Battlecry: Give a friendly minion +2 Health.
ULD_195	Frightened Flunky	Taunt Battlecry: Discover a Taunt_minion.
ULD_196	Neferset Ritualist	Battlecry: Restore adjacent minions to full_Health.
ULD_197	Quicksand Elemental	Battlecry: Give all enemy minions -2 Attack this_turn.
ULD_209	Vulpera Scoundrel	Battlecry: Discover a spell or pick a mystery choice.
ULD_212	Wild Bloodstinger	Battlecry: Summon a minion from your opponent's hand. Attack it.
ULD_229	Mischief Maker	Battlecry: Swap the top card of your deck with your_opponent's.
ULD_236	Tortollan Pilgrim	[x]Battlecry: Discover a spell in your deck and cast it with random targets.
ULD_238	Reno the Relicologist	Battlecry: If your deck has no duplicates, deal 10 damage randomly split among all enemy minions.
ULD_253	Tomb Warden	Taunt Battlecry: Summon a copy of this minion.
ULD_268	Psychopomp	[x]Battlecry: Summon a random friendly minion that died this game. Give it Reborn.
ULD_269	Wretched Reclaimer	[x]Battlecry: Destroy a friendly minion, then return it to life with full Health.
ULD_271	Injured Tol'vir	Taunt Battlecry: Deal 3 damage to this minion.
ULD_288	Anka, the Buried	Battlecry: Change each Deathrattle minion in your hand into a 1/1 that costs (1).
ULD_289	Fishflinger	Battlecry: Add a random Murloc to each player's_hand.
ULD_291	Corrupt the Waters	[x]Quest: Play 6 Battlecry cards. Reward: Heart of Vir'naal.
ULD_293	Cloud Prince	Battlecry: If you control a Secret, deal 6 damage.
ULD_304	King Phaoris	[x]Battlecry: For each spell in your hand, summon a random minion of the same Cost.
ULD_309	Dwarven Archaeologist	Battlecry: Discover a card. Reduce its Cost by (1).
ULD_327	Bazaar Mugger	Rush Battlecry: Add a random minion from another class to your hand.
ULD_410	Scarlet Webweaver	Battlecry: Reduce the Cost of a random Beast in your_hand by (5).
ULD_413	Splitting Axe	Battlecry: Summon copies of your Totems.
ULD_435	Naga Sand Witch	[x]Battlecry: Change the Cost of spells in your hand to (5).
ULD_439	Sandwasp Queen	Battlecry: Add two 2/1 Sandwasps to your hand.
ULD_500	Sir Finley of the Sands	[x]Battlecry: If your deck has no duplicates, Discover an upgraded Hero Power.
ULD_705	Mogu Cultist	Battlecry: If your board is full of Mogu Cultists, sacrifice them all and summon Highkeeper Ra.
ULD_712	Bug Collector	Battlecry: Summon a 1/1 Locust with Rush.
ULD_719	Desert Hare	Battlecry: Summon two 1/1 Desert Hares.
ULD_720	Bloodsworn Mercenary	[x]Battlecry: Choose a damaged friendly minion. Summon a copy of it.
ULD_727	Body Wrapper	Battlecry: Discover a friendly minion that died this game. Shuffle it into your deck.
UNG_001	Pterrordax Hatchling	Battlecry: Adapt.
UNG_002	Volcanosaur	Battlecry: Adapt, then_Adapt.
UNG_009	Ravasaur Runt	Battlecry: If you control at_least 2 other minions, Adapt.
UNG_011	Hydrologist	Battlecry: Discover and cast a Secret.
UNG_015	Sunkeeper Tarim	Taunt Battlecry: Set all other minions' Attack and Health to 3.
UNG_020	Arcanologist	Battlecry: Draw a Secret.
UNG_021	Steam Surger	[x]Battlecry: If you played an Elemental last turn, add a 'Flame Geyser' to your hand.
UNG_022	Mirage Caller	Battlecry: Choose a minion. Summon a 1/1 copy of it.
UNG_035	Curious Glimmerroot	[x]Battlecry: Look at 3 cards. Guess which one started in your opponent's deck to get a copy of it.
UNG_047	Ravenous Pterrordax	Battlecry: Destroy a friendly minion to Adapt_twice.
UNG_058	Razorpetal Lasher	[x]Battlecry: Add a Razorpetal to your hand that deals 2 damage.
UNG_070	Tol'vir Stoneshaper	[x]Battlecry: If you played an Elemental last turn, gain _Taunt and Divine_Shield.
UNG_072	Stonehill Defender	Taunt Battlecry: Discover a Taunt_minion.
UNG_073	Rockpool Hunter	Battlecry: Give a friendly Murloc +1/+1.
UNG_078	Tortollan Forager	Battlecry: Add a random minion with 5 or more Attack to your hand.
UNG_082	Thunder Lizard	Battlecry: If you played an_Elemental last turn, Adapt.
UNG_088	Tortollan Primalist	Battlecry: Discover a spell_and cast it with random targets.
UNG_089	Gentle Megasaur	Battlecry: Adapt your_Murlocs.
UNG_099	Charged Devilsaur	Charge Battlecry: Can't attack heroes this turn.
UNG_100	Verdant Longneck	Battlecry: Adapt.
UNG_109	Elder Longneck	Battlecry: If you're holding a minion with 5 or more Attack, Adapt.
UNG_113	Bright-Eyed Scout	Battlecry: Draw a card. Change its Cost to (5).
UNG_116t	Barnabus the Stomper	Battlecry: Reduce the Cost of minions in your deck to (0).
UNG_202	Fire Plume Harbinger	Battlecry: Reduce the Cost of Elementals in your hand_by (1).
UNG_205	Glacial Shard	Battlecry: Freeze an_enemy.
UNG_208	Stone Sentinel	Battlecry: If you played an Elemental last turn, summon two 2/3 Elementals with Taunt.
UNG_211	Kalimos, Primal Lord	[x]Battlecry: If you played an Elemental last turn, cast an Elemental Invocation.
UNG_800	Terrorscale Stalker	Battlecry: Trigger a friendly minion's Deathrattle.
UNG_801	Nesting Roc	Battlecry: If you control at_least 2 other minions, gain Taunt.
UNG_807	Golakka Crawler	Battlecry: Destroy a Pirate and gain +1/+1.
UNG_809	Fire Fly	Battlecry: Add a 1/2 Elemental to your hand.
UNG_816	Servant of Kalimos	[x]Battlecry: If you played an Elemental last turn, _Discover an Elemental.
UNG_833	Lakkari Felhound	Taunt Battlecry: Discard your two lowest-Cost cards.
UNG_835	Chittering Tunneler	[x]Battlecry: Discover a spell. Deal damage to your hero equal to its Cost.
UNG_840	Hemet, Jungle Hunter	Battlecry: Destroy all cards in your deck that cost (3)_or less.
UNG_846	Shimmering Tempest	Battlecry: Add a random Mage spell to your hand.
UNG_847	Blazecaller	Battlecry: If you played an_Elemental last turn, deal 5 damage.
UNG_848	Primordial Drake	[x]Taunt Battlecry: Deal 2 damage to all other minions.
UNG_851	Elise the Trailblazer	[x]Battlecry: Shuffle a sealed Un'Goro pack into your deck. If your deck has no duplicates, draw it.
UNG_907	Ozruk	[x]Taunt Battlecry: Gain +5 Health for each Elemental you played last turn.
UNG_912	Jeweled Macaw	Battlecry: Add a random Beast to your hand.
UNG_913	Tol'vir Warden	Battlecry: Draw two 1-Cost minions from your deck.
UNG_915	Crackling Razormaw	Battlecry: Adapt a friendly_Beast.
UNG_920t1	Queen Carnassa	Rush Battlecry: Shuffle 20 Raptors into your deck.
UNG_925	Ornery Direhorn	Taunt Battlecry: Adapt.
UNG_926	Cornered Sentry	Taunt. Battlecry: Summon three 1/1 Raptors for your_opponent.
UNG_933	King Mosh	Battlecry: Destroy all damaged minions.
UNG_934t1	Sulfuras	Battlecry: Your Hero Power becomes 'Deal 8_damage to a random enemy.'
UNG_937	Primalfin Lookout	Battlecry: If you control another Murloc, Discover a_Murloc.
UNG_938	Hot Spring Guardian	Taunt Battlecry: Restore #3_Health.
UNG_940t8	Amara, Warden of Hope	[x]Taunt Battlecry: Set your hero's Health to 40.
UNG_942t	Megafin	Battlecry: Fill your hand with random Murlocs.
UNG_946	Gluttonous Ooze	Battlecry: Destroy your opponent's weapon and gain Armor equal to its Attack.
UNG_954t1	Galvadon	Battlecry: Adapt 5 times.
UNG_962	Lightfused Stegodon	Battlecry: Adapt your Silver_Hand Recruits.
VAC_301	Razzle-Dazzler	[x]Battlecry: Summon a random 5-Cost minion. ___Repeat for each spell school___ _you've cast this game.@ (@)
VAC_304	Tidepool Pupil	[x]Battlecry: If you've cast 3 spells while holding this, Discover one of them.@ ({0} left!)@ (Ready!)
VAC_321	Incindius	[x]At the end of your turn, upgrade your Eruptions. Battlecry: Shuffle 5 of them into your deck.
VAC_327	Cryopractor	Battlecry: Give a minion +3/+3 and Freeze it.
VAC_332	Sea Shill	Battlecry: The next card you play from another class costs (2) less.
VAC_333	Conniving Conman	Battlecry: Replay the last card you played from another class.
VAC_336	Maestra, Mask Merchant	[x]Warlock Tourist Battlecry: Discover a Hero card from the past (from another class).
VAC_341	Undercooked Calamari	[x]Battlecry: Destroy an enemy minion with Attack less than or equal to this minion's.
VAC_407	Chatty Macaw	[x]Battlecry: Repeat the last spell you cast at an enemy (at a random enemy if possible).
VAC_412	Catch of the Day	[x]Rush Battlecry: Summon a 2/1 Worm for your opponent.
VAC_415	Sasquawk	Battlecry: Repeat each card you played last turn.
VAC_420	Narain Soothfancy	Battlecry: Get two Fortunes that are copies of the top card of your deck.
VAC_421	Snoozin' Zookeeper	[x]Battlecry: Summon an 8/8 Beast for your opponent. It attacks all of their minions.
VAC_423	Twilight Medium	[x]Taunt Battlecry: Set the Cost of the top card of your deck to (0).
VAC_430	Bloodsail Recruiter	Battlecry: Discover a Pirate.
VAC_432	Resort Valet	Battlecry: Discover a card from the newest expansion.
VAC_437	Buttons	Shaman Tourist Battlecry: Draw a spell of each spell school.
VAC_438	Travel Agent	Battlecry: Discover a location from any class.
VAC_442	Lamplighter	Battlecry: Deal @ damage (Improved by each turn in a row you've played an Elemental).
VAC_443	Surfalopod	[x]Battlecry: The next spell you draw is Cast When Drawn.
VAC_444	Overplanner	Battlecry: Choose three cards from your deck to put on top in that order.
VAC_449t	Carress, Cabaret Star	Battlecry: Draw 2 cards. Deal 6 damage to the enemy hero.
VAC_449t1	Carress, Cabaret Star	Battlecry: Draw 2 cards. Freeze three random enemy minions.
VAC_449t10	Carress, Cabaret Star	Battlecry: Deal 6 damage to the enemy hero. Deal 2 damage to all enemy minions.
VAC_449t11	Carress, Cabaret Star	[x]Battlecry: Gain +2/+2 and Taunt. Freeze three random enemy minions.
VAC_449t12	Carress, Cabaret Star	Battlecry: Restore 6 Health to your hero. Freeze three random enemy minions.
VAC_449t13	Carress, Cabaret Star	Battlecry: Destroy two random enemy minions. Freeze three random enemy minions.
VAC_449t14	Carress, Cabaret Star	Battlecry: Deal 2 damage to all enemy minions. Freeze three random enemy minions.
VAC_449t15	Carress, Cabaret Star	Battlecry: Gain +2/+2 and Taunt. Restore 6 Health to your hero.
VAC_449t16	Carress, Cabaret Star	Battlecry: Gain +2/+2 and Taunt. Destroy 2 random enemy minions.
VAC_449t17	Carress, Cabaret Star	Battlecry: Gain +2/+2 and Taunt. Deal 2 damage to all enemy minions.
VAC_449t18	Carress, Cabaret Star	Battlecry: Restore 6 Health to your hero. Destroy 2 random enemy minions.
VAC_449t19	Carress, Cabaret Star	Battlecry: Restore 6 Health to your hero. Deal 2 damage to all enemy minions.
VAC_449t2	Carress, Cabaret Star	Battlecry: Draw 2 cards. Gain +2/+2 and Taunt.
VAC_449t20	Carress, Cabaret Star	Battlecry: Deal 2 damage to all enemy minions. Destroy 2 random enemy minions.
VAC_449t3	Carress, Cabaret Star	Battlecry: Draw 2 cards. Restore 6 Health to your hero.
VAC_449t4	Carress, Cabaret Star	Battlecry: Draw 2 cards. Destroy 2 random enemy minions.
VAC_449t5	Carress, Cabaret Star	Battlecry: Draw 2 cards. Deal 2 damage to all enemy minions.
VAC_449t6	Carress, Cabaret Star	Battlecry: Deal 6 damage to the enemy hero. Freeze three random enemy minions.
VAC_449t7	Carress, Cabaret Star	[x]Battlecry: Deal 6 damage to the enemy hero. Gain +2/+2 and Taunt.
VAC_449t8	Carress, Cabaret Star	Battlecry: Deal 6 damage to the enemy hero. Restore 6 Health to your hero.
VAC_449t9	Carress, Cabaret Star	Battlecry: Deal 6 damage to the enemy hero. Destroy 2 random enemy minions.
VAC_464	Treasure Hunter Eudora	[x]Battlecry: Go on a Sidequest to Discover amazing loot! Play 3 cards from other classes to complete it.
VAC_464t6	Bubba	[x]Battlecry: Summon six 1/1 Bloodhounds with Rush to attack an enemy minion.
VAC_464t8	Crusty the Crustacean	[x]Battlecry: Destroy a minion. Gain its Attack and Health.
VAC_506	Cruise Captain Lora	[x]Battlecry: Summon 2 random locations.
VAC_519	Mistah Vistah	[x]Mage Tourist Battlecry: In 3 turns, replay every spell you've cast __between now and then.
VAC_521	Bumbling Bellhop	[x]Taunt Battlecry: If you're holding a spell that costs (5) or more, __summon a copy of this.
VAC_523	Mixologist	[x]Battlecry: Craft a custom 1-Cost Potion.
VAC_524	King Tide	[x]Battlecry: Both players' spells cost (5) until the end of your next turn.
VAC_525	The Ryecleaver	[x]Battlecry and Deathrattle: Get a Slice of Bread. (Get 2 to Sandwich any minions in between!)
VAC_529	Scrapbooking Student	Battlecry: Summon a copy of a friendly location.
VAC_701	Swarthy Swordshiner	Battlecry: Set the Attack and Durability of your weapon to 3.
VAC_702	Marin the Manager	[x]Battlecry: Choose a fantastic treasure. Shuffle the other 3 into your deck.
VAC_702t4	Golden Kobold	[x]Taunt Battlecry: Replace your hand with Legendary minions. They cost (1) less.
VAC_917	Grillmaster	[x]Battlecry: Draw your lowest Cost card. Deathrattle: Draw your highest Cost card.
VAC_919	Lifeguard	[x]Taunt Battlecry: The next spell you cast has Lifesteal.
VAC_924	Weapons Attendant	Battlecry: If you control another Pirate, equip a random weapon from your deck.
VAC_933	Patches the Pilot	[x]Battlecry: Shuffle six Parachutes into your deck that summon a 1/1 Pirate _____with Charge when drawn.___
VAC_934	Beached Whale	Taunt Battlecry: Deal 10 damage to this minion.
VAC_935	Carry-On Grub	[x]Battlecry: Get a 1-Cost Suitcase. Pack the top 2 _cards of your deck into it.
VAC_937	Sailboat Captain	Battlecry: Give a friendly Pirate Windfury.
VAC_940	Party Fiend	Battlecry: Summon two 1/1 Felbeasts. Deal 3 damage to your hero.
VAC_942	Fearless Flamejuggler	[x]Battlecry: Gain stats equal to the damage your hero has taken this turn.@ (@)
VAC_945	Party Planner Vona	Battlecry: If you've taken 8 damage on your turns, summon Ourobos.@ ({0} left!)@ (Ready!)
VAC_946	Terrible Chef	[x]Battlecry: Summon a 0/2 Nerubian Egg. Deathrattle: Destroy it.
VAC_947	Wave Pool Thrasher	Battlecry: Give all other minions -1/-1. Deathrattle: Give all other minions +1/+1.
VAC_954	Cabaret Headliner	Battlecry: Reduce the Cost of a spell of each school in your hand by (2).
VAC_955	Gorgonzormu	[x]Battlecry: Get a 2-Cost Cheese that summons three 1-Cost minions. It upgrades each turn.
VAC_957	Chillin' Vol'jin	[x]Hunter Tourist Battlecry: Choose 2 minions. Swap their stats.
VAC_959	Griftah, Trusted Vendor	[x]Battlecry: Discover an amazing Amulet to give to both players. (The enemy's is a phony version!)
VAC_961	Pet Parrot	Battlecry: Repeat the last 1-Cost card you played.
VAN_CS2_064	Dread Infernal	Battlecry: Deal 1 damage to ALL other characters.
VAN_CS2_151	Silver Hand Knight	Battlecry: Summon a 2/2_Squire.
VAN_CS2_181	Injured Blademaster	Battlecry: Deal 4 damage to HIMSELF.
VAN_CS2_188	Abusive Sergeant	Battlecry: Give a minion +2_Attack this turn.
VAN_CS2_196	Razorfen Hunter	Battlecry: Summon a 1/1_Boar.
VAN_CS2_203	Ironbeak Owl	Battlecry: Silence a_minion.
VAN_CS2_226	Frostwolf Warlord	Battlecry: Gain +1/+1 for each other friendly minion on the battlefield.
VAN_DS1_070	Houndmaster	Battlecry: Give a friendly Beast +2/+2 and Taunt.
VAN_EX1_002	The Black Knight	Battlecry: Destroy an enemy minion with Taunt.
VAN_EX1_005	Big Game Hunter	Battlecry: Destroy a minion with 7 or more Attack.
VAN_EX1_014	King Mukla	Battlecry: Give your opponent 2 Bananas.
VAN_EX1_025	Dragonling Mechanic	Battlecry: Summon a 2/1 Mechanical Dragonling.
VAN_EX1_043	Twilight Drake	Battlecry: Gain +1 Health for each card in your hand.
VAN_EX1_046	Dark Iron Dwarf	Battlecry: Give a minion +2_Attack this turn.
VAN_EX1_048	Spellbreaker	Battlecry: Silence a_minion.
VAN_EX1_049	Youthful Brewmaster	Battlecry: Return a friendly minion from the battlefield to your hand.
VAN_EX1_050	Coldlight Oracle	Battlecry: Each player draws 2 cards.
VAN_EX1_057	Ancient Brewmaster	Battlecry: Return a friendly minion from the battlefield to your hand.
VAN_EX1_058	Sunfury Protector	Battlecry: Give adjacent minions Taunt.
VAN_EX1_059	Crazed Alchemist	Battlecry: Swap the Attack and Health of a minion.
VAN_EX1_066	Acidic Swamp Ooze	Battlecry: Destroy your opponent's weapon.
VAN_EX1_082	Mad Bomber	Battlecry: Deal 3 damage randomly split between all other characters.
VAN_EX1_083	Tinkmaster Overspark	[x]Battlecry: Transform another random minion into a 5/5 Devilsaur or a 1/1 Squirrel.
VAN_EX1_085	Mind Control Tech	[x]Battlecry: If your opponent has 4 or more minions, take control of one at random.
VAN_EX1_089	Arcane Golem	Charge. Battlecry: Give your opponent a Mana Crystal.
VAN_EX1_091	Cabal Shadow Priest	Battlecry: Take control of an enemy minion that has 2 or less Attack.
VAN_EX1_093	Defender of Argus	Battlecry: Give adjacent minions +1/+1 and Taunt.
VAN_EX1_103	Coldlight Seer	Battlecry: Give ALL other Murlocs +2 Health.
VAN_EX1_112	Gelbin Mekkatorque	Battlecry: Summon an AWESOME invention.
VAN_EX1_116	Leeroy Jenkins	Charge. Battlecry: Summon two 1/1 Whelps for your opponent.
VAN_EX1_133	Perdition's Blade	Battlecry: Deal 1 damage. Combo: Deal 2 instead.
VAN_EX1_283	Frost Elemental	Battlecry: Freeze a_character.
VAN_EX1_284	Azure Drake	Spell Damage +1 Battlecry: Draw a card.
VAN_EX1_301	Felguard	Taunt Battlecry: Destroy one of your Mana Crystals.
VAN_EX1_304	Void Terror	[x]Battlecry: Destroy both adjacent minions and gain their Attack and Health.
VAN_EX1_306	Felstalker	Battlecry: Discard a random card.
VAN_EX1_310	Doomguard	Charge. Battlecry: Discard two random cards.
VAN_EX1_313	Pit Lord	Battlecry: Deal 5 damage to your hero.
VAN_EX1_319	Flame Imp	Battlecry: Deal 3 damage to your hero.
VAN_EX1_323	Lord Jaraxxus	Battlecry: Destroy your hero and replace it with Lord Jaraxxus.
VAN_EX1_362	Argent Protector	Battlecry: Give a friendly minion Divine Shield.
VAN_EX1_382	Aldor Peacekeeper	Battlecry: Change an_enemy minion's Attack to 1.
VAN_EX1_398	Arathi Weaponsmith	Battlecry: Equip a 2/2_weapon.
VAN_EX1_506	Murloc Tidehunter	Battlecry: Summon a 1/1_Murloc Scout.
VAN_EX1_558	Harrison Jones	Battlecry: Destroy your opponent's weapon and draw cards equal to its Durability.
VAN_EX1_561	Alexstrasza	Battlecry: Set a hero's remaining Health to 15.
VAN_EX1_562	Onyxia	Battlecry: Summon 1/1 Whelps until your side of the battlefield is full.
VAN_EX1_564	Faceless Manipulator	Battlecry: Choose a minion and become a copy of it.
VAN_EX1_584	Ancient Mage	Battlecry: Give adjacent_minions Spell_Damage +1.
VAN_EX1_587	Windspeaker	Battlecry: Give a friendly minion Windfury.
VAN_EX1_590	Blood Knight	Battlecry: All minions lose Divine Shield. Gain +3/+3 for each Shield lost.
VAN_EX1_603	Cruel Taskmaster	Battlecry: Deal 1 damage to a minion and give it +2_Attack.
VAN_EX1_612	Kirin Tor Mage	[x]Battlecry: The next Secret you play this turn costs (0).
VAN_EX1_623	Temple Enforcer	Battlecry: Give a friendly minion +3 Health.
VAN_NEW1_014	Master of Disguise	Battlecry: Give a friendly minion Stealth.
VAN_NEW1_016	Captain's Parrot	Battlecry: Draw a Pirate from your deck.
VAN_NEW1_017	Hungry Crab	Battlecry: Destroy a Murloc and gain +2/+2.
VAN_NEW1_018	Bloodsail Raider	Battlecry: Gain Attack equal to the Attack of your weapon.
VAN_NEW1_024	Captain Greenskin	Battlecry: Give your weapon +1/+1.
VAN_NEW1_025	Bloodsail Corsair	[x]Battlecry: Remove 1 Durability from your opponent's weapon.
VAN_NEW1_029	Millhouse Manastorm	Battlecry: Enemy spells cost (0) next turn.
VAN_NEW1_030	Deathwing	Battlecry: Destroy all other minions and discard your_hand.
VAN_NEW1_041	Stampeding Kodo	Battlecry: Destroy a random enemy minion with 2 or less Attack.
VAN_PRO_001	Elite Tauren Chieftain	Battlecry: Give both players the power to ROCK! (with a Power Chord card)
WC_005	Primal Dungeoneer	[x]Battlecry: Draw a spell. If it's a Nature spell, also draw an Elemental.
WC_013	Devout Dungeoneer	[x]Battlecry: Draw a spell. If it's a Holy spell, reduce its Cost by (2).
WC_024	Man-at-Arms	Battlecry: If you have a weapon equipped, gain +1/+1.
WC_029	Selfless Sidekick	Battlecry: Equip a random weapon from your deck.
WC_030	Mutanus the Devourer	[x]Battlecry: Eat a minion in your opponent's hand. Gain its stats.
WC_803	Cleric of An'she	Battlecry: If you've restored Health this turn, Discover a spell from your deck.
WC_805	Frostweave Dungeoneer	[x]Battlecry: Draw a spell. If it's a Frost spell, summon two 1/1 ___Elementals that Freeze.
WON_010	Klaxxi Amber-Weaver	[x]Taunt Battlecry: If your C'Thun has at least 10 Attack, gain +5 Health.
WON_013	Rat Sensei	Battlecry and Deathrattle: Add two 1/1 Turtles with Taunt to your hand.
WON_027	Time-Lost Raptor	Echo Battlecry: Adapt your Time-Lost Raptors.
WON_033	Soot Spewer	Spell Damage +1 Battlecry: If you control another Mech, get a random Fire spell.
WON_035	Goblin Blastmage	[x]Battlecry: If you control a Mech, deal 6 damage randomly split among all enemies.
WON_036	Servant of Yogg-Saron	[x]Battlecry: Cast a random _spell that costs (5) or MORE_ _(targets chosen randomly).
WON_041	Chromie, Timehopper	[x]Battlecry: Visit a Historical Epoch. Shuffle the others into your deck.
WON_045	Ivory Knight	[x]Battlecry: Discover a spell. Restore Health to your hero equal to its Cost.
WON_052	Bronze Dragonknight	[x]Taunt. Battlecry: If this has 5 or more Attack, _summon a copy of this.
WON_053	Runi, Time Explorer	Battlecry: Discover a location from the FUTURE!
WON_053t3	Xenedar	Your next Battlecry this turn triggers twice.
WON_053t3e	Light of the Xenedar	Your next Battlecry this turn triggers twice.
WON_053te	Xenedar Enchant	Your next Battlecry this turn triggers twice.
WON_056	Museum Curator	Battlecry: Discover a Deathrattle card. It costs (1) less.
WON_057	Onyx Bishop	Battlecry: Summon a random friendly minion that died this game.
WON_058	Spawn of Shadows	Battlecry and Inspire: Deal 4 damage to each hero.
WON_063	Confessor Paletress	Battlecry and Inspire: Summon a random Legendary minion.
WON_066	Murozond, Thief of Time	[x]Battlecry: If your deck has no duplicates, Discover a Dragon. Deal damage equal to its Cost to all other minions.
WON_073	Dark Iron Skulker	Battlecry: Deal 2 damage to all undamaged enemy minions.
WON_075	Blade of C'Thun	Battlecry: Destroy a minion. Add its Attack and Health to_your C'Thun's (wherever it is).
WON_079	The Scarab Lord	Battlecry: Summon a 0/1 Gong for your opponent. Combo: Gain Rush.
WON_081	Tuskarr Totemic	Battlecry: Summon a random basic Totem.
WON_084	Jade Chieftain	Battlecry: Summon a{1} {0} Jade Golem. Give it Taunt. @Battlecry: Summon a Jade Golem. Give it Taunt.
WON_085	Thunder Bluff Valiant	Battlecry and Inspire: Give your Totems +2 Attack.
WON_090	Pebbly Page	[x]Battlecry: Draw an Overload card. You can't be Overloaded this turn.
WON_092h	Al'Akir, the Winds of Time	[x]Battlecry: Draw a Charge, Divine Shield, Taunt, and Windfury minion.
WON_096	Dark Peddler	Battlecry: Discover a 1-Cost card.
WON_104	Witch of the Arch-Thief	[x]Battlecry: Summon a 1/3 Voidwalker with Taunt. If your opponent has more minions, repeat.
WON_105	Cho'gall	[x]Battlecry: Return all cards you discarded this game to your hand. They cost Health instead of Mana.
WON_111	Ancient Shieldbearer	Battlecry: If your C'Thun has at least 10 Attack, gain 10 Armor.
WON_114	Iron Juggernaut	[x]Battlecry and Deathrattle: Shuffle a Mine into your opponent's deck. When drawn, explode for 10 damage!
WON_116	Ivory Rook	Battlecry: Discover a Taunt minion. Gain Armor equal to its Cost.
WON_117	Hobart Grapplehammer	[x]Battlecry: If you have a weapon equipped, give all minions in your hand and deck +2/+2.
WON_118	Jade Spirit	Battlecry: Summon a{1} {0} Jade_Golem.@Battlecry: Summon a Jade_Golem.
WON_124	Twilight Geomancer	Taunt Battlecry: Give your C'Thun +1/+1 and Taunt (wherever it is).
WON_125	C'Thun's Chosen	[x]Divine Shield Battlecry: Give your C'Thun +3/+3 (wherever it is).
WON_127	Disciple of C'Thun	Battlecry: Deal 2 damage. Give your C'Thun +2/+2 (wherever it is).
WON_130	Kabal Courier	Battlecry: Discover a Mage, Priest, or Warlock card.
WON_134	Twin Emperor Vek'lor	[x]Taunt Battlecry: If your C'Thun has at least 10 Attack, summon another Emperor.
WON_135	C'Thun	Battlecry: Deal damage equal to this minion's Attack randomly split among all enemies.
WON_136	Aya Blackpaw	Battlecry and Deathrattle: Summon a{1} {0} Jade Golem. @ Battlecry and Deathrattle: Summon a Jade Golem.
WON_137	Don Han'Cho	Battlecry: Give a random minion in your hand +5/+5.
WON_139	Timeline Accelerator	Battlecry: Draw a Mech. It costs (2) less.
WON_140	Future Emissary	[x]Battlecry: Reduce the Cost of all Dragons in your hand _by (1). Give them +1/+1.
WON_141	Menagerie Mug	[x]Battlecry: Give 3 random friendly minions of different minion types +1/+1.
WON_142	Menagerie Jug	[x]Battlecry: Give 3 random friendly minions of different minion types +2/+2.
WON_145	Avatar of Hearthstone	Battlecry: Open a Standard Pack. Play all cards from it.
WON_300	Virmen Sensei	Battlecry: Give a friendly Beast +3/+3.
WON_303	Jade Behemoth	[x]Taunt Battlecry: Summon a{1} {0} Jade Golem.@[x]Taunt Battlecry: Summon a Jade Golem.
WON_304	Dark Arakkoa	[x]Taunt Battlecry: Give your C'Thun +4/+4 (wherever it is).
WON_305	Menagerie Warden	Battlecry: Choose a friendly Beast. Summon a_copy of it.
WON_311	Keeper of Uldaman	Battlecry: Set a minion's Attack and Health to 3.
WON_314	Shrinkmeister	Battlecry: Give a minion -3_Attack this turn.
WON_324	Krul the Unshackled	[x]Battlecry: If your deck has no duplicates, summon all _Demons from your hand._
WON_329	Blackwing Corruptor	Battlecry: If you're holding a Dragon, deal 5 damage.
WON_330	Cult Apothecary	Battlecry: For each enemy minion, restore #2 Health to your hero.
WON_331	Grimestreet Informant	[x]Battlecry: Discover a Hunter, Paladin, or Warrior card.
WON_332	Lotus Agents	Battlecry: Discover a Druid, Rogue, or Shaman card.
WON_334	Mysterious Challenger	Battlecry: Put one of each Secret from your deck into the battlefield.
WON_344	Spellslinger	Battlecry: Both players get a random spell. Yours costs (2) less.
WORK_002	Busy-Bot	Battlecry: Give your 1-Attack minions +1/+1.
WORK_006	Robocaller	[x]Battlecry: Draw an {0}, {1}, and {2}-Cost card. (Numbers dialed randomly each turn!)
WORK_009	Imployee of the Month	Battlecry: Give a friendly minion Lifesteal.
WORK_013	Turbulus	Hunter Tourist. Battlecry: Give +1/+1 to all other Battlecry minions in your hand, deck, and battlefield.
WORK_027	Dreamplanner Zephrys	[x]Battlecry: Choose a Travel Tour to get two potentially perfect cards from it.
WORK_031	Envoy of Prosperity	Battlecry: Put the highest Cost card in your hand on top of your deck.
WORK_032	Job Shadower	Battlecry: If your hero took damage this turn, summon a copy of this.
WORK_042	Carnivorous Cubicle	[x]Battlecry: Destroy a friendly minion. Summon a copy of it at the end of your turns.
WORK_043	Travelmaster Dungar	[x]Battlecry: Summon three minions from your deck that are from different expansions.
WORK_063	Portalmancer Skyla	[x]Rogue Tourist Battlecry: Swap the Costs of the lowest and highest Cost spells in your hand.
WW_001	Kobold Miner	Battlecry: Excavate a treasure.
WW_001t23	The Azerite Scorpion	[x]Battlecry: Get 4 random spells. They cost (1) less for each time you've Excavated this game (but not less than 1).
WW_001t24	The Azerite Hawk	Battlecry: Get a random Titan. It costs (1).
WW_001t25	The Azerite Snake	Battlecry: Your hero steals 10 Health from the enemy hero.
WW_001t26	The Azerite Rat	[x]Battlecry: Resurrect your highest Cost minion. Give it +2/+2, Reborn, and Lifesteal.
WW_001t27	The Azerite Ox	Battlecry: Discover two 8-Cost minions. Summon them.
WW_001t7	Canary	Battlecry: Return an enemy minion to its owner's hand.
WW_002	Burrow Buster	Rush Battlecry: Excavate a treasure.
WW_010	Doctor Holli'dae	[x]Battlecry: If your deck started with no duplicates, equip the Staff of the Nine Frogs.
WW_024	Living Prairie	[x]Battlecry: If you played an Elemental last turn, summon two 3/3 Cows with Rush.
WW_026	Skarr, the Catastrophe	[x]Battlecry: Deal @ damage to all enemies (improved by each turn in a row you've _played an Elemental).
WW_041	Disposal Assistant	[x]Battlecry and Deathrattle: Put a Barrel of Sludge on the bottom of your deck.
WW_0700	Reno, Lone Ranger	[x]Battlecry: If your deck started with no duplicates, remove all enemy minions from the game.
WW_091	Pop'gar the Putrid	Your Fel spells cost (2) less and have Lifesteal. Battlecry: Get two Barrels of Sludge.
WW_322	Skeleton Crew	[x]Battlecry: Excavate a treasure. It costs (0).
WW_326	Minecart Cruiser	[x]Rush, Overload: (2) Battlecry: If you played an Elemental last turn, don't Overload.
WW_327	Cactus Cutter	Battlecry: Draw a spell. If you cast it this turn, gain +1/+2 and Taunt.
WW_329	Detonation Juggernaut	Taunt. Battlecry: Give Taunt minions in your hand +2/+2.
WW_335	Holy Cowboy	Battlecry: Your next Holy spell costs (2) less.
WW_337	Spirit of the Badlands	[x]Battlecry: If your deck started with no duplicates, get a permanent Mirage.
WW_342	Lawful Longarm	[x]Rush, Lifesteal Battlecry: Gain +1 Attack for each card in your hand.
WW_346	Blast Tortoise	[x]Taunt Battlecry: Deal damage to all enemy minions equal to this minion's Attack.
WW_349	Badlands Brawler	Battlecry: Start a Brawl! If you've Excavated twice, this always wins.
WW_351	Cattle Rustler	Battlecry: Draw a Beast. It costs (3) less.
WW_356	Harrowing Ox	[x]Taunt Battlecry: If you've Excavated twice, your next card this turn costs (7) less.
WW_358	Farm Hand	Battlecry: Discover an Undead. Quickdraw: It costs (2) less.
WW_359	Sheriff Barrelbrim	Battlecry: If you have 20 or less Health, open the Badlands Jail.
WW_360	Azerite Chain Gang	[x]Taunt Battlecry and Quickdraw: Summon a copy of this.
WW_372	Boomboss Tho'grun	[x]Battlecry: Shuffle 3 T.N.T. into your opponent's deck. When drawn, blow up a card in their hand, deck, and board.
WW_379	Flint Firearm	[x]Battlecry: Get a random Quickdraw card. If you play it this turn, repeat this.
WW_381	Injured Hauler	[x]Battlecry: Deal 4 damage to this minion. Overheal: Deal 2 damage to all enemy minions.
WW_383	Dryscale Deputy	Battlecry: The next time you draw a spell, get a copy of it.
WW_384	Benevolent Banker	Battlecry: Discover a spell from your deck. Quickdraw: Enemy deck instead.
WW_392	Elise, Badlands Savior	[x]Battlecry: If your deck started with no duplicates, summon 5/5 copies of 4 random minions in your deck.
WW_394	Pip the Potent	Battlecry: Copy each 1-Cost card in your hand.
WW_398	Gaslight Gatekeeper	[x]Battlecry: Shuffle your hand into your deck, then draw that many cards.
WW_400	Snake Eyes	[x]Battlecry: Roll two dice, then Discover two cards of those Costs. (Doubles get an extra Discover!)
WW_401	Gunslinger Kurtrus	[x]Battlecry: If your deck started with no duplicates, fire six 2 damage shots at minions in the enemy's hand.
WW_407	Parched Desperado	Battlecry: If you've cast a spell while holding this, give your hero +3 Attack this turn.
WW_408	Bartend-O-Bot	Battlecry: Draw an Outcast card and slide it to the left side of your hand.
WW_413	Antique Flinger	Battlecry: If you've Excavated twice, destroy an enemy minion.
WW_417	Drilly the Kid	Battlecry, Quickdraw, and Deathrattle: Excavate a treasure.
WW_421	Kingpin Pud	Battlecry: Resurrect your Ogre-Gang. Give them Windfury.
WW_423	Saloon Brewmaster	Battlecry: Return a friendly minion to your hand. Give it +2/+2.
WW_424	Overflow Surger	[x]Battlecry: Summon a copy of this for each turn in a row you've played an Elemental.@ (@)
WW_426	Blastmage Miner	[x]Battlecry: Excavate a treasure. For each card in your hand, deal 1 damage to a random enemy.
WW_428	Eroded Sediment	[x]Battlecry: If you played an Elemental last turn, Discover any Elemental from the past.
WW_429	Mes'Adune the Fractured	Battlecry: Draw an Elemental. Split it into two halves.
WW_432	Reliquary Researcher	[x]Battlecry: If you've Excavated twice, cast two random Mage Secrets.
WW_433	Linedance Partner	Battlecry: If you're holding another 3-Cost card, summon a random 3-Cost minion.
WW_437	Tram Conductor Gerry	Battlecry: If you've Excavated twice, summon six 3/3 Tram Cars with Rush.
WW_814	Spurfang	[x]Battlecry and Deathrattle: Summon a random Beast with Cost equal to this minion's Attack.
WW_815	Theldurin the Lost	[x]Battlecry: If your deck started with no duplicates, gain Immune this turn and attack all enemies.
WW_819	Splish-Splash Whelp	Battlecry: If you're holding a Dragon, gain an empty Mana Crystal.
WW_820	Spinetail Drake	Battlecry: If you're holding a Dragon, deal 5 damage to an enemy minion.
WW_822	Dragon Golem	[x]Taunt Battlecry: Summon a copy of this for each Dragon in your hand.
WW_824	Rheastrasza	[x]Battlecry: If your deck started with no duplicates, summon the Purified Dragon Nest.
WW_826	Desert Nestmatron	Taunt. Battlecry: If you're holding a Dragon, refresh 4 Mana Crystals.
WW_900	Horseshoe Slinger	Battlecry: Deal 2 damage to a random enemy minion. Quickdraw: And one of its neighbors.
WW_901	Greedy Partner	Battlecry: If you're holding another 2-Cost card, get a Coin.
WW_906	Rowdy Partner	Battlecry: If you're holding another 4-Cost card, deal 4 damage.
YOD_007	Animated Avalanche	[x]Battlecry: If you played an Elemental last turn, summon a copy of this.
YOD_009	The Amazing Reno	Battlecry: Make all minions disappear. *Poof!*
YOD_013	Cleric of Scales	Battlecry: If you're holding a Dragon, Discover a spell from your deck.
YOD_014	Aeon Reaver	Battlecry: Deal damage to_a minion equal to its_Attack.
YOD_018	Waxmancy	Discover a Battlecry minion. Reduce its Cost by (2).
YOD_027	Chaos Gazer	[x]Battlecry: Curse a playable card in your opponent's hand. They have 1 turn to play it!
YOD_028	Skydiving Instructor	[x]Battlecry: Summon a 1-Cost minion from your deck.
YOD_029	Hailbringer	[x]Battlecry: Summon two 1/1 Ice Shards that Freeze.
YOD_030	Licensed Adventurer	[x]Battlecry: If you control a Quest, add a Coin to your hand.
YOD_033	Boompistol Bully	Battlecry: Enemy Battlecry_cards cost (5)_more next turn.
YOD_033e	Smokescreen	Your Battlecry cards cost (5) more.
YOD_036	Rotnest Drake	[x]Battlecry: If you're holding a Dragon, destroy a random enemy minion.
YOD_038	Sky Gen'ral Kragg	[x]Taunt Battlecry: If you've played a Quest this game, summon a 4/2 Parrot with Rush.
YOD_040	Steel Beetle	Battlecry: If you're holding a spell that costs (5) or more, gain 5 Armor.
YOD_043	Scalelord	Battlecry: Give your Murlocs Divine Shield.
YOG_300	Shadowtouched Kvaldir	Battlecry: Your next healing effect deals damage instead.
YOG_402	Mindbender	Battlecry: Deal 1 damage for each card you have drawn this turn.@ (@)
YOG_403	Aerosoilizer	Battlecry and Deathrattle: Summon a 2/2 Treant.
YOG_411	Prison Breaker	[x]Battlecry: If you've cast 5 or more spells this game, deal 2 damage to all enemies. @ ({0} left!)@ (Ready!)
YOG_500	General Vezax	[x]Rush Battlecry: Gain 4 Armor. Deathrattle: Lose 4 Armor to resummon this.
YOG_501	Battleworn Faceless	Battlecry: Transform into a copy of a damaged minion.
YOG_514	Chaotic Tendril	Battlecry: Cast a random @-Cost spell. Improve your future Chaotic Tendrils.
YOG_515	Eye of Chaos	Battlecry: Get two 1/1 Chaotic Tendrils.
YOG_518	Meddlesome Servant	Battlecry: If you've cast 5 or more spells this game, draw 2 cards.@ ({0} left!)@ (Ready!)
YOG_519	Tainted Remnant	[x]Battlecry: If you played an Elemental last turn, deal 7 damage randomly split between all enemies.
YOG_521	Saronite Shambler	[x]Battlecry: If you've cast 5 or more spells this game, give your hero +4 Attack this turn. @ ({0} left!)@ (Ready!)
YOG_524	Shock Hopper	[x]Battlecry: Get a random Overload card.
YOG_525	Muscle-o-Tron	[x]Battlecry: Give all minions in your hand +1/+1. Forge: +2/+2 instead.
YOG_525t	Muscle-o-Tron	[x]Forged Battlecry: Give all minions in your hand +2/+2.
YOG_527	Tiny Worldbreaker	Battlecry: If you control another Mech, deal 4 damage.
YOG_528	Contaminated Lasher	[x]Battlecry: If you've cast 5 or more spells this game, _refresh 4 Mana Crystals.@ ({0} left!)@ (Ready!)
YOP_003	Luckysoul Hoarder	[x]Battlecry: Shuffle 2 Soul Fragments into your deck. Corrupt: Draw a card.
YOP_003t	Luckysoul Hoarder	[x]Corrupted Battlecry: Shuffle 2 Soul Fragments into your deck and draw a card.
YOP_007	Dark Inquisitor Xanesh	[x]Battlecry: Reduce the Cost of all Corrupt and Corrupted cards in your hand and deck by (2).
YOP_014	Ironclad	Battlecry: If your hero has Armor, gain +2/+2.
YOP_016	Sparkjoy Cheat	Battlecry: If you're holding a Secret, cast it and draw a card.
YOP_018	Keywarden Ivory	[x]Battlecry: Discover a Dual Class spell from any class. Spellburst: Get another copy.
YOP_022	Mistrunner	Battlecry: Give a friendly minion +3/+3. Overload: (1)
YOP_032	Armor Vendor	Battlecry: Give 4 Armor to_each hero.
