CardID	Name	Text
AT_079	Mysterious Challenger	<b>Battlecry:</b> Put one of each <b>Secret</b> from your deck into the battlefield.
AT_098	Sideshow Spelleater	<b>Battlecry:</b> Copy your opponent's Hero Power.
AT_132	Justicar Trueheart	<b>Battlecry:</b> Replace your starting Hero Power with a better one.
AV_100	Drek'Thar	[x]<b>Battlecry</b>: If this costs more than every minion in your deck, summon one of those minions.
AV_113	Beaststalker Tavish	[x]<b>Battlecry:</b> <b>Discover</b> and cast 2 Improved <b>Secrets</b>.
AV_114	Shivering Sorceress	[x]<b>Battlecry:</b> Reduce the Cost of the highest Cost spell in your hand by (1).
AV_136	Kobold Taskmaster	[x]<b>Battlecry:</b> Add 2 Armor Scraps to your hand that give +2 Health to a minion.
AV_138	Grimtotem Bounty Hunter	<b>Battlecry:</b> Destroy an enemy <b>Legendary</b> minion.
AV_200	Magister Dawngrasp	[x]<b>Battlecry:</b> Recast a spell from each spell school you've cast this game.
AV_202	Rokara, the Valorous	<b>Battlecry:</b> Equip a 5/2 Unstoppable Force.
AV_203	Shadowcrafter Scabbs	[x]<b>Battlecry:</b> Return all minions to their owner's hands. Summon two 4/2 Shadows with <b>Stealth</b>.
AV_204	Kurtrus, Demon-Render	[x]<b>Battlecry:</b> Summon two @/4 Demons with <b>Rush</b>. <i>(Improved by your hero attacks this game.)</i>
AV_207	Xyrella, the Devout	[x]<b>Battlecry:</b> Trigger the <b>Deathrattle</b> of every friendly minion that died this game.
AV_210	Pathmaker	[x]<b>Battlecry:</b> Cast the other choice from the last <b>Choose One</b> spell you've cast. @<b>Battlecry:</b> {0}
AV_219	Ram Commander	[x]<b>Battlecry:</b> Add two 1/1 Rams with <b>Rush</b> to your hand.
AV_223	Vanndar Stormpike	[x]<b>Battlecry</b>: If this costs less than every minion in your deck, reduce their Cost by (3).
AV_256	Reflecto Engineer	<b>Battlecry:</b> Swap the Attack and Health of all minions in both players' hands.
AV_258	Bru'kan of the Elements	[x]<b>Battlecry:</b> Call upon the power of two Elements!
AV_260	Sleetbreaker	<b>Battlecry:</b> Add a Windchill to your hand.
AV_262	Warden of Chains	[x]<b>Taunt</b> <b>Battlecry:</b> If you're holding a Demon that costs (5) or more, gain +1/+2.
AV_267	Caria Felsoul	<b>Battlecry:</b> Transform into a 6/6 copy of a Demon in your deck.
AV_284	Balinda Stonehearth	<b>Battlecry:</b> Draw 2 spells. Swap their Costs with this minion's stats.
AV_286	Felwalker	<b>Taunt</b>. <b>Battlecry</b>: Cast the highest Cost Fel spell from your hand.
AV_294	Clawfury Adept	<b>Battlecry:</b> Give all other friendly characters +1 Attack this turn.
AV_296	Pride Seeker	[x]<b>Battlecry:</b> Your next <b>Choose One</b> card costs (2) less.
AV_308	Grave Defiler	[x]<b>Battlecry:</b> Choose a Fel spell in your hand. Get a copy of it.
AV_312	Sacrificial Summoner	<b>Battlecry:</b> Destroy a friendly minion. Summon a minion from your deck that costs (1) more.
AV_323	Scrapsmith	<b>Taunt</b> <b>Battlecry:</b> Add two 2/4 Grunts with <b>Taunt</b> to your hand.
AV_331	Najak Hexxen	[x]<b>Battlecry:</b> Take control of an enemy minion. <b>Deathrattle:</b> Give the minion back.
AV_336	Wing Commander Ichman	[x]<b>Battlecry:</b> Summon a Beast from your deck and give it <b>Rush</b>. If it kills a minion this turn, repeat.
AV_343	Stonehearth Vindicator	[x]<b>Battlecry:</b> Draw a spell that costs (3) or less. It costs (0) this turn.
AV_403	Cera'thine Fleetrunner	[x]<b>Battlecry:</b> Replace your minions in hand and deck with ones from other classes. They cost (2) less.
AV_711	Double Agent	[x]<b>Battlecry:</b> If you're holding a card from another class, _summon a copy of this.
BAR_030	Pack Kodo	<b>Battlecry:</b> <b>Discover</b> a Beast, <b>Secret</b>, or weapon.
BAR_037	Warsong Wrangler	[x]<b>Battlecry:</b> <b>Discover</b> a Beast from your deck. Give all copies of it +2/+1 <i>(wherever_they_are)</i>.
BAR_042	Primordial Protector	[x]<b>Battlecry:</b> Draw your highest Cost spell. Summon a random minion with the same Cost.
BAR_060	Hog Rancher	<b>Battlecry:</b> Summon a 2/1 Hog with <b>Rush</b>.
BAR_064	Talented Arcanist	<b>Battlecry:</b> Your next spell_this turn has <b>Spell_Damage +2</b>.
BAR_065	Venomous Scorpid	<b>Poisonous</b> <b>Battlecry:</b> <b>Discover</b> a spell.
BAR_077	Kargal Battlescar	[x]<b>Battlecry:</b> Summon a 5/5 Lookout for each Watch Post you've __summoned this game.
BAR_079	Kazakus, Golem Shaper	<b>Battlecry:</b> If your deck has no 4-Cost cards, build a custom Golem.
BAR_079t11	Gromsblood	<b>Battlecry:</b> Summon a copy of this.
BAR_080	Shadow Hunter Vol'jin	<b>Battlecry:</b> Choose a minion. Swap it with a random one in its owner's hand.
BAR_081	Southsea Scoundrel	<b>Battlecry:</b> <b>Discover</b> a card in your opponent's deck. They draw theirs as well.
BAR_315	Serena Bloodfeather	<b>Battlecry:</b> Choose an enemy minion. Steal Attack and Health from it until this has more.
BAR_324	Apothecary Helbrim	<b>Battlecry and Deathrattle:</b> Add a random Poison to your hand.
BAR_329	Death Speaker Blackthorn	<b>Battlecry:</b> Summon 3 <b>Deathrattle</b> minions that cost (5) or less from your deck.
BAR_333	Kurtrus Ashfallen	[x]<b>Battlecry:</b> Attack the left and right-most enemy minions. <b>Outcast:</b> <b>Immune</b> this turn.
BAR_430	Horde Operative	<b>Battlecry:</b> Copy your opponent's <b>Secrets</b> and put them into play.
BAR_544	Reckless Apprentice	<b>Battlecry:</b> Fire your Hero Power at all enemies.
BAR_547	Mordresh Fire Eye	[x]<b>Battlecry:</b> If you've dealt 10 damage with your Hero Power this game, deal 10 damage to all enemies.@ <i>({0} left!)</i>@ <i>(Ready!)</i>
BAR_551	Barak Kodobane	[x]<b>Battlecry:</b> Draw a 1, 2, __and 3-Cost spell.
BAR_721	Mankrik	[x]<b>Battlecry:</b> Help Mankrik find his wife! She was last seen somewhere in your deck.
BAR_735	Xyrella	<b>Battlecry:</b> If you've restored Health this turn, deal that much damage to all enemy minions.
BAR_743	Toad of the Wilds	[x]<b>Taunt</b> <b>Battlecry:</b> If you're holding a Nature spell, gain +2 Health.
BAR_846	Mor'shan Elite	[x]<b>Taunt</b>. <b>Battlecry:</b> If your hero attacked this turn, summon a copy of this.
BAR_848	Lilypad Lurker	[x]<b>Battlecry:</b> If you played an Elemental last turn, transform an enemy minion into a 0/1 Frog with <b>Taunt</b>.
BAR_854	Kindling Elemental	[x]<b>Battlecry:</b> The next Elemental you play costs (1) less.
BAR_873	Knight of Anointment	<b>Battlecry:</b> Draw a Holy spell.
BAR_876	Northwatch Commander	<b>Battlecry:</b> If you control a <b>Secret</b>, draw a minion.
BAR_879	Cannonmaster Smythe	<b>Battlecry:</b> Transform your <b>Secrets</b> into 3/3 Soldiers. They transform back when they die.
BAR_915	Kabal Outfitter	[x]<b>Battlecry and Deathrattle:</b> Give another random _friendly minion +1/+1.
BAR_919	Neeru Fireblade	<b>Battlecry:</b> If your deck is empty, open a portal that fills your board with 3/2 Imps each turn.
BOT_034	Boommaster Flark	<b>Battlecry:</b> Summon four 0/2 Goblin Bombs.
BOT_216	Omega Medic	<b>Battlecry:</b> If you have 10 Mana Crystals, restore #10 Health to your hero.
BOT_226	Nethersoul Buster	<b>Battlecry:</b> Gain +1 Attack for each damage your hero has taken this turn.
BOT_238	Dr. Boom, Mad Genius	<b>Battlecry:</b> For the rest of the game, your Mechs have <b>Rush</b>.
BOT_243	Myra Rotspring	[x]<b>Battlecry:</b> <b>Discover</b> a <b>Deathrattle</b> minion. Also gain its <b>Deathrattle</b>.
BOT_256	Astromancer	[x]<b>Battlecry:</b> Summon a random minion with Cost equal to your hand size.
BOT_270	Giggling Inventor	<b>Battlecry:</b> Summon two 1/2 Mechs with <b>Taunt</b> and_<b>Divine Shield</b>.
BOT_288	Lab Recruiter	<b>Battlecry:</b> Shuffle 3 copies of a friendly minion into your deck.
BOT_291	Storm Chaser	<b>Battlecry:</b> Draw a spell from your deck that costs_(5) or more.
BOT_296	Omega Defender	[x]<b>Taunt</b> <b>Battlecry:</b> If you have 10 Mana Crystals, gain +10 Attack.
BOT_411	Electra Stormsurge	<b>Battlecry:</b> Your next spell this turn casts twice.
BOT_413	Brainstormer	[x]<b>Battlecry:</b> Gain +1 Health for each spell in your hand.
BOT_419	Dendrologist	<b>Battlecry:</b> If you control a Treant, <b>Discover</b> a spell.
BOT_431	Whirliglider	<b>Battlecry:</b> Summon a 0/2_Goblin Bomb.
BOT_507	Gloop Sprayer	<b>Battlecry:</b> Summon a copy of each adjacent minion.
BOT_511	Seaforium Bomber	[x]<b>Battlecry:</b> Shuffle a Bomb into your opponent's deck. When drawn, it explodes for 5 damage.
BOT_531	Celestial Emissary	<b>Battlecry:</b> Your next spell_this turn has <b>Spell_Damage +2</b>.
BOT_531_Puzzle	Celestial Emissary	<b>Battlecry:</b> Your next spell_this turn has <b>Spell_Damage +2</b>.
BOT_532	Explodinator	<b>Battlecry:</b> Summon two 0/2 Goblin Bombs.
BOT_536	Omega Agent	[x]<b>Battlecry:</b> If you have 10 Mana Crystals, summon _2 copies of this minion.
BOT_538	Spark Engine	<b>Battlecry:</b> Add a 1/1 Spark with <b>Rush</b> to_your hand.
BOT_539	Arcane Dynamo	<b>Battlecry:</b> <b>Discover</b> a spell that costs (5) or more.
BOT_540	E.M.P. Operative	<b>Battlecry:</b> Destroy a Mech.
BOT_543	Omega Mind	[x]<b>Battlecry:</b> If you have 10 Mana Crystals, your spells have <b>Lifesteal</b> this turn.
BOT_552	Star Aligner	[x]<b>Battlecry:</b> If you control 3 minions with 7 Health, deal 7 damage to all enemies.
BOT_573	Subject 9	<b>Battlecry:</b> Draw 5 different <b>Secrets</b> from your deck.
BOT_907	Galvanizer	[x]<b>Battlecry:</b> Reduce the Cost of Mechs in your hand by (1).
BRM_012	Fireguard Destroyer	<b>Battlecry:</b> Gain 1-4 Attack. <b>Overload:</b> (1)
BRM_018	Dragon Consort	<b>Battlecry:</b> The next Dragon you play costs (2) less.
BRM_029	Rend Blackhand	<b>Battlecry:</b> If you're holding a Dragon, destroy a <b>Legendary</b> minion.
BRM_030	Nefarian	<b>Battlecry:</b> Add 2 random spells to your hand <i>(from your opponent's class)</i>.
BT_019t	Murgurgle Prime	<b>Divine Shield</b> <b>Battlecry:</b> Summon 4 random Murlocs. Give them <b>Divine Shield</b>.
BT_020	Aldor Attendant	<b>Battlecry:</b> Reduce the Cost_of your Librams by_(1) this game.
BT_026	Aldor Truthseeker	<b>Taunt</b>. <b>Battlecry:</b> Reduce the Cost of your Librams by (2) this game.
BT_028t	Solarian Prime	<b>Spell Damage +1</b> <b>Battlecry:</b> Cast 5 random Mage spells <i>(targets enemies if possible)</i>.
BT_106	Bogstrok Clacker	<b>Battlecry:</b> Transform adjacent minions into random minions that cost (1) more.
BT_109t	Vashj Prime	[x]<b>Spell Damage +1</b> <b>Battlecry:</b> Draw 3 spells. ___Reduce their Cost by (3).___
BT_115	Marshspawn	<b>Battlecry:</b> If you cast a spell last turn, <b>Discover</b> a spell.
BT_120	Warmaul Challenger	<b>Battlecry:</b> Choose an enemy minion. Battle it to the death!
BT_126	Teron Gorefiend	[x]<b>Battlecry:</b> Destroy all other friendly minions. <b>Deathrattle:</b> Resummon them with +1/+1.
BT_131	Ysiel Windsinger	<b>Battlecry:</b> Your spells cost (1) this turn.
BT_159	Terrorguard Escapee	<b>Battlecry:</b> Summon three 1/1 Huntresses for your_opponent.
BT_210t	Zixor Prime	[x]<b>Rush</b> <b>Battlecry:</b> Summon 3 copies of this minion.
BT_212	Mok'Nathal Lion	<b>Rush</b>. <b>Battlecry:</b> Choose a friendly minion. Gain a copy of its <b>Deathrattle</b>.
BT_214	Beastmaster Leoroxx	<b>Battlecry:</b> Summon 3 Beasts from your hand.
BT_301	Nightshade Matron	<b>Rush</b> <b>Battlecry:</b> Discard your highest Cost card.
BT_307	Darkglare	<b>Battlecry:</b> If your hero took damage this turn, refresh 3 Mana Crystals.
BT_309t	Kanrethad Prime	<b>Battlecry:</b> Summon 3 friendly Demons that died_this game.
BT_321	Netherwalker	<b>Battlecry:</b> <b>Discover</b> a Demon.
BT_323	Sightless Watcher	<b>Battlecry:</b> Look at 3 cards in your deck. Choose one to put on top.
BT_334	Lady Liadrin	[x]<b>Battlecry:</b> Add a copy of each spell you cast on friendly characters this game to your hand.
BT_416	Raging Felscreamer	<b>Battlecry:</b> The next Demon you play costs (2) less.
BT_481	Nethrandamus	[x]<b>Battlecry:</b> Summon two random @-Cost minions. <i>(Upgrades each time a friendly minion dies!)</i>
BT_702	Ashtongue Slayer	<b>Battlecry:</b> Give a <b><b>Stealth</b>ed</b> minion +3 Attack and <b>Immune</b> this turn.
BT_711	Blackjack Stunner	[x]<b>Battlecry:</b> If you control a <b>Secret</b>, return a minion to its owner's hand. It costs (2) more.
BT_737	Maiev Shadowsong	<b>Battlecry:</b> Choose a minion. It goes <b>Dormant</b> for 2 turns.
CATA_111	Darkscale Broodmother	<b>Battlecry:</b> If you're holding a Dragon, refresh 2 Mana Crystals.
CATA_131	Felwood Treant	[x]<b>Battlecry:</b> Gain a temporary Mana Crystal. If you spent 4 Mana while holding this, it's ___permanent. <i>({0} left!)</i>@[x]<b>Battlecry:</b> Gain a temporary Mana Crystal. If you spent 4 Mana while holding this, it's ___permanent. <i>(Ready!)</i>@[x]<b>Battlecry:</b> Gain a temporary Mana Crystal. If you spent 4 Mana while holding this, it's permanent.
CATA_132	Broodwatcher	[x]<b>Battlecry:</b> Get two 3/3 Whelps with <b>Taunt</b>. If you spent 8 Mana while holding this, summon them. <i>({0} left!)</i>@[x]<b>Battlecry:</b> Get two 3/3 Whelps with <b>Taunt</b>. If you spent 8 Mana while holding this, summon them. <i>(Ready!)</i>@[x]<b>Battlecry:</b> Get two 3/3 Whelps with <b>Taunt</b>. If you spent 8 Mana while holding this, summon them.
CATA_140	Merithra of the Dream	[x]<b>Battlecry:</b> Fill your hand with random Dragons. If you spent 25 Mana while holding this, they cost (1). <i>({0} left!)</i>@[x]<b>Battlecry:</b> Fill your hand with random Dragons. If you spent 25 Mana while holding this, they cost (1). <i>(Ready!)</i>@[x]<b>Battlecry:</b> Fill your hand with random Dragons. If you spent 25 Mana while holding this, they cost (1).
CATA_153	Al'Akir, Lord of Storms	[x]<b>Colossal +2, <b>Rush</b>, Windfury</b> <b>Battlecry:</b> Get 2 minions with Cost equal to this minion's Attack. They cost (1).
CATA_160	Scorching Ravager	<b>Battlecry:</b> <b>Herald</b> {0}. Give the Soldier <b>Rush</b>.
CATA_161	Gruesome Nightmare	<b>Battlecry:</b> Give a minion in your hand or battlefield Attack equal to this minion's Attack.
CATA_180	War'loc	[x]<b>Battlecry:</b> Your next Murloc that costs (3) or less costs _Health instead of Mana.
CATA_186	Stickybomb Saboteur	[x]<b>Battlecry:</b> Give your opponent a 2-Cost Sabotage. Cards next to it cost (1) more.
CATA_190h	Deathwing, Worldbreaker	[x]<b>Battlecry:</b> Choose {0} |4(Cataclysm,Cataclysms) to unleash! <i><b>Herald</b> twice to upgrade.</i>@[x]<b>Battlecry:</b> Choose {0} |4(Cataclysm,Cataclysms) to unleash! <i><b>Herald</b> once to upgrade.</i>@[x]<b>Battlecry:</b> Choose {0} |4(Cataclysm,Cataclysms) to unleash!
CATA_200	Agent of the Old Ones	[x]<b>Battlecry:</b> Choose a card in your hand to transform into a Coin.
CATA_201	Twilight Mistress	<b>Battlecry:</b> Return all enemy minions to their owner's hand.
CATA_209	Battlefield Blaster	[x]<b>Battlecry:</b> Choose a spell in your hand to give <b>Spell Damage +1</b>.
CATA_213	Vyranoth	[x]<b>Battlecry:</b> If the total Cost of your starting minions was 100, split 100 stats among minions in your deck.
CATA_216	Cleansing Cleric	<b>Battlecry:</b> Your healing effects restore 2 more Health this game.
CATA_307	Alexstrasza, Guardian of Life	[x]<b>Battlecry:</b> Set your remaining Health to 15. When you reach full Health, deal 15 damage to your opponent.
CATA_458	Archmage Kalec	[x]<b>Battlecry:</b> Give all spells in your hand and deck <b>Spell Damage +1.</b>
CATA_470	Victor Nefarius	[x]<b>Battlecry:</b> Craft a custom Undead Dragon. If you're holding a Dragon, reduce the Creation's Cost by (3).
CATA_481	Iso'rath	[x]<b>Battlecry:</b> Devour 2 random cards from the opponent's hand, then go <b>Dormant</b> for 2 turns. <b>Deathrattle:</b> Return them.
CATA_483	Unstable Spellcaster	[x]<b>Spell Damage +1</b> <b>Battlecry:</b> If you dealt damage with a spell this turn, summon a copy of this.
CATA_484	Winterspring Whelp	<b>Battlecry:</b> <b>Discover</b> a 1-Cost spell from any_class.
CATA_490	Ocular Occultist	[x]<b>Taunt</b> <b>Battlecry:</b> Choose a card in your hand to discard.
CATA_497	Ultraxion	[x]<b>Battlecry:</b> <b>Herald</b> {0}. Reduce Deathwing's Cost by ({1}). <i>(<b>Herald</b> to improve!)</i>
CATA_525	Armored Bloodletter	<b>Rush</b> <b>Battlecry:</b> <b>Herald</b> {0}.
CATA_552	Ebonscale Scout	[x]<b>Battlecry:</b> Deal damage equal to this minion's Attack. <i>(While in hand, play a Dragon to become an 8/8 Dragon!)</i>
CATA_552t	Ebonscale Scout	[x]<b>Battlecry:</b> Deal damage equal to this minion's Attack.
CATA_553	Ebyssian	[x]<b>Battlecry:</b> Your Dragons have <b>Rush</b> this game. <i>(While in hand, play a Dragon to become a 12/12 Dragon!)</i>
CATA_553t	Ebyssian	[x]<b>Battlecry:</b> Your Dragons have <b>Rush</b> this game.
CATA_556	Carrier Whelp	<b>Battlecry:</b> Get a random Dragon that costs (3) or less.
CATA_563	Crackling Cloudstrider	[x]<b>Battlecry:</b> Choose a spell in your hand that costs (4) or less to absorb. <b>Deathrattle:</b> Cast it.
CATA_564	Air Support	[x]<b>Battlecry:</b> Give a friendly minion <b>Mega-Windfury</b>. It can't attack heroes.
CATA_565	Skywall Sentinel	<b>Taunt</b> <b>Battlecry:</b> <b>Herald</b> {0}.
CATA_566	Tol'vir Carver	[x]<b>Battlecry:</b> Choose a card in your hand. At the start of your turns, reduce its Cost by (1).
CATA_580	Cataclysmic War Axe	<b>Battlecry:</b> <b>Herald</b> {0}.
CATA_591	Commander Geddon	[x]<b>Battlecry:</b> Instead of drawing each turn, <b>Discover</b> a card from your deck. It costs (3) __less. Destroy the others.
CATA_614	Shadowed Informant	[x]<b>Battlecry:</b> <b>Discover</b> a spell from your class. <i>(Swaps class each turn!)</i>@[x]<b>Battlecry:</b> <b>Discover</b> a {0} spell. <i>____(Swaps class each turn!)</i>__
CATA_615t	Genn, Worgen King	<b>Battlecry:</b> Upgrade your starting Hero Power. It costs (1).
CATA_697	Malevolent Mutant	[x]<b>Battlecry:</b> Choose a Fel spell in your hand. Get a copy of it.
CATA_699	Dread Leviathan	[x]<b>Taunt</b>. <b>Battlecry:</b> Choose an enemy minion to steal 3 _Health from, three times.
CATA_720	Warmaster Blackhorn	<b>Battlecry:</b> Destroy all cards that cost (2) or less in both players' decks.
CATA_722	Envoy of the End	<b>Taunt</b> <b>Battlecry:</b> <b>Herald</b> {0}.
CATA_780	Obsessive Technician	<b>Lifesteal</b> <b>Battlecry:</b> <b>Herald</b> {0}.
CATA_897	Gemstone Hoarder	[x]<b>Battlecry:</b> Choose a card in your hand to discard. <b>Deathrattle:</b> Get it back. It costs (1) less.
CATA_979	Conjuration Specialist	<b>Battlecry:</b> Choose a spell in your hand. Split it into two random spells of the same Cost.
CATA_EVENT_000	Primordial Lord	<b>Battlecry:</b> Get a random <b>Colossal</b> minion from the past.
CATA_EVENT_001	Destructive Phoenix	[x]<b>Battlecry:</b> Choose a card in your hand to set on fire. In 3 turns, discard it and summon a copy of this.
CFM_020	Raza the Chained	[x] <b>Battlecry:</b> If your deck has no duplicates, your Hero Power costs (0) this game.
CFM_062	Grimestreet Protector	[x]<b>Taunt</b> <b>Battlecry:</b> Give adjacent _minions <b>Divine Shield</b>.
CFM_063	Kooky Chemist	<b>Battlecry:</b> Swap the Attack and Health of a minion.
CFM_066	Kabal Lackey	[x]<b>Battlecry:</b> The next <b>Secret</b> you play this turn costs (1).
CFM_312	Jade Chieftain	<b>Battlecry:</b> Summon a{1} {0} <b>Jade Golem</b>. Give it <b>Taunt</b>. @<b>Battlecry:</b> Summon a <b>Jade Golem</b>. Give it <b>Taunt</b>.
CFM_321	Grimestreet Informant	[x]<b>Battlecry:</b> <b>Discover</b> a Hunter, Paladin, or Warrior card.
CFM_335	Dispatch Kodo	<b>Battlecry:</b> Deal damage equal to this minion's Attack.
CFM_338	Trogg Beastrager	<b>Battlecry:</b> Give a random Beast in your hand +1/+1.
CFM_343	Jade Behemoth	[x]<b>Taunt</b> <b>Battlecry:</b> Summon a{1} {0} <b>Jade Golem</b>.@[x]<b>Taunt</b> <b>Battlecry:</b> Summon a <b>Jade Golem</b>.
CFM_605	Drakonid Operative	[x]<b>Battlecry:</b> If you're holding a Dragon, <b>Discover</b> a copy of a card in your opponent's deck.
CFM_610	Crystalweaver	<b>Battlecry:</b> Give your Demons +1/+1.
CFM_619	Kabal Chemist	<b>Battlecry:</b> Add a random Potion to your hand.
CFM_621	Kazakus	[x]<b>Battlecry:</b> If your deck has no duplicates, _create a custom spell.
CFM_643	Hobart Grapplehammer	[x]<b>Battlecry:</b> If you have a weapon equipped, give all minions in your hand and deck +2/+2.
CFM_649	Kabal Courier	<b>Battlecry:</b> <b>Discover</b> a Mage, Priest, or Warlock card.
CFM_650	Grimscale Chum	[x]<b>Battlecry:</b> Give a random Murloc in your hand +1/+1.
CFM_655	Toxic Sewer Ooze	<b>Battlecry:</b> Remove 1 Durability from your opponent's weapon.
CFM_656	Streetwise Investigator	<b>Battlecry:</b> Enemy minions lose <b>Stealth</b>.
CFM_660	Manic Soulcaster	<b>Battlecry:</b> Choose a friendly minion. Shuffle a copy into your deck.
CFM_668	Doppelgangster	<b>Battlecry:</b> Summon 2 copies of this minion.
CFM_668t	Doppelgangster	<b>Battlecry:</b> Summon 2 copies of this minion.
CFM_668t2	Doppelgangster	<b>Battlecry:</b> Summon 2 copies of this minion.
CFM_672	Madam Goya	<b>Battlecry:</b> Choose a friendly minion. Summon any copies of it in your deck.
CFM_685	Don Han'Cho	<b>Battlecry:</b> Give a random minion in your hand +5/+5.
CFM_687	Inkmaster Solia	[x]<b>Battlecry:</b> If your deck has no duplicates, the next spell you cast this turn costs (0).
CFM_688	Spiked Hogrider	<b>Battlecry:</b> If an enemy minion has <b>Taunt</b>, gain_<b>Charge</b>.
CFM_694	Shadow Sensei	<b>Battlecry:</b> Give a <b>Stealthed</b> minion +2/+2.
CFM_699	Seadevil Stinger	[x]<b>Battlecry:</b> The next Murloc you play this turn costs _Health instead of Mana.
CFM_715	Jade Spirit	<b>Battlecry:</b> Summon a{1} {0} <b>Jade_Golem</b>.@<b>Battlecry:</b> Summon a <b>Jade_Golem</b>.
CFM_717	Jade Claws	<b>Battlecry:</b> Summon a{1} {0} <b>Jade Golem</b>. <b><b>Overload</b>:</b> (1)@<b>Battlecry:</b> Summon a <b>Jade Golem</b>. <b><b>Overload</b>:</b> (1)
CFM_750	Krul the Unshackled	[x]<b>Battlecry:</b> If your deck has no duplicates, summon all _Demons from your hand._
CFM_755	Grimestreet Pawnbroker	<b>Battlecry:</b> Give a random weapon in your hand +1/+1.
CFM_790	Dirty Rat	[x]<b>Taunt</b> <b>Battlecry:</b> Your opponent summons a random minion from their hand.
CFM_806	Wrathion	<b>Taunt</b>. <b>Battlecry:</b> Draw cards until you draw one that isn't a Dragon.
CFM_809	Tanaris Hogchopper	[x]<b>Battlecry:</b> If your opponent's hand is empty, gain <b>Charge</b>.
CFM_810	Leatherclad Hogleader	<b>Battlecry:</b> If your opponent has 6 or more cards in hand, gain <b>Charge</b>.
CFM_852	Lotus Agents	<b>Battlecry:</b> <b>Discover</b> a Druid, Rogue, or Shaman card.
CFM_853	Grimestreet Smuggler	<b>Battlecry:</b> Give a random minion in your hand +1/+1.
CFM_902	Aya Blackpaw	<b>Battlecry and Deathrattle:</b> Summon a{1} {0} <b>Jade Golem</b>. @ <b>Battlecry and Deathrattle:</b> Summon a <b>Jade Golem</b>.
CORE_AT_132	Justicar Trueheart	<b>Battlecry:</b> Replace your starting Hero Power with a better one.
CORE_BAR_551	Barak Kodobane	[x]<b>Battlecry:</b> Draw a 1, 2, __and 3-Cost spell.
CORE_BOT_256	Astromancer	[x]<b>Battlecry:</b> Summon a random minion with Cost equal to your hand size.
CORE_BT_115	Marshspawn	<b>Battlecry:</b> If you cast a spell last turn, <b>Discover</b> a spell.
CORE_BT_120	Warmaul Challenger	<b>Battlecry:</b> Choose an enemy minion. Battle it to the death!
CORE_BT_321	Netherwalker	<b>Battlecry:</b> <b>Discover</b> a Demon.
CORE_BT_323	Sightless Watcher	<b>Battlecry:</b> Look at 3 cards in your deck. Choose one to put on top.
CORE_BT_334	Lady Liadrin	[x]<b>Battlecry:</b> Add a copy of each spell you cast on friendly characters this game to your hand.
CORE_BT_416	Raging Felscreamer	<b>Battlecry:</b> The next Demon you play costs (2) less.
CORE_CATA_001	Tichondrius	Your hero is <b>Immune</b>. <b>Battlecry:</b> Your next Demon this turn costs (0).
CORE_CATA_002	Calia Menethil	<b>Battlecry:</b> Resurrect your highest-Cost minion that died this game.
CORE_CATA_006	Ulfar	"[x]<b>Battlecry:</b> Give your other minions ""<b>Deathrattle:</b> Summon a minion with this minion's Cost."""
CORE_CFM_605	Drakonid Operative	[x]<b>Battlecry:</b> If you're holding a Dragon, <b>Discover</b> a copy of a card in your opponent's deck.
CORE_CFM_790	Dirty Rat	[x]<b>Taunt</b> <b>Battlecry:</b> Your opponent summons a random minion from their hand.
CORE_CS3_003	Felsoul Jailer	[x]<b>Battlecry:</b> Your opponent discards a minion. <b>Deathrattle:</b> Return it.
CORE_CS3_008	Bloodsail Deckhand	[x]<b>Battlecry:</b> The next weapon you play costs (1) less.
CORE_CS3_012	Nordrassil Druid	<b>Battlecry:</b> The next spell you cast this turn costs_(3)_less.
CORE_DAL_416	Hench-Clan Burglar	<b>Battlecry:</b> <b>Discover</b> a spell from another class.
CORE_DAL_422	Arch-Villain Rafaam	<b><b>Taunt</b> Battlecry:</b> Replace your hand and deck with <b>Legendary</b> minions.
CORE_DAL_609	Kalecgos	Your first spell each turn costs (0). <b>Battlecry:</b> <b>Discover</b> a spell.
CORE_DAL_729	Madame Lazul	[x]<b>Battlecry:</b> <b>Discover</b> a copy of a card in your opponent's hand.
CORE_DMF_231	Zai, the Incredible	<b>Battlecry:</b> Copy the left- and right-most cards in your hand.
CORE_DMF_240	Lothraxion the Redeemed	[x]<b>Battlecry:</b> For the rest of the game, after you summon a Silver Hand Recruit, give it <b>Divine Shield</b>.
CORE_DMF_511	Foxy Fraud	<b>Battlecry:</b> Your next <b>Combo</b> card this turn costs_(2) less.
CORE_DMF_521	Sword Eater	<b>Taunt</b> <b>Battlecry:</b> Equip a 3/2_Sword.
CORE_DMF_733	Kiri, Chosen of Elune	<b>Battlecry:</b> Add a Solar Eclipse and Lunar Eclipse to your hand.
CORE_DRG_026	Deathwing, Mad Aspect	<b>Battlecry:</b> Attack ALL other minions.
CORE_DRG_090	Murozond the Infinite	<b>Battlecry:</b> Play all cards your opponent played last_turn.
CORE_DRG_095	Veranus	<b>Battlecry:</b> Change the Health of all enemy minions to 1.
CORE_DRG_229	Bronze Explorer	<b>Lifesteal</b> <b>Battlecry:</b> <b>Discover</b> a Dragon.
CORE_DRG_403	Blowtorch Saboteur	<b>Battlecry:</b> Your opponent's next Hero Power costs (2)_more.
CORE_EDR_001	Babbling Bookcase	<b>Battlecry:</b> Add 2 random Mage spells to your hand.
CORE_EDR_004	Raptor Herald	[x]<b>Rewind</b> <b>Battlecry:</b> <b>Discover</b> a Beast with a <b>Dark Gift</b>. <b>Kindred:</b> It costs (1) less.
CORE_EDR_004_2026	Raptor Herald	[x]<b>Rewind</b> <b>Battlecry:</b> <b>Discover</b> a Beast with a <b>Dark Gift</b>. <b>Kindred:</b> It costs (1) less.
CORE_EX1_002	The Black Knight	<b>Tradeable</b> <b>Battlecry:</b> Destroy an enemy minion with <b>Taunt</b>.
CORE_EX1_014	King Mukla	<b>Battlecry:</b> Give your opponent 2 Bananas.
CORE_EX1_043	Twilight Drake	<b>Battlecry:</b> Gain +1 Health for each card in your hand.
CORE_EX1_049	Youthful Brewmaster	<b>Battlecry:</b> Return a friendly minion from the battlefield to your hand.
CORE_EX1_058	Sunfury Protector	<b>Battlecry:</b> Give adjacent minions <b>Taunt</b>.
CORE_EX1_059	Crazed Alchemist	<b>Battlecry:</b> Swap the Attack and Health of a minion.
CORE_EX1_085	Mind Control Tech	[x]<b>Battlecry:</b> If your opponent has 4 or more minions, take control of one.
CORE_EX1_093	Defender of Argus	<b>Battlecry:</b> Give adjacent minions +1/+1 and <b>Taunt</b>.
CORE_EX1_186	SI:7 Infiltrator	<b>Battlecry:</b> Destroy a random enemy <b>Secret</b>.
CORE_EX1_190	High Inquisitor Whitemane	<b>Battlecry:</b> Summon all friendly minions that died_this turn.
CORE_EX1_193	Psychic Conjurer	<b>Battlecry:</b> Copy a card in your opponent’s deck and add it to your hand.
CORE_EX1_304	Void Terror	[x]<b>Battlecry:</b> Destroy both adjacent minions and gain their Attack and Health.
CORE_EX1_310	Doomguard	<b>Charge</b>. <b>Battlecry:</b> Discard two random cards.
CORE_EX1_323	Lord Jaraxxus	<b>Battlecry:</b> Equip a 3/8 Blood Fury.
CORE_EX1_362	Argent Protector	<b>Battlecry:</b> Give a friendly minion <b>Divine Shield</b>.
CORE_EX1_382	Aldor Peacekeeper	<b>Battlecry:</b> Change an_enemy minion's Attack to 1.
CORE_EX1_564	Faceless Manipulator	<b>Battlecry:</b> Choose a minion and become a copy of it.
CORE_FP1_030	Loatheb	<b>Battlecry:</b> Enemy spells cost (5) more next turn.
CORE_GIFT_01	Harth Stonebrew	[x]<b>Battlecry:</b> Replace your hand with an iconic one from Hearthstone's past. <i>(Once per game)</i>
CORE_GIL_580	Town Crier	<b>Battlecry:</b> Draw a <b>Rush</b> minion from your deck.
CORE_GIL_598	Tess Greymane	[x]<b>Battlecry:</b> Replay every card from another class you've played this game <i>(targets chosen randomly)</i>.
CORE_GIL_623	Witchwood Grizzly	[x]<b>Taunt</b> <b>Battlecry:</b> Lose 1 Health for each card in your opponent's hand.
CORE_GIL_836	Blazing Invocation	[x]<b>Discover</b> a <b>Battlecry</b> minion. It costs (1) less.
CORE_GVG_059	Coghammer	<b>Battlecry:</b> Give a random friendly minion <b>Divine Shield</b> and <b>Taunt</b>.
CORE_ICC_018	Phantom Freebooter	<b>Battlecry:</b> Gain stats equal to your weapon's.
CORE_ICC_025	Rattling Rascal	[x]<b>Battlecry:</b> Summon a 5/5 Skeleton. <b>Deathrattle:</b> Summon one for your opponent.
CORE_ICC_028	Sunborne Val'kyr	<b>Battlecry:</b> Give adjacent minions +2 Health.
CORE_ICC_069	Ghastly Conjurer	<b>Battlecry:</b> Add a 'Mirror Image' spell to your hand.
CORE_ICC_092	Acherus Veteran	<b>Battlecry:</b> Give a friendly minion +1 Attack.
CORE_ICC_093	Tuskarr Fisherman	<b>Battlecry:</b> Give a friendly minion <b>Spell Damage +1</b>.
CORE_ICC_096	Furnacefire Colossus	<b>Battlecry:</b> Discard all weapons from your hand and gain their stats.
CORE_ICC_098	Tomb Lurker	[x]<b>Battlecry:</b> Add a random <b>Deathrattle</b> minion that died this game to your hand.
CORE_ICC_215	Archbishop Benedictus	<b>Battlecry:</b> Shuffle a copy of_your opponent's deck into your deck.
CORE_ICC_257	Corpse Raiser	"[x]<b>Battlecry:</b> Give a friendly minion ""<b>Deathrattle:</b> Resummon this minion."""
CORE_ICC_407	Gnomeferatu	<b>Battlecry:</b> Remove the top card of your opponent's deck.
CORE_ICC_415	Stitched Tracker	<b>Battlecry:</b> <b>Discover</b> a copy of a minion in your deck.
CORE_ICC_466	Saronite Chain Gang	[x]<b>Taunt</b> <b>Battlecry:</b> Summon a copy of this minion.
CORE_ICC_467	Deathspeaker	<b>Battlecry:</b> Give a friendly minion <b>Immune</b> this turn.
CORE_ICC_481	Thrall, Deathseer	<b>Battlecry:</b> Transform your minions into random ones that cost (2) more.
CORE_ICC_701	Skulking Geist	<b>Battlecry:</b> Destroy all 1-Cost spells in both hands and decks.
CORE_ICC_705	Bonemare	<b>Battlecry:</b> Give a friendly minion +4/+4 and <b>Taunt</b>.
CORE_ICC_801	Howling Commander	<b>Battlecry:</b> Draw a <b>Divine_Shield</b> minion from your deck.
CORE_ICC_807	Strongshell Scavenger	<b>Battlecry:</b> Give your <b>Taunt</b> minions +2/+2.
CORE_ICC_810	Deathaxe Punisher	<b>Battlecry:</b> Give a random <b>Lifesteal</b> minion in your hand +2/+2.
CORE_ICC_811	Lilian Voss	<b>Battlecry:</b> Replace spells in your hand with random spells <i>(from your opponent's class).</i>
CORE_ICC_829	Uther of the Ebon Blade	<b>Battlecry:</b> Equip a 5/3 <b>Lifesteal</b> weapon.
CORE_ICC_831	Bloodreaver Gul'dan	<b>Battlecry:</b> Summon all friendly Demons that_died_this_game.
CORE_ICC_833	Frost Lich Jaina	[x]<b>Battlecry:</b> Summon a 3/6 Water Elemental. Your Elementals have <b>Lifesteal</b> this game.
CORE_ICC_834	Scourgelord Garrosh	<b>Battlecry</b>: Equip a 4/3_Shadowmourne that also damages adjacent minions.
CORE_ICC_838	Sindragosa	<b>Battlecry:</b> Summon two 0/1 Frozen Champions.
CORE_ICC_850	Shadowblade	<b>Battlecry:</b> Your hero is <b>Immune</b> this turn.
CORE_ICC_851	Prince Keleseth	<b>Battlecry:</b> If your deck has_no 2-Cost cards, give_all minions in your deck +1/+1.
CORE_ICC_852	Prince Taldaram	<b>Battlecry:</b> If your deck has_no 3-Cost cards, transform into a 3/3 copy of a minion.
CORE_ICC_853	Prince Valanar	<b>Battlecry:</b> If your deck has no 4-Cost cards, gain <b>Lifesteal</b> and <b>Taunt</b>.
CORE_ICC_912	Corpsetaker	[x]<b>Battlecry:</b> Gain <b>Taunt</b> if your deck has a <b>Taunt</b> minion. Repeat for <b>Divine Shield</b>, <b>Lifesteal</b>, <b>Windfury</b>.
CORE_KAR_057	Ivory Knight	[x]<b>Battlecry:</b> <b>Discover</b> a spell. Restore Health to your hero equal to its Cost.
CORE_KAR_061	The Curator	<b>Taunt</b> <b>Battlecry:</b> Draw a Beast, Dragon, and Murloc.
CORE_KAR_062	Netherspite Historian	<b>Battlecry:</b> If you're holding a Dragon, <b>Discover</b> a Dragon.
CORE_KAR_065	Menagerie Warden	<b>Battlecry:</b> Choose a friendly Beast. Summon a_copy of it.
CORE_KAR_069	Swashburglar	<b>Battlecry:</b> Add a random card from another class to_your hand.
CORE_LOE_003	Ethereal Conjurer	<b>Battlecry: Discover</b> a spell.
CORE_LOE_011	Reno Jackson	<b>Battlecry:</b> If your deck has no duplicates, fully heal your hero.
CORE_LOE_039	Gorillabot A-3	<b>Battlecry:</b> If you control another Mech, <b>Discover</b> a Mech.
CORE_LOE_076	Sir Finley Mrrgglton	<b>Battlecry:</b> <b>Discover</b> a new basic Hero Power.
CORE_LOE_079	Elise Starseeker	<b>Battlecry:</b> Shuffle the 'Map to the Golden Monkey' into your deck.
CORE_LOOT_026	Fal'dorei Strider	[x]<b>Battlecry:</b> Shuffle 3 Ambushes into your deck. When drawn, summon a 4/4 Spider.
CORE_LOOT_516	Zola the Gorgon	<b>Battlecry:</b> Choose a friendly minion. Add a Golden copy of it to your hand.
CORE_MAW_000	Imp-oster	<b>Battlecry:</b> Choose a friendly Imp. Transform into a copy of it.
CORE_MAW_004	Soul Seeker	<b>Battlecry:</b> Swap this with a random minion from your opponent's deck.
CORE_MAW_005	Framester	[x]<b>Battlecry:</b> Shuffle 3 'Framed' cards into the opponent's deck. When drawn, they <b>Overload</b> for (2).
CORE_MAW_011	Defense Attorney Nathanos	[x]<b>Battlecry:</b> <b>Discover</b> a friendly <b>Deathrattle</b> minion that died this game. Gain its <b>Deathrattle</b> and then trigger it.
CORE_MAW_014	Prosecutor Mel'tranix	[x]<b>Battlecry:</b> Your opponent can only play their left- and right-most cards on their next turn.
CORE_MAW_017	Class Action Lawyer	[x]<b>Battlecry:</b> If your deck has no Neutral cards, set _a minion's stats to 1/1.
CORE_MAW_029	Weapons Expert	<b>Battlecry:</b> If you have a weapon equipped, give it +1/+1. Otherwise, draw a weapon.
CORE_MAW_033	Sylvanas, the Accused	[x]<b>Battlecry:</b> Destroy an enemy minion. <b>Infuse (@):</b> Take control of it instead.
CORE_MAW_034	The Jailer	<b>Battlecry:</b> Destroy your deck. This minion gains <b>Immune</b>.
CORE_NEW1_018	Bloodsail Raider	<b>Battlecry:</b> Gain Attack equal to the Attack of your weapon.
CORE_ONY_022	Battle Vicar	<b>Battlecry:</b> <b>Discover</b> a Holy spell.
CORE_ONY_024	Onyxian Drake	[x]<b>Taunt</b> <b>Battlecry:</b> Deal damage equal to your Armor to an enemy minion.
CORE_REV_000	Suspicious Alchemist	[x]<b>Battlecry:</b> <b>Discover</b> a spell. If your opponent guesses your choice, they get a copy.
CORE_REV_002	Suspicious Usher	[x]<b>Battlecry:</b> <b>Discover</b> a <b>Legendary</b> minion. If your opponent guesses your __choice, they get a copy.
CORE_REV_006	Suspicious Pirate	<b>Battlecry:</b> <b>Discover</b> a weapon. If your opponent guesses your choice, they get a copy.
CORE_REV_017	Insatiable Devourer	[x]<b>Battlecry:</b> Devour an enemy minion and gain its stats. _<b>Infuse (@):</b> And its neighbors.
CORE_REV_020	Dinner Performer	[x]<b>Battlecry:</b> Summon a random minion from your deck that you can afford to play.
CORE_REV_022	Murloc Holmes	[x]<b>Battlecry:</b> Solve 3 Clues about your opponent's cards to get copies of them.
CORE_REV_023	Demolition Renovator	<b>Tradeable</b> <b>Battlecry:</b> Destroy an enemy location.
CORE_REV_238	Theotar, the Mad Duke	<b>Battlecry:</b> <b>Discover</b> a card in each player's hand and swap them.
CORE_REV_244	Mischievous Imp	<b>Battlecry:</b> Summon a copy of this. <b>Infuse (@):</b> Summon two copies instead.
CORE_REV_246	Mysterious Visitor	<b>Battlecry:</b> Reduce the Cost of cards copied from your opponent by (3).
CORE_REV_247	Partner in Crime	[x]<b>Battlecry:</b> Summon a copy of this minion at the end of your turn.
CORE_REV_310	Death Blossom Whomper	<b>Battlecry:</b> Draw a <b>Deathrattle</b> minion and gain its <b>Deathrattle.</b>
CORE_REV_314	Topior the Shrubbagazzor	[x]<b>Battlecry:</b> For the rest of the game, after you cast a Nature spell, summon a 3/3 Whelp with <b>Rush</b>.
CORE_REV_318	Widowbloom Seedsman	[x]<b>Battlecry:</b> Draw a Nature spell. Gain an empty Mana Crystal.
CORE_REV_338	Dredger Staff	[x]<b>Battlecry:</b> Give minions in your hand +1 Health.
CORE_REV_351	Roosting Gargoyle	<b>Battlecry:</b> Give a friendly Beast +2 Attack.
CORE_REV_353	Huntsman Altimor	[x]<b>Battlecry:</b> Summon a Gargon Companion. <b>Infuse ({0}):</b> Summon another. _<b>Infuse ({1}):</b> And another!
CORE_REV_360	Spirit Poacher	<b>Battlecry:</b> Summon a random <b>Dormant</b> Wildseed.
CORE_REV_363	Ara'lon	<b>Battlecry:</b> Summon one of each <b>Dormant</b> Wildseed.
CORE_REV_370	Party Crasher	[x]<b>Battlecry:</b> Choose an enemy minion. Throw a random minion from your hand at it.
CORE_REV_373	Lady Darkvein	[x]<b>Battlecry:</b> Summon two 2/1 Shades. Each gains a <b>Deathrattle</b> to cast your last Shadow spell.
CORE_REV_378	Forensic Duster	[x]<b>Battlecry:</b> Your opponent's minions cost (1) more next turn.
CORE_REV_511	Bibliomite	[x]<b>Battlecry</b>: Choose a card in your hand to shuffle into your deck.
CORE_REV_514	Kel'Thuzad, the Inevitable	[x]<b>Battlecry:</b> Resurrect your Volatile Skeletons. Any that can't fit on the battlefield instantly explode! @<i>(@)</i>
CORE_REV_826	Private Eye	[x]<b>Battlecry:</b> Cast a <b>Secret</b> from your deck. _<b>Combo:</b> Cast 2 instead.
CORE_REV_835	Imp King Rafaam	<b>Battlecry:</b> Resurrect four friendly Imps. <b>Infuse (@):</b> Give your Imps +2/+2.
CORE_REV_841	Anonymous Informant	<b>Battlecry:</b> The next <b>Secret</b> you play costs (0).
CORE_REV_900	Scuttlebutt Ghoul	[x]<b>Taunt</b> <b>Battlecry:</b> If you control a <b>Secret</b>, summon a copy of this.
CORE_REV_901	Dispossessed Soul	<b>Battlecry:</b> If you control a location, <b>Discover</b> a copy of a card in your deck.
CORE_REV_921	The Stonewright	<b>Battlecry:</b> For the rest of the game, your Totems have +2 Attack.
CORE_REV_936	Crud Caretaker	<b>Battlecry</b>: Summon a 3/5 Elemental with <b>Taunt</b>.
CORE_REV_937	Artificer Xy'mox	[x]<b>Battlecry:</b> <b>Discover</b> and cast a Relic. <b>Infuse (@):</b> Cast all three instead.
CORE_REV_940	Necrolord Draka	[x]<b>Battlecry:</b> Equip a @/3 Dagger. <i>(+1 Attack for each other card you played this turn, up to 10!)</i>
CORE_REV_945	Sketchy Stranger	<b>Battlecry:</b> <b>Discover</b> a <b>Secret</b> from another class.
CORE_REV_946	Steamcleaner	<b>Battlecry:</b> Destroy ALL cards in both players' decks that didn't start there.
CORE_REV_947	Muckborn Servant	<b>Taunt</b> <b>Battlecry:</b> <b>Discover</b> a Paladin card.
CORE_REV_951	The Countess	[x]<b>Battlecry:</b> If your deck has no Neutral cards, add 3 <b>Legendary </b>Invitations to your hand.
CORE_REV_958	Buffet Biggun	[x]<b>Battlecry:</b> Summon two Silver Hand Recruits. <b>Infuse (@):</b> Give them +2 Attack and <b>Divine Shield</b>.
CORE_REV_959	Ghastly Gravedigger	[x]<b>Battlecry:</b> If you control a <b>Secret</b>, choose a card in your opponent's hand to _shuffle into their deck.
CORE_REV_960	Ashen Elemental	[x]<b>Battlecry:</b> Whenever your opponent draws a card next turn, they take 2 damage.
CORE_REV_961	Elitist Snob	[x]<b>Battlecry:</b> For each Paladin card in your hand, randomly gain <b>Divine Shield</b>, <b>Lifesteal</b>, <b>Rush</b>, or <b>Taunt</b>.
CORE_RLK_062	Nerubian Swarmguard	[x]<b>Taunt</b> <b>Battlecry:</b> Summon two copies of this minion.
CORE_RLK_066	Hematurge	<b>Battlecry:</b> Spend a <b>Corpse</b> to <b>Discover</b> a Blood Rune card.
CORE_RLK_116	Necrotic Mortician	<b>Battlecry:</b> If a friendly Undead died after your last turn, <b>Discover</b> an Unholy Rune card.
CORE_RLK_504	Corpse Bride	[x]<b>Battlecry:</b> Spend up to 10 _<b>Corpses</b> to summon a Risen_ Groom with <b>Taunt</b> and that _much Attack and Health.
CORE_RLK_506	Boneguard Commander	<b>Taunt</b> <b>Battlecry:</b> Raise up to 6 <b>Corpses</b> as 1/3 Risen Footmen with <b>Taunt</b>.
CORE_RLK_919	Anachronos	[x]<b>Battlecry:</b> Send all other minions 2 turns into the future.
CORE_SCH_160	Wandmaker	<b>Battlecry:</b> Add a 1-Cost spell from your class to_your hand.
CORE_SCH_181	Archwitch Willow	<b>Battlecry:</b> Summon a random Demon from your hand and deck.
CORE_SCH_312	Tour Guide	<b>Battlecry:</b> Your next Hero Power costs (0).
CORE_SCH_713	Cult Neophyte	<b>Battlecry:</b> Your opponent's spells cost (1) more next_turn.
CORE_TRL_111	Headhunter's Hatchet	[x]<b>Battlecry:</b> If you control a Beast, gain +1 Durability.
CORE_TRL_240	Savage Striker	<b>Battlecry:</b> Deal damage to an enemy minion equal to your hero's Attack.
CORE_TRL_345	Krag'wa, the Frog	<b>Battlecry:</b> Return all spells you played last turn to_your hand.
CORE_TRL_348	Springpaw	[x]<b>Rush</b> <b>Battlecry:</b> Add a 1/1 Lynx with <b>Rush</b> to your hand.
CORE_TRL_900	Halazzi, the Lynx	<b>Rush</b>. <b>Battlecry:</b> Fill your hand with 1/1 Lynxes that have <b>Rush</b>.
CORE_ULD_178	Siamat	[x]<b>Battlecry:</b> Gain 2 of <b>Rush</b>, <b>Taunt</b>, <b>Divine Shield</b>, or <b>Windfury</b> <i>(your choice).</i>
CORE_ULD_195	Frightened Flunky	<b>Taunt</b> <b>Battlecry:</b> <b>Discover</b> a <b>Taunt</b>_minion.
CORE_ULD_209	Vulpera Scoundrel	<b>Battlecry</b>: <b>Discover</b> a spell or pick a mystery choice.
CORE_UNG_020	Arcanologist	<b>Battlecry:</b> Draw a <b>Secret</b>.
Core_UNG_072	Stonehill Defender	<b>Taunt</b> <b>Battlecry:</b> <b>Discover</b> a <b>Taunt</b>_minion.
Core_UNG_211	Kalimos, Primal Lord	[x]<b>Battlecry:</b> If you played an Elemental last turn, cast an Elemental Invocation.
CORE_UNG_800	Terrorscale Stalker	<b>Battlecry:</b> Trigger a friendly minion's <b>Deathrattle</b>.
CORE_UNG_809	Fire Fly	<b>Battlecry</b>: Add a 1/2 Elemental to your hand.
CORE_UNG_833	Lakkari Felhound	<b>Taunt</b> <b>Battlecry:</b> Discard your two lowest-Cost cards.
CORE_VAN_EX1_561	Alexstrasza	<b>Battlecry:</b> Set a hero's remaining Health to 15.
CORE_WON_096	Dark Peddler	<b>Battlecry: Discover</b> a 1-Cost card.
CORE_WON_141	Menagerie Mug	[x]<b>Battlecry:</b> Give 3 random friendly minions of different minion types +1/+1.
CORE_WON_142	Menagerie Jug	[x]<b>Battlecry:</b> Give 3 random friendly minions of different minion types +2/+2.
CORE_WON_145	Avatar of Hearthstone	<b>Battlecry:</b> Open a Standard Pack. Play all cards from it.
CORE_WW_329	Detonation Juggernaut	<b>Taunt</b>. <b>Battlecry:</b> Give <b>Taunt</b> minions in your hand +2/+2.
CORE_YOP_032	Armor Vendor	<b>Battlecry:</b> Give 4 Armor to_each hero.
CS3_003	Felsoul Jailer	[x]<b>Battlecry:</b> Your opponent discards a minion. <b>Deathrattle:</b> Return it.
CS3_008	Bloodsail Deckhand	[x]<b>Battlecry:</b> The next weapon you play costs (1) less.
CS3_012	Nordrassil Druid	<b>Battlecry:</b> The next spell you cast this turn costs_(3)_less.
CS3_015	Selective Breeder	<b>Battlecry:</b> <b>Discover</b> a copy of a Beast in your deck.
CS3_033	Ysera the Dreamer	<b>Battlecry:</b> Add one of each Dream card to your hand.
CS3_034	Malygos the Spellweaver	<b>Battlecry:</b> Draw spells until your hand is full.
DAL_030	Shadowy Figure	<b>Battlecry:</b> Transform into a_2/2 copy of a friendly <b>Deathrattle</b> minion.
DAL_052	Muckmorpher	[x]<b>Battlecry:</b> Transform into a 4/4 copy of a different minion in your deck.
DAL_058	Hecklebot	<b>Taunt</b> <b>Battlecry:</b> Your opponent summons a minion from their deck.
DAL_060	Clockwork Goblin	[x]<b>Battlecry:</b> Shuffle a Bomb into your opponent's deck. When drawn, it explodes for 5 damage.
DAL_070	The Boom Reaver	<b>Battlecry:</b> Summon a copy of a minion in your deck. Give it <b>Rush</b>.
DAL_077	Toxfin	<b>Battlecry:</b> Give a friendly Murloc <b>Poisonous</b>.
DAL_081	Spellward Jeweler	<b>Battlecry:</b> Your hero is <b>Elusive</b> until next turn.
DAL_095	Violet Spellsword	[x]<b>Battlecry:</b> Gain +1 Attack for each spell in your hand.
DAL_147	Dragon Speaker	<b>Battlecry:</b> Give all Dragons in your hand +3/+3.
DAL_163	Messenger Raven	<b>Battlecry:</b> <b>Discover</b> a Mage minion.
DAL_379	Vereesa Windrunner	<b>Battlecry:</b> Equip Thori'dal, the Stars' Fury.
DAL_400	EVIL Cable Rat	<b>Battlecry:</b> Add a <b>Lackey</b> to_your hand.
DAL_416	Hench-Clan Burglar	<b>Battlecry:</b> <b>Discover</b> a spell from another class.
DAL_417	Heistbaron Togwaggle	<b>Battlecry:</b> If you control a_<b>Lackey</b>, choose a fantastic treasure.
DAL_422	Arch-Villain Rafaam	<b><b>Taunt</b> Battlecry:</b> Replace your hand and deck with <b>Legendary</b> minions.
DAL_431	Swampqueen Hagatha	[x]<b>Battlecry:</b> Add a 5/5 Horror to your hand. Teach it two Shaman spells.
DAL_431t	Drustvar Horror	<b>Battlecry:</b> Cast {0} and {1}.
DAL_433	Sludge Slurper	<b>Battlecry:</b> Add a <b>Lackey</b> to your hand. <b>Overload:</b> (1)
DAL_538	Unseen Saboteur	<b>Battlecry:</b> Your opponent casts a random spell from their hand <i>(targets chosen randomly)</i>.
DAL_546	Barista Lynchen	<b>Battlecry:</b> Add a copy of each of your other <b>Battlecry</b> minions_to_your_hand.
DAL_554	Chef Nomi	<b>Battlecry:</b> If your deck is empty, summon six 6/6 Greasefire_Elementals.
DAL_571	Mysterious Blade	<b>Battlecry:</b> If you control a <b>Secret</b>, gain +1 Attack.
DAL_606	EVIL Genius	<b>Battlecry:</b> Destroy a friendly minion to add 2 random <b>Lackeys</b>_to_your_hand.
DAL_609	Kalecgos	Your first spell each turn costs (0). <b>Battlecry:</b> <b>Discover</b> a spell.
DAL_729	Madame Lazul	[x]<b>Battlecry:</b> <b>Discover</b> a copy of a card in your opponent's hand.
DAL_736	Archivist Elysiana	<b>Battlecry:</b> <b>Discover</b> 5 cards. Replace your deck with 2_copies of each.
DAL_744	Faceless Rager	<b>Battlecry:</b> Copy a friendly minion's Health.
DAL_751	Mad Summoner	[x]<b>Battlecry:</b> Fill each player's board with 1/1 Imps.
DAL_752	Jepetto Joybuzz	<b>Battlecry:</b> Draw 2 minions from your deck. Set their Attack, Health, and Cost to 1.
DAL_770	Omega Devastator	[x]<b>Battlecry:</b> If you have 10 Mana Crystals, deal 10 damage to a minion.
DAL_799	Crystal Stag	<b>Rush</b>. <b>Battlecry:</b> If you've restored 5 Health this game, summon a copy of this.@ <i>({0} left!)</i>@ <i>(Ready!)</i>
DED_003	Jerry Rig Carpenter	<b>Battlecry:</b> Draw a <b>Choose One</b> spell and split it.
DED_008	Monstrous Parrot	<b>Battlecry</b>: Get a copy of the last friendly <b>Deathrattle</b> minion that died.
DED_500	Wealth Redistributor	[x]<b>Taunt</b>. <b>Battlecry:</b> Swap the Attack of the highest and lowest Attack minion.
DED_501	Sunwing Squawker	[x]<b>Battlecry:</b> Repeat the last spell you've cast on a __friendly minion on this.
DED_503	Shadowblade Slinger	[x]<b>Battlecry:</b> If you've taken damage this turn, deal that _much to an enemy minion.
DED_505	Hullbreaker	[x]<b>Battlecry and Deathrattle:</b> Draw a spell. Your hero takes damage equal to its Cost.
DED_509	Brilliant Macaw	<b>Battlecry:</b> Repeat the last <b>Battlecry</b> you played.
DED_514	Copycat	<b>Battlecry:</b> Add a copy of the next card your opponent plays to your hand.
DED_515	Grey Sage Parrot	<b>Battlecry:</b> Repeat the last spell you've cast that costs (6) or more.
DED_516	Deepwater Evoker	[x]<b>Battlecry:</b> Draw a spell. Gain Armor equal to its Cost.
DED_521	Maddest Bomber	<b>Battlecry:</b> Deal 12 damage randomly split among all other characters.
DEEP_007	Sir Finley, the Intrepid	[x]<b>Battlecry</b>: If you've <b>Excavated</b> twice, transform all enemy minions into 1/1 Murlocs.
DEEP_012	Shadestone Skulker	[x]<b>Rush</b>. <b>Battlecry:</b> Take your _weapon and gain its stats._ <b>Deathrattle:</b> Give it back.
DEEP_020	Deepminer Brann	[x]<b>Battlecry:</b> If your deck started with no duplicates, your <b>Battlecries</b> trigger twice for the rest of the game.
DEEP_033	Fossilized Kaleidosaur	<b>Battlecry:</b> Gain two random <b>Bonus Effects</b>. <b>Excavate</b> a treasure.
DEEP_037	Maruut Stonebinder	[x]<b>Battlecry:</b> If your deck started with no duplicates, <b>Discover</b> an Elemental to summon. Add the others to your hand.
DINO_137	Skittish Saucier	<b>Battlecry:</b> Reduce the Cost of adjacent cards in your hand by (1).
DINO_411	Holy Eggbearer	<b>Battlecry:</b> Draw a 0-Attack minion.
DINO_427	Costume Merchant	[x]<b>Battlecry:</b> Get a random Mask from another class. _<b>Combo:</b> It costs (2) less.
DINO_430	Beast Speaker Taka	[x]<b>Battlecry:</b> <b>Discover</b> a ___<b>Legendary</b> Beast from any___ _class to gain its stats. __<b>Deathrattle:</b> Summon it.
DINO_434	Raptor-Nest Nurse	[x]<b>Battlecry:</b> Get a random 1-Cost minion. <b><b>Deathrattle:</b> </b>Get a random 1-Cost spell.
DMF_002	N'Zoth, God of the Deep	<b>Battlecry:</b> Resurrect a friendly minion of each minion type.
DMF_004	Yogg-Saron, Master of Fate	[x]<b>Battlecry:</b> If you've cast 10 spells this game, spin the Wheel of Yogg-Saron.@ <i>({0} left!)</i>@ <i>(Ready!)</i>
DMF_065	Banana Vendor	<b>Battlecry:</b> Add 2 Bananas to each player's hand.
DMF_071	Tenwu of the Red Smoke	<b>Battlecry:</b> Return a friendly minion to your hand. It costs (1) this turn.
DMF_074	Silas Darkmoon	<b>Battlecry:</b> Choose a direction to rotate all minions.
DMF_079	Inconspicuous Rider	<b>Battlecry:</b> Cast a <b>Secret</b> from your deck.
DMF_081	K'thir Ritualist	[x]<b>Taunt</b> <b>Battlecry:</b> Add a random 4-Cost minion to your opponent's hand.
DMF_089	Maxima Blastenheimer	[x]<b>Battlecry:</b> Summon a minion from your deck. It attacks the enemy hero, then dies.
DMF_091	Wriggling Horror	<b>Battlecry:</b> Give adjacent minions +1/+1.
DMF_100	Confection Cyclone	<b>Battlecry:</b> Add two 1/2 Sugar Elementals to your_hand.
DMF_101t	Firework Elemental	<b>Corrupted</b> <b>Battlecry:</b> Deal 12 damage to a minion.
DMF_106	Occult Conjurer	<b>Battlecry:</b> If you control a <b>Secret</b>, summon a copy of_this.
DMF_109	Sayge, Seer of Darkmoon	<b>Battlecry:</b> Draw @ |4(card, cards). <i>(Upgraded for each friendly <b>Secret</b> that has triggered this game!)</i>
DMF_111	Man'ari Mosher	<b>Battlecry:</b> Give a friendly Demon +3 Attack and <b>Lifesteal</b> this turn.
DMF_115	Revenant Rascal	<b>Battlecry:</b> Destroy a Mana Crystal for each player.
DMF_118	Tickatus	[x]<b>Battlecry:</b> Remove the top 5 cards from your deck. <b>Corrupt:</b> Your opponent's deck instead.
DMF_118t	Tickatus	<b>Corrupted</b> <b>Battlecry:</b> Remove the top_5_cards from your opponent's deck.
DMF_122	Mystery Winner	<b>Battlecry:</b> <b>Discover</b> a <b>Secret.</b>
DMF_163	Carnival Clown	[x]<b>Taunt</b> <b>Battlecry:</b> Summon 2 copies of this. <b>Corrupt:</b> Fill your board with copies.
DMF_163t	Carnival Clown	[x]<b>Corrupted</b> <b>Taunt</b> <b>Battlecry:</b> Fill your board with copies of this.
DMF_188	Y'Shaarj, the Defiler	[x]<b>Battlecry:</b> Add a copy of each <b>Corrupted</b> card you've played this game to your hand. They cost (0) this turn.
DMF_189	Costumed Entertainer	[x]<b>Battlecry:</b> Give a random minion in your hand +2/+2.
DMF_231	Zai, the Incredible	<b>Battlecry:</b> Copy the left- and right-most cards in your hand.
DMF_235	Balloon Merchant	<b>Battlecry:</b> Give your Silver Hand Recruits +1 Attack and <b>Divine Shield</b>.
DMF_240	Lothraxion the Redeemed	[x]<b>Battlecry:</b> For the rest of the game, after you summon a Silver Hand Recruit, give it <b>Divine Shield</b>.
DMF_254	C'Thun, the Shattered	[x]<b>Start of Game:</b> Break into pieces. <b>Battlecry:</b> Deal 30 damage randomly split among all enemies.
DMF_511	Foxy Fraud	<b>Battlecry:</b> Your next <b>Combo</b> card this turn costs_(2) less.
DMF_516	Grand Empress Shek'zara	<b>Battlecry:</b> <b>Discover</b> a card in your deck and draw all copies of it.
DMF_521	Sword Eater	<b>Taunt</b> <b>Battlecry:</b> Equip a 3/2_Sword.
DMF_525	Ringmaster Whatley	<b>Battlecry:</b> Draw a Mech, Dragon, and Pirate.
DMF_531	Stage Hand	[x]<b>Battlecry:</b> Give a random minion in your hand +1/+1.
DMF_703t	Pit Master	<b>Corrupted</b> <b>Battlecry:</b> Summon two 3/2 Duelists.
DMF_704	Cagematch Custodian	<b>Battlecry:</b> Draw a weapon.
DMF_733	Kiri, Chosen of Elune	<b>Battlecry:</b> Add a Solar Eclipse and Lunar Eclipse to your hand.
DRG_010	Diving Gryphon	<b>Rush</b> <b>Battlecry:</b> Draw a <b>Rush</b> minion_from_your_deck.
DRG_019	Scion of Ruin	<b>Rush</b>. <b>Battlecry:</b> If you've <b>Invoked</b> twice, summon 2_copies of this.
DRG_021	Ritual Chopper	<b>Battlecry:</b> <b>Invoke</b> Galakrond.
DRG_026	Deathwing, Mad Aspect	<b>Battlecry:</b> Attack ALL other minions.
DRG_027	Umbral Skulker	[x]<b>Battlecry:</b> If you've <b>Invoked</b> twice, add 3 Coins to your hand.
DRG_034	Stowaway	[x]<b>Battlecry:</b> If there are cards in your deck that didn't start there, draw 2 of them.
DRG_035	Bloodsail Flybooter	<b>Battlecry:</b> Add two 1/1 Pirates to your hand.
DRG_050	Devoted Maniac	<b>Rush</b> <b>Battlecry:</b> <b>Invoke</b> Galakrond.
DRG_055	Hoard Pillager	<b>Battlecry:</b> Equip one of your destroyed weapons.
DRG_060	Fire Hawk	<b>Battlecry:</b> Gain +1 Attack for each card in your opponent's hand.
DRG_062	Wyrmrest Purifier	[x]<b>Battlecry:</b> Transform all Neutral cards in your deck into random cards from your class.
DRG_064	Zul'Drak Ritualist	[x]<b>Taunt</b> <b>Battlecry:</b> Summon three random 1-Cost minions for your opponent.
DRG_069	Platebreaker	<b>Battlecry:</b> Destroy your opponent's Armor.
DRG_070	Dragon Breeder	<b>Battlecry:</b> Choose a friendly Dragon. Add a copy of it to_your hand.
DRG_072	Skyfin	<b>Battlecry:</b> If you're holding a Dragon, summon 2 random Murlocs.
DRG_074	Camouflaged Dirigible	<b>Battlecry:</b> Give your other Mechs <b>Stealth</b> until your_next turn.
DRG_075	Cobalt Spellkin	<b>Battlecry:</b> Add two 1-Cost spells from your class to_your hand.
DRG_076	Faceless Corruptor	[x]<b>Rush</b>. <b>Battlecry:</b> Transform one of your minions into a copy of this.
DRG_082	Kobold Stickyfinger	<b>Battlecry:</b> Steal your opponent's weapon.
DRG_086	Chromatic Egg	[x]<b>Battlecry:</b> Secretly <b>Discover</b> a Dragon to hatch into. <b>Deathrattle:</b> Hatch!
DRG_089	Dragonqueen Alexstrasza	[x]<b>Battlecry:</b> If your deck has no duplicates, add 2 other random Dragons to your hand. They cost (0).
DRG_090	Murozond the Infinite	<b>Battlecry:</b> Play all cards your opponent played last_turn.
DRG_095	Veranus	<b>Battlecry:</b> Change the Health of all enemy minions to 1.
DRG_099	Kronx Dragonhoof	[x]<b>Battlecry:</b> Draw Galakrond. If you're already Galakrond, unleash a Devastation.
DRG_102	Azure Explorer	<b>Spell Damage +2</b> <b>Battlecry:</b> <b>Discover</b> a Dragon.
DRG_202	Dragonblight Cultist	[x]<b>Battlecry:</b> <b>Invoke</b> Galakrond. Gain +1 Attack for each other friendly minion.
DRG_207	Abyssal Summoner	[x]<b>Battlecry:</b> Summon a Demon with <b>Taunt</b> and stats equal to your hand size.
DRG_218	Corrupt Elementalist	<b>Battlecry:</b> <b>Invoke</b> Galakrond twice.
DRG_224	Nithogg	[x]<b>Battlecry:</b> Summon two 0/3 Eggs. Next turn they hatch into 4/4 Drakes with <b>Rush</b>.
DRG_229	Bronze Explorer	<b>Lifesteal</b> <b>Battlecry:</b> <b>Discover</b> a Dragon.
DRG_231	Lightforged Crusader	[x]<b>Battlecry:</b> If your deck has no Neutral cards, add 5 random Paladin cards to your hand.
DRG_232	Lightforged Zealot	<b>Battlecry:</b> If your deck has no Neutral cards, equip a __4/2_Truesilver_Champion._
DRG_242	Shield of Galakrond	<b>Taunt</b> <b>Battlecry:</b> <b>Invoke</b> Galakrond.
DRG_254	Primordial Explorer	<b>Poisonous</b> <b>Battlecry:</b> <b>Discover</b> a Dragon.
DRG_257	Frizz Kindleroost	<b>Battlecry:</b> Reduce the Cost of Dragons in your deck by_(2).
DRG_270	Malygos, Aspect of Magic	[x]<b>Battlecry:</b> If you're holding a Dragon, <b>Discover</b> an upgraded Mage spell.
DRG_300	Fate Weaver	[x]<b>Battlecry:</b> If you've <b>Invoked</b> twice, reduce the Cost of cards in your hand by (1).
DRG_303	Disciple of Galakrond	<b>Battlecry:</b> <b>Invoke</b> Galakrond.
DRG_306	Envoy of Lazul	[x]<b>Battlecry:</b> Look at 3 cards. Guess which one is in your opponent's hand to get a copy of it.
DRG_308	Mindflayer Kaahrj	<b>Battlecry:</b> Choose an enemy minion. <b>Deathrattle:</b> Summon a new copy of it.
DRG_309	Nozdormu the Timeless	<b>Battlecry:</b> Set each player to 10 Mana Crystals.
DRG_313	Emerald Explorer	<b>Taunt</b> <b>Battlecry:</b> <b>Discover</b> a Dragon.
DRG_319	Goru the Mightree	[x]<b>Taunt</b> <b>Battlecry:</b> For the rest of the game, your Treants have +1/+1.
DRG_320	Ysera, Unleashed	[x]<b>Battlecry:</b> Shuffle 7 Dream Portals into your deck. When drawn, summon a random Dragon.
DRG_322	Dragoncaster	<b>Battlecry:</b> If you're holding a Dragon, your next spell this turn costs (0).
DRG_401	Grizzled Wizard	<b>Battlecry:</b> Swap Hero Powers with your opponent until your next turn.
DRG_402	Sathrovarr	<b>Battlecry:</b> Choose a friendly minion. Add a copy of it to_your hand, deck, and battlefield.
DRG_403	Blowtorch Saboteur	<b>Battlecry:</b> Your opponent's next Hero Power costs (2)_more.
DRG_600	Galakrond, the Wretched	[x]<b>Battlecry:</b> Summon 1 random Demon. <i>(@)</i>
DRG_600t2	Galakrond, the Apocalypse	[x]<b>Battlecry:</b> Summon 2 random Demons. <i>(@)</i>
DRG_600t3	Galakrond, Azeroth's End	[x]<b>Battlecry:</b> Summon 4 random Demons. Equip a 5/2 Claw.
DRG_610	Galakrond, the Nightmare	[x]<b>Battlecry:</b> Draw 1 card. It costs (0). <i>(@)</i>
DRG_620	Galakrond, the Tempest	[x]<b>Battlecry:</b> Summon two 2/2 Storms with <b>Rush</b>. <i>(@)</i>
DRG_620t2	Galakrond, the Apocalypse	[x]<b>Battlecry:</b> Summon two 4/4 Storms with <b>Rush</b>. <i>(@)</i>
DRG_620t3	Galakrond, Azeroth's End	[x]<b>Battlecry:</b> Summon two 8/8 Storms with <b>Rush</b>. Equip a 5/2 Claw.
DRG_650	Galakrond, the Unbreakable	[x]<b>Battlecry:</b> Draw 1 minion. Give it +4/+4. <i>(@)</i>
DRG_650t2	Galakrond, the Apocalypse	[x]<b>Battlecry:</b> Draw 2 minions. Give them +4/+4. <i>(@)</i>
DRG_650t3	Galakrond, Azeroth's End	[x]<b>Battlecry:</b> Draw 4 minions. Give them +4/+4. Equip a 5/2 Claw.
DRG_660	Galakrond, the Unspeakable	[x]<b>Battlecry:</b> Destroy 1 random enemy minion. <i>(@)</i>
DRG_660t2	Galakrond, the Apocalypse	[x]<b>Battlecry:</b> Destroy 2 random enemy minions. <i>(@)</i>
DRG_660t3	Galakrond, Azeroth's End	[x]<b>Battlecry:</b> Destroy 4 random enemy minions. Equip a 5/2 Claw.
EDR_000	Ysera, Emerald Aspect	[x]<b>Start of Game:</b> Increase both players'maximum Mana by 5. <b>Battlecry:</b> Gain 3 Mana Crystals.
EDR_001	Hopeful Dryad	<b>Battlecry:</b> Get a random Dream card.
EDR_014	Verdant Dreamsaber	<b>Battlecry:</b> If this costs (3) or less, attack two random enemy minions.
EDR_102	Treacherous Tormentor	<b>Battlecry:</b> <b>Discover</b> a <b>Legendary</b> minion with a <b>Dark Gift</b>.
EDR_105	Creature of Madness	<b>Battlecry:</b> <b>Discover</b> a 3-Cost minion with a <b>Dark_Gift.</b>
EDR_226	Exotic Houndmaster	<b>Battlecry:</b> Draw a Beast. <b>Imbue</b> your Hero Power.
EDR_230	Beanstalk Brute	<b>Battlecry:</b> Give +4/+4 to_the top 3 minions in_your deck.
EDR_238	Merithra	[x]<b>Battlecry:</b> Resurrect all different friendly minions that cost (8) or more.
EDR_259	Ursol	[x]<b>Battlecry:</b> Cast the highest Cost spell from your hand as _an Aura that lasts @ turns.
EDR_430	Aessina	[x]<b>Battlecry:</b> If 20 friendly minions have died this game, deal 20 damage split among all enemies.@ <i>({0} left!)</i>@ <i>(Ready!)</i>
EDR_449	Lunarwing Messenger	<b>Lifesteal</b> <b>Battlecry:</b> <b>Imbue</b> your Hero_Power.
EDR_451	Goldpetal Drake	[x]<b>Battlecry and Deathrattle:</b> <b>Imbue</b> your Hero Power.
EDR_456	Darkrider	<b>Battlecry:</b> If you're holding a Dragon, <b>Discover</b> a Dragon with a <b>Dark Gift</b>.
EDR_457	Brood Keeper	<b>Battlecry:</b> If you're holding a Dragon, equip a 2/2 Sword.
EDR_464	Tyrande	<b>Battlecry:</b> The next 3 spells you play cast twice.
EDR_481	Mythical Runebear	<b>Taunt</b>. <b>Battlecry:</b> If this has 4 or more Attack, summon a copy of this.
EDR_489	Agamaggan	[x]<b>Battlecry:</b> The next card you play costs your OPPONENT'S Health instead of Mana <i>(up to 10)</i>.
EDR_491	Archdruid of Thorns	<b>Battlecry:</b> Gain the <b>Deathrattles</b> of your minions that died this turn.
EDR_492	Mother Duck	<b>Battlecry:</b> Summon three 1/1 Ducklings with <b>Rush</b>.
EDR_493	Alara'shi	[x]<b>Battlecry:</b> Transform minions in your hand into random Demons. <i>(They keep their __original stats and Cost.)</I>
EDR_517	Q'onzu	<b>Battlecry:</b> <b>Discover</b> a spell. Choose to keep it or put it on top of your opponent's deck.
EDR_518	Living Garden	[x]<b>Battlecry:</b> <b>Imbue</b> your Hero Power. Reduce the Cost of a _minion in your hand by (1).
EDR_519	Wisprider	<b>Battlecry:</b> <b>Imbue</b> your Hero Power, then trigger it.
EDR_521	Tricky Satyr	<b>Battlecry:</b> Get a copy of the lowest Cost card in your opponent's hand.
EDR_524	Shadowcloaked Assailant	[x]<b>Battlecry:</b> If you're holding one of the same cards as your opponent, shuffle theirs into their deck.
EDR_526	Renferal, the Malignant	[x]<b>Battlecry:</b> Trap @ random |4(card, cards) in your opponent's hand for a turn. <i>(Improved for each time you've played this.)</i>
EDR_527	Ashamane	[x]<b>Battlecry:</b> Fill your hand with copies of cards from your opponent's deck. They cost (3) less.
EDR_654	Overgrown Horror	[x]<b>Taunt</b> <b>Battlecry:</b> Reduce the Cost of minions in your hand with <b>Dark Gifts</b> by (2).
EDR_780	Bloodthistle Illusionist	[x]<b>Battlecry:</b> Summon a copy of this. One secretly dies when it takes damage.
EDR_800	Flutterwing Guardian	<b><b>Taunt</b>, Divine Shield</b> <b>Battlecry:</b> <b>Imbue</b> your Hero_Power.
EDR_810	Hideous Husk	[x]Your Leeches steal 1 more Health from their victims. <b>Battlecry:</b> Summon two 0/2 Leeches.
EDR_812	Grotesque Runeblade	[x]<b>Battlecry:</b> If the last card you played had an Unholy rune, gain +1 Attack. Repeat for ____Blood and +1 Durability.
EDR_819	Ursoc	<b>Battlecry:</b> Attack ALL other minions. <b>Deathrattle:</b> Resurrect any this killed.
EDR_841	Dreadsoul Corrupter	[x]<b>Battlecry and Deathrattle:</b> Summon a random <b>Dormant</b> Dreadseed.
EDR_847	Dreambound Disciple	<b>Battlecry and Deathrattle:</b> Your next Hero Power costs (0).
EDR_852	Bitterbloom Knight	<b>Battlecry:</b> <b>Imbue</b> your Hero Power.
EDR_856	Nightmare Lord Xavius	<b>Battlecry:</b> <b>Discover</b> a minion from your deck. Give it a <b>Dark Gift</b>.
EDR_871	Spirit Gatherer	<b>Battlecry:</b> Get a Wisp. <b>Imbue</b> your Hero Power.
EDR_873	Envoy of the Glade	[x]<b>Battlecry:</b> Transform all Neutral cards in your deck _into random Druid ones.
EDR_888	Malorne the Waywatcher	[x]<b>Battlecry:</b> <b>Discover</b> a <b>Legendary</b> Wild God. If you've <b>Imbued</b> your Hero Power 4 times, set its Cost to (1).
EDR_895	Aviana, Elune's Chosen	[x]<b>Battlecry:</b> Start a three turn lunar cycle. When the Full_Moon rises, your cards cost (1) this game.
EDR_970	Kaldorei Priestess	[x]<b>Battlecry:</b> Give all enemy minions -2 Attack until your next turn. <b>Imbue</b> your Hero Power.
EDR_999	Gnawing Greenfin	<b>Battlecry:</b> Get a random Murloc.
END_001	Jagged Edge of Time	<b>Battlecry:</b> <b>Imbue</b> your Hero Power.
END_006	Chronikar	[x]<b>Battlecry:</b> Give your hero +3_Attack this turn, next turn, and the turn after.
END_012	Hand of Infinity	[x]Can't attack heroes. <b>Battlecry:</b> Set this weapon's Attack to INFINITY this turn!
END_013	Brutish Endmaw	<b>Battlecry:</b> <b>Discover</b> a 1-Cost minion with a <b>Dark_Gift</b>.
END_017t	Tick and Tock	<b>Battlecry:</b> Draw until your hand is full. <b>Deathrattle:</b> Empty the opponent's hand.
END_018	Acolyte of Infinity	[x]<b>Battlecry:</b> Set the Cost of a random card in your hand to INFINITY! <b>Deathrattle:</b> Change it back.
END_021	Dimensional Weaponsmith	<b>Battlecry:</b> Give all minions and weapons in your hand +2 Attack.
END_034	Crumblecrusher	[x]<b>Battlecry:</b> Destroy a random enemy minion, location, and weapon.
END_035	Omen of the End	[x]<b>Battlecry:</b> If your deck is empty, destroy the top 5 _cards of the enemy deck.
END_036	Morchie	[x]Your <b>Rewinds</b> keep BOTH potential outcomes. <b>Battlecry:</b> <b>Discover</b> a <b>Rewind</b> card from any class.
END_037	Endtime Murozond	<b>Battlecry:</b> Fill your board with random Dragons. Fully heal your hero. Skip your next turn.
ETC_026	Guitar Soloist	[x]<b>Battlecry:</b> If you control no other minions, draw a spell, a minion, and a weapon.
ETC_028	Harmonica Soloist	<b>Battlecry:</b> If you control no other minions, <b>Discover</b> and cast a <b>Secret</b>.
ETC_029	Keyboard Soloist	[x]<b>Battlecry:</b> If you control no other minions, summon two 1/2 Amps with <b>Spell Damage +1</b>.
ETC_068	Baritone Imp	[x]<b>Battlecry:</b> Take Fatigue damage. Gain that much Attack and Health.@[x]<b>Battlecry:</b> Take {0} Fatigue damage. Gain that much Attack and Health.
ETC_070	Crazed Conductor	[x]<b>Battlecry:</b> Take Fatigue damage. Summon that many 3/3 Imps.@[x]<b>Battlecry:</b> Take {0} Fatigue damage. Summon that many 3/3 Imps.
ETC_078	MC Blingtron	[x]<b>Battlecry:</b> Both players equip 1/2 Microphones. Your opponent's increases all damage they take by 1!
ETC_080	E.T.C., Band Manager	[x]While building your deck, assemble a band of 3 cards. _<b>Battlecry: Discover</b> one!
ETC_087	Audio Amplifier	<b>Battlecry:</b> Set your maximum Mana and hand size to 11.
ETC_088	Ghost Writer	<b>Battlecry:</b> <b>Discover</b> a spell. <b>Finale:</b> <b>Discover</b> another.
ETC_098	Worgen Roadie	[x]<b>Battlecry:</b> Summon a 0/3 Instrument Case for your opponent. <i>(Break it for a random weapon!)</i>
ETC_103	Hipster	[x]<b>Battlecry:</b> <b>Discover</b> a spell from your opponent's class that isn't in their deck.
ETC_106	Frequency Oscillator	<b>Battlecry:</b> The next Mech you play costs (1) less.
ETC_107	Rowdy Fan	<b>Battlecry:</b> Choose a minion. It has +4 Attack while this is alive.
ETC_108	Obsessive Fan	<b>Battlecry:</b> Choose a minion. It has <b>Stealth</b> while this is alive.
ETC_109	Annoying Fan	<b>Battlecry:</b> Choose a minion. It can't attack while this is alive.
ETC_110	Cover Artist	<b>Battlecry:</b> Transform into a 3/3 copy of a minion.
ETC_113	Photographer Fizzle	[x]<b>Battlecry:</b> Take a Snapshot of your current hand and shuffle it into your deck. <i>(Once per game)</i>
ETC_121	Rock Master Voone	<b>Battlecry:</b> Copy each minion of a different type in your hand.
ETC_326	Paparazzi	<b>Battlecry:</b> <b>Discover</b> a <b>Legendary</b> minion.
ETC_350	Party Animal	[x]<b>Battlecry:</b> Give +1/+1 to each minion of a different type in your hand.
ETC_358	Saxophone Soloist	[x]<b>Battlecry:</b> If you control no other minions, add a Saxophone Soloist to your hand.
ETC_359	Flowrider	[x]<b>Battlecry:</b> If you're <b>Overloaded</b>, <b>Discover</b> a spell from your deck.
ETC_371	Inzah	<b>Battlecry:</b> For the rest of the game, your <b>Overload</b> cards cost (1) less.
ETC_382	Free Spirit	[x]<b>Battlecry and Deathrattle:</b> Your Hero Power gains 1 more Armor this game.
ETC_385	Groovy Cat	<b>Battlecry and Deathrattle:</b> Your Hero Power gives your hero 1 more Attack this game.
ETC_386	Zok Fogsnout	[x]<b>Battlecry:</b> Summon two {0}/{1} Quilboar with <b>Taunt</b>. _<i>(Improved by your hero Attack_ __& Armor gained this turn!)</i>
ETC_395	DJ Manastorm	<b>Battlecry:</b> Set the Cost of spells in your hand to (0). After you cast one, the others cost (1) more.
ETC_409	The One-Amalgam Band	[x]<b>Battlecry:</b> Gain a random <b>Bonus Effect</b> for each minion of a different type you've played this game.@ <i>(@)</i>
ETC_418	Instrument Tech	<b>Battlecry:</b> Draw a weapon.
ETC_420	Outfit Tailor	[x]<b>Battlecry:</b> Give a friendly minion Attack and Health equal to this minion's.
ETC_425	Pozzik, Audio Engineer	<b>Battlecry:</b> Add two 3/3 Bots to your opponent's hand. <b>Deathrattle:</b> Summon them for yourself.
ETC_428	Boneshredder	[x]<b>Battlecry:</b> Spend 5 <b>Corpses</b> to trigger and gain the <b>Deathrattle</b> of a random friendly minion that died this game.
ETC_836	Mister Mukla	[x]<b>Rush</b>. <b>Battlecry:</b> Fill your opponent's hand with Bananas.
EX1_002	The Black Knight	<b>Tradeable</b> <b>Battlecry:</b> Destroy an enemy minion with <b>Taunt</b>.
EX1_014	King Mukla	<b>Battlecry:</b> Give your opponent 2 Bananas.
EX1_025	Dragonling Mechanic	<b>Battlecry:</b> Summon a 2/1 Mechanical Dragonling.
EX1_043	Twilight Drake	<b>Battlecry:</b> Gain +1 Health for each card in your hand.
EX1_049	Youthful Brewmaster	<b>Battlecry:</b> Return a friendly minion from the battlefield to your hand.
EX1_057	Ancient Brewmaster	<b>Battlecry:</b> Return a friendly minion from the battlefield to your hand.
EX1_058	Sunfury Protector	<b>Battlecry:</b> Give adjacent minions <b>Taunt</b>.
EX1_059	Crazed Alchemist	<b>Battlecry:</b> Swap the Attack and Health of a minion.
EX1_083	Tinkmaster Overspark	[x]<b>Battlecry:</b> Transform another random minion into a 5/5 Devilsaur or a 1/1 Squirrel.
EX1_085	Mind Control Tech	[x]<b>Battlecry:</b> If your opponent has 4 or more minions, take control of one.
EX1_089	Arcane Golem	<b>Charge</b>. <b>Battlecry:</b> Give your opponent a Mana Crystal.
EX1_091	Cabal Shadow Priest	<b>Battlecry:</b> Take control of an enemy minion that has 2 or less Attack.
EX1_093	Defender of Argus	<b>Battlecry:</b> Give adjacent minions +1/+1 and <b>Taunt</b>.
EX1_112	Gelbin Mekkatorque	<b>Battlecry:</b> Summon an AWESOME invention.
EX1_186	SI:7 Infiltrator	<b>Battlecry:</b> Destroy a random enemy <b>Secret</b>.
EX1_190	High Inquisitor Whitemane	<b>Battlecry:</b> Summon all friendly minions that died_this turn.
EX1_191	Plaguebringer	<b>Battlecry:</b> Give a friendly minion <b>Poisonous</b>.
EX1_193	Psychic Conjurer	<b>Battlecry:</b> Copy a card in your opponent’s deck and add it to your hand.
EX1_196	Scarlet Subjugator	<b>Battlecry:</b> Give an enemy minion -2 Attack until your_next turn.
EX1_301	Felguard	<b>Taunt</b> <b>Battlecry:</b> Destroy one of your Mana Crystals.
EX1_304	Void Terror	[x]<b>Battlecry:</b> Destroy both adjacent minions and gain their Attack and Health.
EX1_306	Felstalker	<b>Battlecry:</b> Discard a random card.
EX1_310	Doomguard	<b>Charge</b>. <b>Battlecry:</b> Discard two random cards.
EX1_323	Lord Jaraxxus	<b>Battlecry:</b> Equip a 3/8 Blood Fury.
EX1_362	Argent Protector	<b>Battlecry:</b> Give a friendly minion <b>Divine Shield</b>.
EX1_382	Aldor Peacekeeper	<b>Battlecry:</b> Change an_enemy minion's Attack to 1.
EX1_398	Arathi Weaponsmith	<b>Battlecry:</b> Equip a 2/2_weapon.
EX1_561	Alexstrasza	<b>Battlecry:</b> Set a hero's remaining Health to 15.
EX1_562	Onyxia	<b>Battlecry:</b> Summon 1/1 Whelps until your side of the battlefield is full.
EX1_564	Faceless Manipulator	<b>Battlecry:</b> Choose a minion and become a copy of it.
EX1_584	Ancient Mage	<b>Battlecry:</b> Give adjacent_minions <b>Spell_Damage +1</b>.
EX1_587	Windspeaker	<b>Battlecry:</b> Give a friendly minion <b>Windfury</b>.
EX1_612	Kirin Tor Mage	[x]<b>Battlecry:</b> The next <b>Secret</b> you play this turn costs (0).
FIR_901	Frostburn Matriarch	<b>Battlecry:</b> If you're holding a minion with a <b>Dark Gift</b>, summon two 4/4 Dragons with <b>Taunt</b>.
FIR_908	Charred Chameleon	<b>Battlecry:</b> If you've used your Hero Power this turn, give a friendly minion +1/+2 and <b>Rush</b>.
FIR_920	Smoke Bomb	<b>Discover</b> a <b>Combo</b>, <b>Battlecry</b>, or <b>Stealth</b> minion with a <b>Dark Gift</b>.
FIR_922	Cindersword	<b>Battlecry:</b> If you're holding a minion with a <b>Dark Gift</b>, gain +3 Attack.
FIR_924	Shadowflame Stalker	<b>Battlecry:</b> <b>Discover</b> a Demon with a <b>Dark Gift</b>. Get a copy of it.
FIR_927	Emberscarred Whelp	[x]<b>Battlecry:</b> <b>Discover</b> a 5-Cost card. Gain 1 Mana Crystal next turn only.
FIR_928	Keeper of Flame	[x]<b>Battlecry:</b> Give all minions in your hand +3/+3. They are destroyed in 3 turns.
FIR_940	Zaqali Flamemancer	<b>Battlecry:</b> If every card in your hand is of a different Cost, reduce their Costs by (2).
FIR_951	Volcoross	[x]<b>Rush, Taunt</b> <b>Battlecry:</b> Choose to spend 10, 20, or 30 <b>Corpses</b> to gain that many stats.
FIR_952	Scorchreaver	[x]<b>Battlecry:</b> <b>Discover</b> a Fel spell. Reduce the Cost of Fel spells in your hand by (1).
FIR_956	Dragon Turtle	[x]<b>Battlecry:</b> If you're holding a minion with a <b>Dark Gift</b>, give your hero +3 Attack this turn and 6 Armor.
FIR_959	Fyrakk the Blazing	[x]<b>Immune</b> to Fire spells. <b>Battlecry:</b> Cast 15 Mana worth of Fire spells at random enemies.
FIR_960	Tending Dragonkin	<b>Battlecry:</b> Copy the lowest Cost Beast in your hand.
FIR_961	Ashleaf Pixie	<b>Battlecry:</b> If you're holding a spell that costs (5) or more, gain <b>Divine Shield</b> and <b>Lifesteal</b>.
FP1_003	Echoing Ooze	<b>Battlecry:</b> Summon an exact copy of this minion at the end of the turn.
FP1_017	Nerub'ar Weblord	Minions with <b>Battlecry</b> cost (2) more.
FP1_030	Loatheb	<b>Battlecry:</b> Enemy spells cost (5) more next turn.
GDB_117	Dirdra, Rebel Captain	<b>Rush</b>. <b>Battlecry:</b> Shuffle all 8 Crewmates into your deck. <b>Deathrattle:</b> Draw two Crewmates.
GDB_120	The Exodar	<b>Battlecry:</b> If you're building a <b>Starship</b>, launch it and choose a Protocol!
GDB_121	Foreboding Flame	[x]<b>Battlecry:</b> Demons that didn't start in your deck cost (1) less this game.
GDB_128	Archimonde	[x]<b>Battlecry:</b> Summon every Demon you played this game that didn't start in your deck.
GDB_135	Ingenious Artificer	[x]__<b>Battlecry:</b> The next Draenei__ you play refreshes Mana Crystals equal to its Attack.
GDB_136	Exarch Hataaru	<b>Battlecry:</b> <b>Discover</b> a spell and reduce its Cost by (1). If you play it this turn, repeat this effect.
GDB_145	Kil'jaeden	[x]<b>Battlecry:</b> Replace your deck with an endless portal of Demons. Each turn, they gain an additional +2/+2.
GDB_229	Expedition Sergeant	[x]_<b>Battlecry:</b> The next Draenei_ you play immediately attacks a random enemy.
GDB_232	Unyielding Vindicator	<b>Battlecry:</b> The next Draenei you play gives your hero its Attack for that turn.
GDB_234	Spore Empress Moldara	<b>Start of Game:</b> Shuffle 7 Replicating Spores into your deck. <b>Battlecry:</b> Cast one.
GDB_302	Blazing Accretion	<b>Battlecry:</b> Destroy the top 3 cards of your deck. Any Fire spells or Elementals are drawn instead.
GDB_303	Blasteroid	<b>Battlecry:</b> Shuffle 5 random Fire spells into your deck. They cost (2) less.
GDB_304	Saruun	[x]<b>Battlecry:</b> Give all Elementals in your deck <b>Fire Spell Damage +1</b>.
GDB_340	Star Vulpera	[x]<b>Tradeable</b> _<b>Battlecry:</b> Destroy an enemy_ <b>Starship</b> or <b>Starship Piece</b>.
GDB_434	Bolide Behemoth	[x]<b>Battlecry:</b> Your Asteroids deal 1 more damage this game. <b><b>Spellburst</b>:</b> Shuffle 3 of them into your deck.
GDB_435	Moonstone Mauler	[x]<b>Battlecry:</b> Shuffle 3 Asteroids into your deck that deal @ damage to a random enemy when drawn.
GDB_440	Mystified To'cha	[x]<b>Battlecry:</b> If the combined Health of both heroes is exactly 42, set your hero's Health to 42.
GDB_443	Cosmonaut	<b>Battlecry:</b> <b>Discover</b> a spell from your deck. Reduce its Cost by (5).
GDB_444	Planetary Navigator	<b>Battlecry:</b> The next Draenei you play costs (2) less, but has <b>Overload:</b> (2).
GDB_448	Murmur	Your <b>Battlecry</b> minions costs (1), but immediately die after being played.
GDB_450	Ace Wayfinder	[x]<b>Battlecry:</b> Gain two random <b>Bonus Effects</b>. The next Draenei you play gains them as well.
GDB_455	Askara	<b>Battlecry:</b> The next two Draenei you play summon a copy of themselves.
GDB_461	Astral Vigilant	<b>Battlecry:</b> Get a copy of the last Draenei you played.
GDB_470	Exarch Maladaar	<b>Battlecry:</b> The next card you play this turn costs <b>Corpses</b> instead of Mana.
GDB_471t	Engine Crewmate	[x]<b>Divine Shield</b> <b>Battlecry:</b> Summon every adjoining Crewmate.
GDB_471t2	Tactical Crewmate	[x]<b>Taunt</b> <b>Battlecry:</b> Summon every adjoining Crewmate.
GDB_471t3	Gunner Crewmate	[x]<b>Rush</b> <b>Battlecry:</b> Summon every adjoining Crewmate.
GDB_471t4	Helm Crewmate	[x]<b>Windfury</b> <b>Battlecry:</b> Summon every adjoining Crewmate.
GDB_471t5	Recon Crewmate	[x]<b>Elusive</b> <b>Battlecry:</b> Summon every adjoining Crewmate.
GDB_471t6	Research Crewmate	[x]<b>Poisonous</b> <b>Battlecry:</b> Summon every adjoining Crewmate.
GDB_471t7	Medical Crewmate	[x]<b>Lifesteal</b> <b>Battlecry:</b> Summon every adjoining Crewmate.
GDB_471t8	Admin Crewmate	[x]<b>Reborn</b> <b>Battlecry:</b> Summon every adjoining Crewmate.
GDB_477	The 8 Hands From Beyond	<b>Battlecry:</b> Destroy both players' decks EXCEPT the 8 highest Cost cards in each.
GDB_720	Starlight Wanderer	<b>Battlecry:</b> The next Draenei you play gains +2/+1.
GDB_721	Interstellar Wayfarer	<b>Divine Shield</b>. <b>Battlecry and Deathrattle:</b> Reduce the Cost of your Librams by (1) this game.
GDB_722	Crimson Commander	<b>Battlecry and Deathrattle:</b> Give all Draenei in your hand +2/+1.
GDB_723	Hologram Operator	<b>Battlecry:</b> Get 3 random <b>Temporary</b> Draenei.
GDB_726	Interstellar Starslicer	<b>Battlecry and Deathrattle:</b> Reduce the Cost of your Librams by (1) this game.
GDB_728	Interstellar Researcher	<b>Battlecry and <b>Spellburst</b>:</b> Draw a Libram.
GDB_846	Exarch Naielle	<b>Battlecry:</b> Replace your Hero Power with Tracking <i>(<b>Discover</b> a card from your deck)</i>.
GDB_856	Exarch Othaar	[x]<b>Battlecry:</b> If you're building a <b>Starship</b>, get 3 different Arcane spells and reduce their Costs by (2).
GDB_861	Stranded Spaceman	[x]<b>Battlecry:</b> The next Draenei you play gains +2_Health and <b>Rush</b>.
GDB_863	Lunar Trailblazer	[x]<b>Battlecry:</b> Set the Cost of a random spell in your hand to this minion's Cost.
GDB_874	Astrobiologist	<b>Battlecry:</b> At the start of your next turn, <b>Discover</b> a spell.
GDB_875	Spacerock Collector	<b>Battlecry:</b> Your next <b>Combo</b> card costs (1) less.
GDB_876	Scrounging Shipwright	<b>Battlecry:</b> Get a random <b>Starship Piece</b> from another class.
GIFT_01	Harth Stonebrew	[x]<b>Battlecry:</b> Replace your hand with an iconic one from Hearthstone's past. <i>(Once per game)</i>
GIL_116	Arcane Keysmith	<b>Battlecry:</b> <b>Discover</b> a <b>Secret</b>. Put it into the battlefield.
GIL_125	Mad Hatter	[x]<b>Battlecry:</b> Randomly toss 3 hats to other minions. Each hat gives +1/+1.
GIL_128	Emeriss	<b>Battlecry:</b> Double the Attack and Health of all minions in_your hand.
GIL_198	Azalina Soulthief	<b>Battlecry:</b> Replace your hand with a copy of your_opponent's.
GIL_212	Ravencaller	[x]<b>Battlecry:</b> Add two random 1-Cost minions to your hand.
GIL_213	Tanglefur Mystic	<b>Battlecry:</b> Add a random 2-Cost minion to each player's hand.
GIL_507	Bewitched Guardian	[x]<b>Taunt</b> <b>Battlecry:</b> Gain +1 Health _for each card in your hand._
GIL_515	Ratcatcher	<b>Rush</b> <b>Battlecry:</b> Destroy a friendly minion and gain its Attack and Health.
GIL_526	Wyrmguard	<b>Battlecry:</b> If you're holding a Dragon, gain +1 Attack and <b>Taunt</b>.
GIL_561	Blackwald Pixie	<b>Battlecry:</b> Refresh your Hero Power.
GIL_561_Puzzle	Blackwald Pixie	<b>Battlecry:</b> Refresh your Hero Power.
GIL_565	Deathweb Spider	<b>Battlecry:</b> If your hero took damage this turn, gain <b>Lifesteal</b>.
GIL_578	Countess Ashmore	[x]<b>Battlecry:</b> Draw a <b>Rush</b>, <b>Lifesteal</b>, and <b>Deathrattle</b> card from your deck.
GIL_580	Town Crier	<b>Battlecry:</b> Draw a <b>Rush</b> minion from your deck.
GIL_581	Sandbinder	<b>Battlecry:</b> Draw an Elemental from your deck.
GIL_584	Witchwood Piper	[x]<b>Battlecry:</b> Draw the lowest Cost minion from your deck.
GIL_598	Tess Greymane	[x]<b>Battlecry:</b> Replay every card from another class you've played this game <i>(targets chosen randomly)</i>.
GIL_601	Scaleworm	<b>Battlecry:</b> If you're holding a Dragon, gain +1 Attack and <b>Rush</b>.
GIL_614	Voodoo Doll	<b>Battlecry:</b> Choose a minion. <b>Deathrattle:</b> Destroy the chosen minion.
GIL_623	Witchwood Grizzly	[x]<b>Taunt</b> <b>Battlecry:</b> Lose 1 Health for each card in your opponent's hand.
GIL_634	Bellringer Sentry	<b>Battlecry and Deathrattle:</b> Put a <b>Secret</b> from your deck into the battlefield.
GIL_648	Chief Inspector	<b>Battlecry:</b> Destroy all enemy <b>Secrets</b>.
GIL_658	Splintergraft	[x]<b>Battlecry:</b> Choose a friendly minion. Add a 10/10 copy to your hand that costs (10).
GIL_682	Muck Hunter	<b>Rush</b> <b>Battlecry:</b> Summon two 2/1_Mucklings for your opponent.
GIL_683	Marsh Drake	<b>Battlecry:</b> Summon a 2/1 <b>Poisonous</b> Drakeslayer for your opponent.
GIL_694	Prince Liam	[x]<b>Battlecry:</b> Transform all 1-Cost cards in your deck _into <b>Legendary</b> minions.
GIL_803	Militia Commander	<b>Rush</b> <b>Battlecry:</b> Gain +3_Attack this turn.
GIL_815	Baleful Banker	<b>Battlecry:</b> Choose a friendly minion. Shuffle a copy into your deck.
GIL_820	Shudderwock	[x]<b>Battlecry:</b> Repeat all other <b>Battlecries</b> from cards you played this game <i>(targets chosen randomly)</i>.
GIL_827	Blink Fox	<b>Battlecry:</b> Add a random card to your hand <i>(from your opponent's class).</i>
GIL_835	Squashling	[x]<b>Echo</b> <b>Battlecry:</b> Restore #2 Health.
GIL_836	Blazing Invocation	[x]<b>Discover</b> a <b>Battlecry</b> minion. It costs (1) less.
GIL_837	Glitter Moth	<b>Battlecry:</b> If your deck has only odd-Cost cards, double the Health of your other minions.
GIL_840	Lady in White	[x]<b>Battlecry:</b> Cast 'Inner Fire' _on every minion in your deck_ <i>(set Attack equal to Health).</i>
GIL_905	Carrion Drake	<b>Battlecry:</b> If a minion died this turn, gain <b>Poisonous</b>.
GVG_011	Shrinkmeister	<b>Battlecry:</b> Give a minion -3_Attack this turn.
GVG_014	Vol'jin	<b>Battlecry:</b> Swap Health with another minion.
GVG_042	Neptulon	<b>Battlecry:</b> Add 4 random Murlocs to your hand. <b>Overload:</b> (3)
GVG_043	Glaivezooka	<b>Battlecry:</b> Give a random friendly minion +1 Attack.
GVG_048	Metaltooth Leaper	<b>Battlecry:</b> Give your other Mechs +2 Attack.
GVG_055	Screwjank Clunker	<b>Battlecry:</b> Give a friendly Mech +2/+2.
GVG_056	Iron Juggernaut	[x]<b>Battlecry and Deathrattle:</b> Shuffle a Mine into your opponent's deck. When drawn, explode for 10 damage!
GVG_059	Coghammer	<b>Battlecry:</b> Give a random friendly minion <b>Divine Shield</b> and <b>Taunt</b>.
GVG_060	Quartermaster	<b>Battlecry:</b> Give your Silver Hand Recruits +2/+2.
GVG_074	Kezan Mystic	<b>Battlecry:</b> Take control of a random enemy <b>Secret</b>.
GVG_080	Druid of the Fang	<b>Battlecry:</b> If you have a Beast, transform this minion into a 7/7.
GVG_083	Upgraded Repair Bot	<b>Battlecry:</b> Give a friendly Mech +4 Health.
GVG_107	Enhance-o Mechano	<b>Battlecry:</b> Give your other minions <b>Windfury</b>, <b>Taunt</b>, or <b>Divine Shield</b> <i>(at random)</i>.
GVG_108	Recombobulator	<b>Battlecry:</b> Transform a friendly minion into a random minion with the same Cost.
GVG_115	Toshley	<b>Battlecry and Deathrattle:</b> Add a <b>Spare Part</b> card to your hand.
GVG_119	Blingtron 3000	<b>Battlecry:</b> Equip a random weapon for each player.
GVG_120	Hemet Nesingwary	<b>Battlecry:</b> Destroy a Beast.
GVG_123	Soot Spewer	<b>Spell Damage +1</b> <b>Battlecry:</b> If you control another Mech, get a random Fire spell.
ICC_018	Phantom Freebooter	<b>Battlecry:</b> Gain stats equal to your weapon's.
ICC_025	Rattling Rascal	[x]<b>Battlecry:</b> Summon a 5/5 Skeleton. <b>Deathrattle:</b> Summon one for your opponent.
ICC_028	Sunborne Val'kyr	<b>Battlecry:</b> Give adjacent minions +2 Health.
ICC_069	Ghastly Conjurer	<b>Battlecry:</b> Add a 'Mirror Image' spell to your hand.
ICC_092	Acherus Veteran	<b>Battlecry:</b> Give a friendly minion +1 Attack.
ICC_093	Tuskarr Fisherman	<b>Battlecry:</b> Give a friendly minion <b>Spell Damage +1</b>.
ICC_096	Furnacefire Colossus	<b>Battlecry:</b> Discard all weapons from your hand and gain their stats.
ICC_098	Tomb Lurker	[x]<b>Battlecry:</b> Add a random <b>Deathrattle</b> minion that died this game to your hand.
ICC_215	Archbishop Benedictus	<b>Battlecry:</b> Shuffle a copy of_your opponent's deck into your deck.
ICC_257	Corpse Raiser	"[x]<b>Battlecry:</b> Give a friendly minion ""<b>Deathrattle:</b> Resummon this minion."""
ICC_407	Gnomeferatu	<b>Battlecry:</b> Remove the top card of your opponent's deck.
ICC_415	Stitched Tracker	<b>Battlecry:</b> <b>Discover</b> a copy of a minion in your deck.
ICC_466	Saronite Chain Gang	[x]<b>Taunt</b> <b>Battlecry:</b> Summon a Saronite Chain Gang.
ICC_467	Deathspeaker	<b>Battlecry:</b> Give a friendly minion <b>Immune</b> this turn.
ICC_481	Thrall, Deathseer	<b>Battlecry:</b> Transform your minions into random ones that cost (2) more.
ICC_701	Skulking Geist	<b>Battlecry:</b> Destroy all 1-Cost spells in both hands and decks.
ICC_705	Bonemare	<b>Battlecry:</b> Give a friendly minion +4/+4 and <b>Taunt</b>.
ICC_801	Howling Commander	<b>Battlecry:</b> Draw a <b>Divine_Shield</b> minion from your deck.
ICC_807	Strongshell Scavenger	<b>Battlecry:</b> Give your <b>Taunt</b> minions +2/+2.
ICC_810	Deathaxe Punisher	<b>Battlecry:</b> Give a random <b>Lifesteal</b> minion in your hand +2/+2.
ICC_811	Lilian Voss	<b>Battlecry:</b> Replace spells in your hand with random spells <i>(from your opponent's class).</i>
ICC_829	Uther of the Ebon Blade	<b>Battlecry:</b> Equip a 5/3 <b>Lifesteal</b> weapon.
ICC_831	Bloodreaver Gul'dan	<b>Battlecry:</b> Summon all friendly Demons that_died_this_game.
ICC_833	Frost Lich Jaina	[x]<b>Battlecry:</b> Summon a 3/6 Water Elemental. Your Elementals have <b>Lifesteal</b> this game.
ICC_834	Scourgelord Garrosh	<b>Battlecry</b>: Equip a 4/3_Shadowmourne that also damages adjacent minions.
ICC_838	Sindragosa	<b>Battlecry:</b> Summon two 0/1 Frozen Champions.
ICC_850	Shadowblade	<b>Battlecry:</b> Your hero is <b>Immune</b> this turn.
ICC_851	Prince Keleseth	<b>Battlecry:</b> If your deck has_no 2-Cost cards, give_all minions in your deck +1/+1.
ICC_852	Prince Taldaram	<b>Battlecry:</b> If your deck has_no 3-Cost cards, transform into a 3/3 copy of a minion.
ICC_853	Prince Valanar	<b>Battlecry:</b> If your deck has no 4-Cost cards, gain <b>Lifesteal</b> and <b>Taunt</b>.
ICC_912	Corpsetaker	[x]<b>Battlecry:</b> Gain <b>Taunt</b> if your deck has a <b>Taunt</b> minion. Repeat for <b>Divine Shield</b>, <b>Lifesteal</b>, <b>Windfury</b>.
JAM_000t	Chilling Dispense-o-bot	[x]<b>Battlecry:</b> Get two random Frost spells. <i>(Changes each turn.)</i>@[x]<b>Battlecry:</b> Get two random Frost spells.
JAM_000t2	Merch Dispense-o-bot	[x]<b>Battlecry:</b> Get two random Mechs. <i>(Changes each turn.)</i>@[x]<b>Battlecry:</b> Get two random Mechs.
JAM_000t3	Money Dispense-o-bot	[x]<b>Battlecry:</b> Get two Coins. <i>(Changes each turn.)</i>@[x]<b>Battlecry:</b> Get two Coins.
JAM_000t4	Mystery Dispense-o-bot	[x]<b>Battlecry:</b> Get two random Mage <b>Secrets</b>. <i>(Changes each turn.)</i>@[x]<b>Battlecry:</b> Get two random Mage <b>Secrets</b>.
JAM_005	Yelling Yodeler	[x]<b>Battlecry:</b> Trigger a friendly minion's <b>Deathrattle</b> twice.
JAM_012t	Loud Totemcarver	[x]<b>Battlecry:</b> Summon a 0/3 Stereo Totem. <i>(Changes each turn.)</i>@[x]<b>Battlecry:</b> Summon a 0/3 Stereo Totem.
JAM_012t2	Bluesy Totemcarver	[x]<b>Battlecry:</b> Summon a 0/3 Mana Tide Totem. <i>(Changes each turn.)</i>@[x]<b>Battlecry:</b> Summon a 0/3 Mana Tide Totem.
JAM_012t3	Blazing Totemcarver	[x]<b>Battlecry:</b> Summon a 0/3 Flametongue Totem. <i>(Changes each turn.)</i>@[x]<b>Battlecry:</b> Summon a 0/3 Flametongue Totem.
JAM_012t4	Karaoke Totemcarver	[x]<b>Battlecry:</b> Summon a 0/4 Jukebox Totem. <i>(Changes each turn.)</i>@[x]<b>Battlecry:</b> Summon a 0/4 Jukebox Totem.
JAM_014	Backstage Bouncer	<b>Taunt</b> <b>Battlecry:</b> Transform a friendly minion into a copy of this.
JAM_015t	Sharpened Tuning Fork	[x]<b>Battlecry:</b> Gain +2 Attack. <i>(Changes each turn.)</i>@[x]<b>Battlecry:</b> Gain +2 Attack.
JAM_015t4	Backup Tuning Fork	[x]<b>Battlecry:</b> <b>Discover</b> a <b>Taunt</b> minion. _____<i>(Changes each turn.)</i>___@[x]<b>Battlecry:</b> <b>Discover</b> a <b>Taunt</b> minion.
JAM_023	Plagiarizarrr	<b>Battlecry:</b> Get a copy of the top card of your opponent's deck.
JAM_029	Doomkin	<b>Battlecry:</b> Take one of your opponent's empty Mana_Crystals.
JAM_032	Fiddlefire Imp	<b>Battlecry:</b> Add a random Fire Mage and Fire Warlock spell to your hand.
JAM_034	Speaker Stomper	[x]<b>Tradeable</b> <b>Battlecry:</b> Enemy spells cost (2) more next turn.
JAM_036	Magatha, Bane of Music	<b>Battlecry:</b> Draw 5 cards. Give any spells drawn to your opponent.
KAR_030a	Pantry Spider	<b>Battlecry:</b> Summon a 1/3 Spider.
KAR_033	Book Wyrm	<b>Battlecry:</b> If you're holding a Dragon, destroy an enemy minion with 3 or less Attack.
KAR_057	Ivory Knight	[x]<b>Battlecry:</b> <b>Discover</b> a spell. Restore Health to your hero equal to its Cost.
KAR_061	The Curator	<b>Taunt</b> <b>Battlecry:</b> Draw a Beast, Dragon, and Murloc.
KAR_062	Netherspite Historian	<b>Battlecry:</b> If you're holding a Dragon, <b>Discover</b> a Dragon.
KAR_065	Menagerie Warden	<b>Battlecry:</b> Choose a friendly Beast. Summon a_copy of it.
KAR_069	Swashburglar	<b>Battlecry:</b> Add a random card from another class to_your hand.
KAR_070	Ethereal Peddler	<b>Battlecry:</b> If you're holding any cards from another class, reduce their Cost by (2).
KAR_095	Zoobot	<b>Battlecry:</b> Give a random friendly Beast, Dragon, and Murloc +1/+1.
KAR_097	Medivh, the Guardian	<b>Battlecry:</b> Equip Atiesh, Greatstaff of the Guardian.
KAR_204	Onyx Bishop	<b>Battlecry:</b> Summon a random friendly minion that died this game.
KAR_702	Menagerie Magician	<b>Battlecry:</b> Give a random friendly Beast, Dragon, and Murloc +2/+2.
KAR_710	Arcanosmith	<b>Battlecry:</b> Summon a 0/5 minion with <b>Taunt</b>.
LEG_CS3_015	Selective Breeder	<b>Battlecry:</b> <b>Discover</b> a copy of a Beast in your deck.
LEG_CS3_033	Ysera the Dreamer	<b>Battlecry:</b> Add one of each Dream card to your hand.
LEG_CS3_034	Malygos the Spellweaver	<b>Battlecry:</b> Draw spells until your hand is full.
LEG_RLK_071	Patchwerk	[x]<b>Battlecry:</b> Destroy a random minion in your opponent's _hand, deck, and battlefield._
LEG_RLK_085	Lord Marrowgar	[x]<b>Battlecry:</b> Raise ALL of your <b>Corpses</b> as 1/1 Risen Golems with <b>Rush</b>. For each that can't fit, give one +2/+2.
LEG_RLK_753	Bonedigger Geist	<b>Battlecry:</b> Spend a <b>Corpse</b> to gain +1/+2.
LOE_003	Ethereal Conjurer	<b>Battlecry: Discover</b> a spell.
LOE_006	Museum Curator	<b>Battlecry: Discover</b> a <b>Deathrattle</b> card. It costs (1) less.
LOE_011	Reno Jackson	<b>Battlecry:</b> If your deck has no duplicates, fully heal your hero.
LOE_017	Keeper of Uldaman	<b>Battlecry:</b> Set a minion's Attack and Health to 3.
LOE_019	Unearthed Raptor	<b>Battlecry:</b> Choose a friendly minion. Gain a copy of its_<b>Deathrattle</b>.
LOE_019t2	Golden Monkey	<b>Taunt</b> <b>Battlecry:</b> Replace your hand and deck with <b>Legendary</b> minions.
LOE_020	Desert Camel	<b>Battlecry:</b> Put a 1-Cost minion from each deck into the battlefield.
LOE_023	Dark Peddler	<b>Battlecry: Discover</b> a 1-Cost card.
LOE_029	Jeweled Scarab	<b>Battlecry: Discover</b> a 3-Cost card.
LOE_039	Gorillabot A-3	<b>Battlecry:</b> If you control another Mech, <b>Discover</b> a Mech.
LOE_047	Tomb Spider	<b>Battlecry: Discover</b> a Beast.
LOE_073	Fossilized Devilsaur	<b>Battlecry:</b> If you control another Beast, gain <b>Taunt</b>.
LOE_076	Sir Finley Mrrgglton	<b><b>Battlecry:</b> Discover</b> a new basic Hero Power.
LOE_079	Elise Starseeker	<b>Battlecry:</b> Shuffle the 'Map to the Golden Monkey' into your deck.
LOE_092	Arch-Thief Rafaam	<b>Battlecry: Discover</b> a powerful Artifact.
LOE_110	Ancient Shade	<b>Battlecry:</b> Shuffle an 'Ancient Curse' into your deck that deals 7 damage to you when drawn.
LOOT_026	Fal'dorei Strider	[x]<b>Battlecry:</b> Shuffle 3 Ambushes into your deck. When drawn, summon a 4/4 Spider.
LOOT_033	Cavern Shinyfinder	<b>Battlecry:</b> Draw a weapon from your deck.
LOOT_062	Kobold Hermit	<b>Battlecry:</b> Choose a basic Totem. Summon it.
LOOT_069	Sewer Crawler	<b>Battlecry:</b> Summon a 2/3_Giant Rat.
LOOT_085	Rhok'delar	<b>Battlecry:</b> If your deck has no minions, fill your_hand with Hunter_spells.
LOOT_118	Ebon Dragonsmith	<b>Battlecry:</b> Reduce the Cost of a random weapon in your hand by (2).
LOOT_150	Furbolg Mossbinder	<b>Battlecry:</b> Transform a friendly minion into a 6/6_Elemental.
LOOT_152	Boisterous Bard	<b>Battlecry:</b> Give your other minions +1 Health.
LOOT_161	Carnivorous Cube	<b>Battlecry:</b> Destroy a friendly minion. <b>Deathrattle:</b> Summon 2 copies of it.
LOOT_161_Puzzle	Carnivorous Cube	<b>Battlecry:</b> Destroy a friendly minion. <b>Deathrattle:</b> Summon 2 copies of it.
LOOT_167	Fungalmancer	<b>Battlecry:</b> Give adjacent minions +2/+2.
LOOT_170	Raven Familiar	<b>Battlecry:</b> Reveal a spell in each deck. If yours costs more, draw it.
LOOT_216	Lynessa Sunsorrow	[x]<b>Battlecry:</b> Cast each spell you cast on your minions this game on this one.
LOOT_286t2	Sacred Maul	<b>Battlecry:</b> Give your minions <b>Taunt</b>.
LOOT_286t3	Blessed Maul	<b>Battlecry:</b> Give your minions +1 Attack.
LOOT_286t4	Purifier's Maul	<b>Battlecry:</b> Give your minions <b>Divine Shield</b>.
LOOT_357	Marin the Fox	<b>Battlecry:</b> Summon a 0/8 Treasure Chest for your opponent. <i>(Break it for awesome loot!)</i>
LOOT_358	Grumble, Worldshaker	<b>Battlecry:</b> Return your other minions to your hand. They cost (1).
LOOT_367	Drywhisker Armorer	<b>Battlecry:</b> For each enemy minion, gain 2 Armor.
LOOT_375	Guild Recruiter	<b>Battlecry:</b> <b>Recruit</b> a minion that costs (4) or less.
LOOT_389	Rummaging Kobold	<b>Battlecry:</b> Return one of your destroyed weapons to your hand.
LOOT_415t6	Azari, the Devourer	<b>Battlecry:</b> Destroy your opponent's deck.
LOOT_511	Kathrena Winterwisp	<b>Battlecry and Deathrattle:</b> <b>Recruit</b> a Beast.
LOOT_516	Zola the Gorgon	<b>Battlecry:</b> Choose a friendly minion. Add a Golden copy of it to your hand.
LOOT_517	Murmuring Elemental	<b>Battlecry:</b> Your next <b>Battlecry</b> this turn triggers_twice.
LOOT_517e	Murmurs	Your next <b>Battlecry</b> this turn triggers twice.
LOOT_517e2	Murmuring	Your next <b>Battlecry</b> this turn triggers twice.
LOOT_518	Windshear Stormcaller	<b>Battlecry:</b> If you control all 4 basic Totems, summon Al'Akir_the_Windlord.
LOOT_520	Seeping Oozeling	<b>Battlecry:</b> Gain the <b>Deathrattle</b> of a random minion in your deck.
LOOT_521	Master Oakheart	<b>Battlecry:</b> <b>Recruit</b> a 1, 2, and 3-Attack minion.
LOOT_526	The Darkness	[x]Starts <b>Dormant</b>. <b>Battlecry:</b> Shuffle 3 Candles into the enemy deck. When drawn, this awakens.
LOOT_528	Twilight Acolyte	<b>Battlecry:</b> If you're holding a Dragon, swap this minion's Attack with another minion's.
LOOT_529	Void Ripper	<b>Battlecry:</b> Swap the Attack and Health of all_other_minions.
LOOT_535	Dragoncaller Alanna	<b>Battlecry:</b> Summon a 5/5 Dragon for each spell you cast this game that costs (5) or more.
LOOT_537	Leyline Manipulator	<b>Battlecry:</b> If you're holding any cards that didn't start in your deck, reduce their Cost by (2).
LOOT_538	Temporus	<b>Battlecry:</b> Your opponent takes two turns. Then you take two turns.
LOOT_539	Spiteful Summoner	[x]<b>Battlecry:</b> Reveal a spell from your deck. Summon a random minion with the same Cost.
LOOT_541	King Togwaggle	[x]<b>Battlecry:</b> Swap decks with your opponent. Give them a Ransom spell to swap back.
MAW_000	Imp-oster	<b>Battlecry:</b> Choose a friendly Imp. Transform into a copy of it.
MAW_004	Soul Seeker	<b>Battlecry:</b> Swap this with a random minion from your opponent's deck.
MAW_005	Framester	[x]<b>Battlecry:</b> Shuffle 3 'Framed' cards into the opponent's deck. When drawn, they <b>Overload</b> for (2).
MAW_011	Defense Attorney Nathanos	[x]<b>Battlecry:</b> <b>Discover</b> a friendly <b>Deathrattle</b> minion that died this game. Gain its <b>Deathrattle</b> and then trigger it.
MAW_014	Prosecutor Mel'tranix	[x]<b>Battlecry:</b> Your opponent can only play their left- and right-most cards on their next turn.
MAW_017	Class Action Lawyer	[x]<b>Battlecry:</b> If your deck has no Neutral cards, set _a minion's stats to 1/1.
MAW_029	Weapons Expert	<b>Battlecry:</b> If you have a weapon equipped, give it +1/+1. Otherwise, draw a weapon.
MAW_033	Sylvanas, the Accused	[x]<b>Battlecry:</b> Destroy an enemy minion. <b>Infuse (@):</b> Take control of it instead.
MAW_033t	Sylvanas, the Accused	<b>Infused</b> <b>Battlecry:</b> Take control of an enemy minion.
MAW_034	The Jailer	<b>Battlecry:</b> Destroy your deck. This minion gains <b>Immune</b>.
MEND_041	Wizened Wildspeaker	[x]<b>Taunt</b> <b>Battlecry:</b> If you didn't play a minion last turn, refresh 3 Mana Crystals.
MEND_046	Bashana Runetotem	[x]<b>Battlecry:</b> Get three 2/2 Treants. Carve 12 Mana worth of Nature spells into them.
MEND_046t	Treant	<b>Battlecry:</b> Cast {0}.
MEND_100	Cultivating Sprite	[x]<b>Battlecry:</b> Get a 3-Cost Bulb that casts three _random 1-Cost spells. _It upgrades each turn.
MEND_301	Spiritspeaker	<b>Battlecry:</b> Choose an Animal Companion to_summon.
MEND_303	Migrating Elekk	[x]<b>Taunt. Battlecry:</b> Replace your future Animal Companions with random Beasts that cost (1) more.
MEND_304	Talya Earthstrider	[x]<b>Battlecry:</b> Your cards that summon Animal Companions summon 1 more this game.
MEND_501	Ley Walker	[x]<b>Battlecry:</b> Your Leylines cost (1) less this game. <b>Deathrattle:</b> Get a random Leyline.
MEND_503	Surge Needle	[x]<b>Battlecry:</b> Your Leylines trigger an additional time this game.
MEND_506	Mystic Runesaber	[x]<b>Elusive</b> <b>Battlecry:</b> Increase the effects of your Leylines by 1 this game.
MEND_803	Emboldening Blade	[x]<b>Battlecry:</b> Give your Silver Hand Recruits +1/+1 this game.
MEND_804	Arator the Redeemer	[x]<b>Battlecry:</b> Double the stats of all friendly Silver Hand Recruits and give them <b>Taunt</b>.
MIS_006	Toysnatching Geist	[x]<b>Gigantify</b> <b>Battlecry:</b> <b>Discover</b> an Undead. Reduce its Cost by this minion's Attack.
MIS_006t	Toysnatching Geist	[x]<b>Gigantic</b> <b>Battlecry:</b> <b>Discover</b> an Undead. Reduce its Cost by this minion's Attack.
MIS_307	Murloc Growfin	[x]<b>Gigantify</b> <b>Battlecry:</b> Summon a Tinyfin with <b>Rush</b> and stats equal to this minion's.
MIS_307t1	Murloc Growfin	[x]<b>Gigantic</b> <b>Battlecry:</b> Summon a Tinyfin with <b>Rush</b> and stats equal to this minion's.
MIS_703	INFERNAL!	[x]<b>Taunt</b> <b>Battlecry:</b> Set your hero's remaining Health to 15.
MIS_706	Dust Bunny	[x]<b>Battlecry and Deathrattle:</b> Add a random piece of junk to your hand <i>(a Coin, Rock, Banana, or Knife)</i>.
MIS_712	Toyrantus	<b>Taunt</b>, <b>Elusive</b> <b>Battlecry:</b> If you have 10 Mana Crystals, gain +7/+7.
MIS_914	Product 9	<b>Battlecry:</b> Recast every friendly <b>Secret</b> that triggered this game.
MIS_916	Pro Gamer	[x]<b>Battlecry:</b> Challenge your opponent to a game of Rock-Paper-Scissors! The winner draws 2 cards.
NEW1_014	Master of Disguise	<b>Battlecry:</b> Give a friendly minion <b>Stealth</b> until your next turn.
NEW1_016	Captain's Parrot	<b>Battlecry:</b> Draw a Pirate from your deck.
NEW1_018	Bloodsail Raider	<b>Battlecry:</b> Gain Attack equal to the Attack of your weapon.
NEW1_024	Captain Greenskin	<b>Battlecry:</b> Give your weapon +1/+1.
NEW1_025	Bloodsail Corsair	[x]<b>Battlecry:</b> Remove 1 Durability from your opponent's weapon.
NEW1_029	Millhouse Manastorm	<b>Battlecry:</b> Enemy spells cost (0) next turn.
NEW1_041	Stampeding Kodo	<b>Battlecry:</b> Destroy a random enemy minion with 2 or less Attack.
NX2_003	Whirlweaver	[x]<b>Battlecry:</b> If you've cast a spell last turn, <b>Discover</b> an Elemental.
NX2_003t	Prodigy of Demise	[x]<b>Infused</b> <b>Battlecry:</b> <b>Discover</b> a Fire, Frost, or Arcane spell.
NX2_007	Frostfin Chomper	[x]<b>Battlecry:</b> If you played an Elemental last turn, summon three 1/1 Murlocs.
NX2_014	Trinket Tracker	<b>Battlecry:</b> Draw a 1-Cost spell.
NX2_022	Goldwing	[x]<b>Rush</b> <b>Battlecry:</b> If you're holding a Mech, gain <b>Windfury</b>.
NX2_023	The Purator	[x]<b>Taunt</b> <b>Battlecry:</b> If your deck has no Neutral cards, draw a minion of each minion type.
NX2_026	Felscale Evoker	[x]<b>Battlecry:</b> If you've cast three spells while holding this, summon a different Demon from your deck.@ <i>({0} left!)</i>@ <i>(Ready!)</i>
NX2_027	Fleshshaper	<b>Taunt</b>. <b>Battlecry:</b> If you have 5 or more Armor, summon a copy of this.
NX2_044	Suspicious Peddler	[x]<b>Battlecry:</b> <b>Discover</b> a 1-Cost card. If your opponent guesses your __choice, they get a copy.
OG_026	Eternal Sentinel	<b>Battlecry:</b> Unlock your <b>Overloaded</b> Mana Crystals.
OG_080	Xaril, Poisoned Mind	<b>Battlecry and Deathrattle:</b> Add a random Toxin card to your hand.
OG_087	Servant of Yogg-Saron	[x]<b>Battlecry:</b> Cast a random _spell that costs (5) or MORE_ _<i>(targets chosen randomly)</i>.
OG_096	Twilight Darkmender	<b>Battlecry:</b> If your C'Thun has at least 10 Attack, restore #10 Health to your hero.
OG_102	Darkspeaker	<b>Battlecry:</b> Swap stats with a friendly minion.
OG_121	Cho'gall	[x]<b>Battlecry:</b> Return all cards you discarded this game to your hand. They cost Health instead of Mana.
OG_122	Mukla, Tyrant of the Vale	<b>Battlecry:</b> Add 2 Bananas to your hand.
OG_131	Twin Emperor Vek'lor	[x]<b><b>Taunt</b> Battlecry:</b> If your C'Thun has at least 10 Attack, summon another Emperor.
OG_133	N'Zoth, the Corruptor	<b>Battlecry:</b> Summon your <b>Deathrattle</b> minions that died this game.
OG_134	Yogg-Saron, Hope's End	[x]<b>Battlecry:</b> Cast a random spell for each spell you've cast this game <i>(targets chosen randomly)</i>.
OG_174	Faceless Shambler	<b>Taunt</b> <b>Battlecry:</b> Copy a friendly minion's Attack and Health.
OG_188	Klaxxi Amber-Weaver	[x]<b>Taunt</b> <b>Battlecry:</b> If your C'Thun has at least 10 Attack, gain +5 Health.
OG_207	Faceless Summoner	<b>Battlecry:</b> Summon a random 3-Cost minion.
OG_220	Malkorok	<b>Battlecry:</b> Equip a random weapon.
OG_222	Rallying Blade	<b>Battlecry:</b> Give +1/+1 to your minions with <b>Divine Shield</b>.
OG_255	Doomcaller	<b>Battlecry:</b> Give your C'Thun +2/+2 <i>(wherever it is).</i> If it's dead, shuffle it into your deck.
OG_280	C'Thun	<b>Battlecry:</b> Deal damage equal to this minion's Attack randomly split among all enemies.
OG_281	Beckoner of Evil	<b>Battlecry:</b> Give your C'Thun +2/+2 <i>(wherever it is).</i>
OG_283	C'Thun's Chosen	[x]<b>Divine Shield</b> <b>Battlecry:</b> Give your C'Thun +3/+3 <i>(wherever it is).</i>
OG_284	Twilight Geomancer	<b>Taunt</b> <b>Battlecry:</b> Give your C'Thun +1/+1 and <b>Taunt</b> <i>(wherever it is)</i>.
OG_291	Shadowcaster	<b>Battlecry:</b> Choose a friendly minion. Add a 1/1 copy to_your hand that costs_(1).
OG_292	Forlorn Stalker	<b>Battlecry:</b> Give all <b>Deathrattle</b> minions in your hand +1/+1.
OG_293	Dark Arakkoa	[x]<b>Taunt</b> <b>Battlecry:</b> Give your C'Thun +4/+4 <i>(wherever it is).</i>
OG_295	Cult Apothecary	<b>Battlecry:</b> For each enemy minion, restore #2 Health to your hero.
OG_309	Princess Huhuran	<b>Battlecry:</b> Trigger a friendly minion's <b>Deathrattle</b>.
OG_312	N'Zoth's First Mate	<b>Battlecry:</b> Equip a 1/3 Rusty Hook.
OG_315	Bloodsail Cultist	<b>Battlecry:</b> If you control another Pirate, give your weapon +1/+1.
OG_320	Midnight Drake	<b>Battlecry:</b> Gain +1 Attack for each other card in your hand.
OG_328	Master of Evolution	<b>Battlecry:</b> Transform a friendly minion into a random one that costs (1) more.
OG_337	Cyclopian Horror	<b>Taunt</b>. <b>Battlecry:</b> Gain +1 Health for each enemy minion.
OG_339	Skeram Cultist	[x]<b>Battlecry:</b> Give your C'Thun +2/+2 <i>(wherever it is)</i>.
ONY_001	Onyxian Warder	[x]<b>Battlecry:</b> If you're holding a Dragon, summon two 2/1 Whelps with <b>Rush</b>.
ONY_004	Raid Boss Onyxia	[x]<b>Rush</b>. <b>Immune</b> while you control a Whelp. <b>Battlecry:</b> Summon six _2/1 Whelps with <b>Rush</b>.
ONY_005	Kazakusan	[x]<b>Battlecry:</b> If you played 4 other Dragons this game, craft a custom deck of Treasures.@ <i>({0} left!)</i>@ <i>(Ready!)</i>
ONY_005ta5	Bubba	[x]<b>Battlecry</b>: Summon six 1/1 Bloodhounds with <b>Rush</b> to attack an enemy minion.
ONY_009	Pet Collector	<b>Battlecry:</b> Summon a Beast from your deck that costs (5) or less.
ONY_019	Raid Negotiator	[x]<b>Battlecry:</b> <b>Discover</b> a <b>Choose One</b> card. It has both effects combined.
ONY_022	Battle Vicar	<b>Battlecry:</b> <b>Discover</b> a Holy spell.
ONY_024	Onyxian Drake	[x]<b>Taunt</b> <b>Battlecry:</b> Deal damage equal to your Armor to an enemy minion.
ONY_030	SI:7 Smuggler	[x]<b>Battlecry:</b> Summon a random @-Cost minion. <i>(Upgraded for each other SI:7 card you _have played this game.)</i>
ONY_035	Spawn of Deathwing	<b>Battlecry:</b> Destroy a random enemy minion. Discard a random card.
PRO_001	Elite Tauren Chieftain	<b>Battlecry:</b> Give both players the power to ROCK! (with a Power Chord card)
REV_000	Suspicious Alchemist	[x]<b>Battlecry:</b> <b>Discover</b> a spell. If your opponent guesses your choice, they get a copy.
REV_002	Suspicious Usher	[x]<b>Battlecry:</b> <b>Discover</b> a <b>Legendary</b> minion. If your opponent guesses your __choice, they get a copy.
REV_006	Suspicious Pirate	<b>Battlecry:</b> <b>Discover</b> a weapon. If your opponent guesses your choice, they get a copy.
REV_017	Insatiable Devourer	[x]<b>Battlecry:</b> Devour an enemy minion and gain its stats. _<b>Infuse (@):</b> And its neighbors.
REV_017t	Insatiable Devourer	[x]<b>Infused</b> <b>Battlecry:</b> Devour an enemy minion and its neighbors to gain their stats.
REV_020	Dinner Performer	[x]<b>Battlecry:</b> Summon a random minion from your deck that you can afford to play.
REV_022	Murloc Holmes	[x]<b>Battlecry:</b> Solve 3 Clues about your opponent's cards to get copies of them.
REV_023	Demolition Renovator	<b>Tradeable</b> <b>Battlecry:</b> Destroy an enemy location.
REV_238	Theotar, the Mad Duke	<b>Battlecry:</b> <b>Discover</b> a card in each player's hand and swap them.
REV_244	Mischievous Imp	<b>Battlecry:</b> Summon a copy of this. <b>Infuse (@):</b> Summon two copies instead.
REV_244t	Mischievous Imp	[x]<b>Infused Battlecry:</b> Summon two copies of this.
REV_246	Mysterious Visitor	<b>Battlecry:</b> Reduce the Cost of cards copied from your opponent by (3).
REV_247	Partner in Crime	[x]<b>Battlecry:</b> Summon a copy of this minion at the end of your turn.
REV_310	Death Blossom Whomper	<b>Battlecry:</b> Draw a <b>Deathrattle</b> minion and gain its <b>Deathrattle.</b>
REV_314	Topior the Shrubbagazzor	[x]<b>Battlecry:</b> For the rest of the game, after you cast a Nature spell, summon a 3/3 Whelp with <b>Rush</b>.
REV_318	Widowbloom Seedsman	[x]<b>Battlecry:</b> Draw a Nature spell. Gain an empty Mana Crystal.
REV_338	Dredger Staff	[x]<b>Battlecry:</b> Give minions in your hand +1 Health.
REV_351	Roosting Gargoyle	<b>Battlecry:</b> Give a friendly Beast +2 Attack.
REV_353	Huntsman Altimor	[x]<b>Battlecry:</b> Summon a Gargon Companion. <b>Infuse ({0}):</b> Summon another. _<b>Infuse ({1}):</b> And another!
REV_353t	Huntsman Altimor	[x]<b>Infused</b> <b>Battlecry:</b> Summon 2 Gargon Companions. _______<b>Infuse (@):</b> Summon all 3!___
REV_353t2	Huntsman Altimor	[x]<b>Infused</b> <b>Battlecry:</b> Summon all 3 Gargon Companions.
REV_360	Spirit Poacher	<b>Battlecry:</b> Summon a random <b>Dormant</b> Wildseed.
REV_363	Ara'lon	<b>Battlecry:</b> Summon one of each <b>Dormant</b> Wildseed.
REV_370	Party Crasher	[x]<b>Battlecry:</b> Choose an enemy minion. Throw a random minion from your hand at it.
REV_373	Lady Darkvein	[x]<b>Battlecry:</b> Summon two 2/1 Shades. Each gains a <b>Deathrattle</b> to cast your last Shadow spell.
REV_378	Forensic Duster	[x]<b>Battlecry:</b> Your opponent's minions cost (1) more next turn.
REV_511	Bibliomite	[x]<b>Battlecry</b>: Choose a card in your hand to shuffle into your deck.
REV_514	Kel'Thuzad, the Inevitable	[x]<b>Battlecry:</b> Resurrect your Volatile Skeletons. Any that can't fit on the battlefield instantly explode! @<i>(@)</i>
REV_826	Private Eye	[x]<b>Battlecry:</b> Cast a <b>Secret</b> from your deck. _<b>Combo:</b> Cast 2 instead.
REV_835	Imp King Rafaam	<b>Battlecry:</b> Resurrect four friendly Imps. <b>Infuse (@):</b> Give your Imps +2/+2.
REV_835t	Imp King Rafaam	[x]<b>Infused.</b> <b>Battlecry:</b> Summon four friendly Imps that died this game. __Give your Imps +2/+2.
REV_841	Anonymous Informant	<b>Battlecry:</b> The next <b>Secret</b> you play costs (0).
REV_900	Scuttlebutt Ghoul	[x]<b>Taunt</b> <b>Battlecry:</b> If you control a <b>Secret</b>, summon a copy of this.
REV_901	Dispossessed Soul	<b>Battlecry:</b> If you control a location, <b>Discover</b> a copy of a card in your deck.
REV_906t	Sire Denathrius	[x]<b>Lifesteal</b>. <b>Battlecry:</b> Deal {1} damage amongst enemies. <b>Endlessly Infuse ({0}):</b> Deal 1 more.
REV_921	The Stonewright	<b>Battlecry:</b> For the rest of the game, your Totems have +2 Attack.
REV_936	Crud Caretaker	<b>Battlecry</b>: Summon a 3/5 Elemental with <b>Taunt</b>.
REV_937	Artificer Xy'mox	[x]<b>Battlecry:</b> <b>Discover</b> and cast a Relic. <b>Infuse (@):</b> Cast all three instead.
REV_937t	Artificer Xy'mox	[x]<b>Infused</b> <b>Battlecry:</b> Cast all three Relics.
REV_940	Necrolord Draka	[x]<b>Battlecry:</b> Equip a @/3 Dagger. <i>(+1 Attack for each other card you played this turn, up to 10!)</i>
REV_945	Sketchy Stranger	<b>Battlecry:</b> <b>Discover</b> a <b>Secret</b> from another class.
REV_946	Steamcleaner	<b>Battlecry:</b> Destroy ALL cards in both players' decks that didn't start there.
REV_947	Muckborn Servant	<b>Taunt</b> <b>Battlecry:</b> <b>Discover</b> a Paladin card.
REV_951	The Countess	[x]<b>Battlecry:</b> If your deck has no Neutral cards, add 3 <b>Legendary </b>Invitations to your hand.
REV_958	Buffet Biggun	[x]<b>Battlecry:</b> Summon two Silver Hand Recruits. <b>Infuse (@):</b> Give them +2 Attack and <b>Divine Shield</b>.
REV_958t	Buffet Biggun	<b>Infused.</b> <b>Battlecry:</b> Summon two Silver Hand Recruits. Give them +2 Attack and <b>Divine Shield</b>.
REV_959	Ghastly Gravedigger	[x]<b>Battlecry:</b> If you control a <b>Secret</b>, choose a card in your opponent's hand to _shuffle into their deck.
REV_960	Ashen Elemental	[x]<b>Battlecry:</b> Whenever your opponent draws a card next turn, they take 2 damage.
REV_961	Elitist Snob	[x]<b>Battlecry:</b> For each Paladin card in your hand, randomly gain <b>Divine Shield</b>, <b>Lifesteal</b>, <b>Rush</b>, or <b>Taunt</b>.
RLK_062	Nerubian Swarmguard	[x]<b>Taunt</b> <b>Battlecry:</b> Summon two copies of this minion.
RLK_066	Hematurge	<b>Battlecry:</b> Spend a <b>Corpse</b> to <b>Discover</b> a Blood Rune card.
RLK_071	Patchwerk	[x]<b>Battlecry:</b> Destroy a random minion in your opponent's _hand, deck, and battlefield._
RLK_085	Lord Marrowgar	[x]<b>Battlecry:</b> Raise ALL of your <b>Corpses</b> as 1/1 Risen Golems with <b>Rush</b>. For each that can't fit, give one +2/+2.
RLK_110	Ymirjar Frostbreaker	<b>Battlecry:</b> Gain +1_Attack for each Frost spell in your hand.
RLK_116	Necrotic Mortician	<b>Battlecry:</b> If a friendly Undead died after your last turn, <b>Discover</b> an Unholy Rune card.
RLK_119	Drakkari Embalmer	<b>Battlecry:</b> Give a friendly Undead <b>Reborn</b>.
RLK_120	Meat Grinder	<b>Battlecry:</b> Shred a random minion in your deck to gain 4 <b>Corpses.</b>
RLK_215	Felerin, the Forgotten	[x]<b>Battlecry:</b> Add a random <b>Outcast</b> card to the left and right sides of your hand. They cost (2) less.
RLK_216	Rotten Rodent	<b>Battlecry:</b> Reduce the Cost of all <b>Deathrattle</b> cards in your deck by (1).
RLK_218	Silvermoon Arcanist	[x]<b>Spell Damage +2</b> <b>Battlecry:</b> Your spells can’t target heroes this turn.
RLK_222t2	Astalor, the Flamebringer	[x]<b>Battlecry:</b> Deal 7 damage randomly split between all enemies. <b>Manathirst (10):</b> Deal 14 instead.
RLK_503	Body Bagger	<b>Battlecry</b>: Gain a <b>Corpse</b>.
RLK_504	Corpse Bride	[x]<b>Battlecry:</b> Spend up to 10 _<b>Corpses</b> to summon a Risen_ Groom with <b>Taunt</b> and that _much Attack and Health.
RLK_506	Boneguard Commander	<b>Taunt</b> <b>Battlecry:</b> Raise up to 6 <b>Corpses</b> as 1/3 Risen Footmen with <b>Taunt</b>.
RLK_531	Infantry Reanimator	[x]<b>Battlecry:</b> Resurrect a friendly Undead. Give it <b>Reborn</b>.
RLK_535	Savage Ymirjar	<b>Rush</b> <b>Battlecry:</b> Discard 2 cards.
RLK_540	Amorphous Slime	<b>Battlecry:</b> Discard a random Undead. <b>Deathrattle:</b> Summon a copy of it.
RLK_545	Energy Shaper	[x]<b>Battlecry:</b> Transform all spells in your hand into ones that cost (3) more. <i>(They keep their original Cost.)</i>
RLK_547	Prismatic Elemental	<b>Battlecry:</b> <b>Discover</b> a spell from any class. It costs (1) less.
RLK_548	Arcane Wyrm	<b>Battlecry:</b> Add an Arcane Bolt to your hand.
RLK_550	Rotgill	"[x]<b>Battlecry:</b> Give your other minions ""<b>Deathrattle:</b> Give __your minions +1/+1."""
RLK_552	Unliving Champion	[x]<b>Battlecry:</b> If a friendly Undead died after your last turn, summon two 3/2 Zombies.
RLK_568	Concoctor	<b>Battlecry:</b> Add a random Concoction to your hand.
RLK_570	Ghoulish Alchemist	<b>Battlecry</b>: Your next Concoction costs (0).
RLK_592	Invincible	[x]<b>Reborn</b> <b>Battlecry and Deathrattle:</b> Give another random friendly _____Undead +5/+5 and <b>Taunt</b>.____
RLK_593	Lor'themar Theron	<b>Battlecry:</b> Double the stats of all minions in your deck.
RLK_608	Asvedon, the Grandshield	<b>Taunt</b> <b>Battlecry:</b> Cast a copy of the last spell your opponent played.
RLK_658	Elder Nadox	<b>Battlecry:</b> Destroy a friendly Undead. Your minions gain its Attack.
RLK_711	Vicious Bloodworm	[x]<b>Battlecry:</b> Give a minion in your hand Attack equal to this minion's Attack.
RLK_731	Darkfallen Neophyte	[x]<b>Battlecry:</b> Spend 2 <b>Corpses</b> to give all minions in your hand +2 Attack.
RLK_753	Bonedigger Geist	<b>Battlecry:</b> Spend a <b>Corpse</b> to gain +1/+2.
RLK_803	Grand Magister Rommath	[x]<b>Battlecry:</b> Recast each spell you've cast this game that didn't start in your deck. <i>(Once per game)</i>
RLK_816	Sister Svalna	<b>Battlecry:</b> <i>Permanently</i> add a Vision of Darkness to your hand.
RLK_820	Halduron Brightwing	<b>Battlecry:</b> Give all Arcane spells in your hand and [x]deck <b>Spell Damage +1</b>.
RLK_821	Scourge Tamer	<b>Battlecry:</b> Craft a custom Zombeast.
RLK_825	Shockspitter	<b>Battlecry:</b> Deal @ damage. <i>(Improved by your hero attacks this game!)</i>
RLK_826	Silvermoon Farstrider	<b>Battlecry:</b> Give all Arcane spells in your hand <b>Spell Damage +1</b>.
RLK_832	High Cultist Basaleph	<b>Battlecry:</b> Resurrect all friendly Undead that died after your last turn.
RLK_834	Nerubian Vizier	[x]<b>Battlecry:</b> <b>Discover</b> a spell. If a friendly Undead died after your last turn, it costs (2) less.
RLK_900	Scourge Rager	<b>Reborn</b> <b>Battlecry:</b> Die.
RLK_919	Anachronos	[x]<b>Battlecry:</b> Send all other minions 2 turns into the future.
RLK_927	Blood Crusader	[x]<b>Battlecry:</b> Your next Paladin minion this turn costs Health instead of Mana.
RLK_950	Translocation Instructor	[x]<b>Battlecry:</b> Choose an enemy minion. Swap it with a random one in their deck.
RLK_958	Skeletal Sidekick	<b>Battlecry:</b> Give a friendly Undead +2 Attack.
SC_012	Roach	When you draw this, get a copy of it. <b>Battlecry:</b> If you control another Zerg minion, gain +1/+2.
SC_013	Grunty	[x]<b>Battlecry:</b> Summon four random Murlocs, then shoot them at enemy minions. _<i>(You pick the targets!)</i>
SC_018	Viper	[x]<b>Battlecry:</b> Summon a minion from your opponent's hand. Your other Zerg minions gain <b>Reborn</b> and attack it.
SC_400	Jim Raynor	[x]<b>Battlecry:</b> Relaunch every <b>Starship</b> that you launched this game.
SC_401	SCV	<b>Battlecry:</b> Your next <b>Starship</b> launch costs (2) less.
SC_406	Yamato Cannon	[x]<b>Starship Piece</b> <b>Battlecry:</b> Destroy a random enemy minion. Also triggers on launch.
SC_406e	Yamato Cannon	<b>Battlecry:</b> Destroy a random enemy minion. Also triggers on launch.
SC_408	Ghost	[x]<b>Stealth</b>. <b>Battlecry:</b> If you're building a <b>Starship</b>, destroy the lowest-Cost card in your opponent's hand.
SC_413	Siege Tank	[x]<b>Battlecry:</b> Deal 10 damage to a random enemy minion. <i>(Transforms if you launched a <b>Starship</b> this game.)</i>
SC_413t	Siege Tank, Deployed	<b>Battlecry:</b> Deal 10 damage to a random enemy minion. Excess damage hits the enemy hero.
SC_752	Dark Templar	[x]<b>Stealth</b>. <b>Battlecry:</b> Destroy an enemy minion. <i>Play another Templar to merge into an Archon!</i>
SC_754	Artanis	[x]<b>Battlecry:</b> Summon two 3/4 Zealots with <b>Charge</b>. Your Protoss minions cost (2) less this game.
SC_758	Colossus	[x]<b>Battlecry:</b> Deal @ damage to all enemies, twice. <i>(Improved by Protoss spells you cast this game!)</i>
SC_762	Mothership	[x]<b>Taunt</b> <b>Battlecry and Deathrattle:</b> Get two random Protoss minions.
SC_763	Immortal	[x]<b>Taunt</b>, <b>Divine Shield</b> <b>Battlecry:</b> Spend 4 Mana to double this minion's stats.
SCH_133	Wolpertinger	<b>Battlecry:</b> Summon a copy of this.
SCH_149	Argent Braggart	[x]<b>Battlecry:</b> Set this minion's Attack and Health to the highest in the battlefield.
SCH_159	Mindrender Illucia	[x]<b>Battlecry:</b> Replace your hand with a copy of your opponent's until end of turn.
SCH_160	Wandmaker	<b>Battlecry:</b> Add a 1-Cost spell from your class to_your hand.
SCH_181	Archwitch Willow	<b>Battlecry:</b> Summon a random Demon from your hand and deck.
SCH_199t10	Transfer Student	<b>Battlecry:</b> Spend all your Mana. Summon a random minion of that Cost.
SCH_199t11	Transfer Student	<b>Battlecry:</b> Add a <b>Karazhan</b> Portal spell to your hand.
SCH_199t12	Transfer Student	<b>Battlecry:</b> Give a random minion in your hand +2/+2.
SCH_199t13	Transfer Student	<b>Battlecry:</b> <b>Adapt</b>.
SCH_199t15	Transfer Student	<b>Battlecry:</b> <b>Recruit</b> a minion that costs (2) or less.
SCH_199t17	Transfer Student	[x]<b>Taunt</b>. <b>Battlecry:</b> If you have 10 Mana Crystals, gain +5/+5.
SCH_199t19	Transfer Student	<b>Battlecry:</b> Add a <b>Lackey</b> to_your hand.
SCH_199t21	Transfer Student	<b>Battlecry:</b> <b>Discover</b> a Dragon.
SCH_199t23	Transfer Student	<b>Battlecry:</b> Add a Dual Class card to your hand.
SCH_199t24	Transfer Student	<b>Battlecry:</b> Add a random weapon to your hand.
SCH_199t25	Transfer Student	<b>Battlecry:</b> Add an <b>Uldum</b> Plague spell to your hand.
SCH_199t27	Transfer Student	<b>Battlecry:</b> Add a random Ranked spell to your hand.
SCH_199t28	Transfer Student	[x]<b>Tradeable</b> <b>Battlecry:</b> Give a friendly minion <b>Divine Shield</b>.
SCH_199t30	Transfer Student	<b>Battlecry:</b> <b>Discover</b> a <b>Sunken City</b> card.
SCH_199t31	Transfer Student	<b>Battlecry:</b> <b>Discover</b> a <b>Murder at Castle Nathria</b> card.
SCH_199t32	Transfer Student	<b>Battlecry:</b> <b>Discover</b> a <b>March of the Lich King</b> card.
SCH_199t33	Transfer Student	<b>Battlecry:</b> <b>Discover</b> a <b>Festival of Legends</b> card.
SCH_199t34	Transfer Student	<b>Battlecry:</b> <b>Discover</b> a <b>Titans</b> card.
SCH_199t35	Transfer Student	<b>Battlecry:</b> <b>Discover</b> a <b>Showdown in the Badlands</b> card.
SCH_199t36	Transfer Student	<b>Battlecry:</b> <b>Discover</b> a <b>Whizbang's Workshop</b> card.
SCH_199t37	Transfer Student	<b>Battlecry:</b> <b>Discover</b> a <b>Whizbang's Workshop</b> card.
SCH_199t38	Transfer Student	<b>Battlecry:</b> <b>Discover</b> a <b>Year of the Scarab</b> card.
SCH_199t6	Transfer Student	<b>Battlecry and Deathrattle:</b> Add a <b>Spare Part</b> card to your hand.
SCH_199t9	Transfer Student	<b>Battlecry:</b> <b>Discover</b> a new basic Hero Power.
SCH_245	Steward of Scrolls	<b>Spell Damage +1</b> <b>Battlecry:</b> <b>Discover</b> a spell.
SCH_252	Marrowslicer	<b>Battlecry:</b> Shuffle 2 Soul Fragments into your deck.
SCH_311	Animated Broomstick	<b>Rush</b> <b>Battlecry:</b> Give your other minions <b>Rush</b>.
SCH_312	Tour Guide	<b>Battlecry:</b> Your next Hero Power costs (0).
SCH_351	Jandice Barov	[x]<b>Battlecry:</b> Summon two random 5-Cost minions. Secretly pick one that dies _when it takes damage.
SCH_428	Lorekeeper Polkelt	[x]<b>Battlecry:</b> Reorder your deck from the highest Cost card to the lowest Cost card.
SCH_507	Instructor Fireheart	[x]<b>Battlecry:</b> <b>Discover</b> a spell that costs (1) or more. If you play it this turn, repeat this effect.
SCH_522	Steeldancer	[x]<b>Battlecry:</b> Summon a random minion with Cost equal to your weapon's Attack.
SCH_530	Sorcerous Substitute	<b>Battlecry:</b> If you have <b>Spell Damage</b>, summon a copy of this.
SCH_613	Groundskeeper	[x]<b>Taunt</b> <b>Battlecry:</b> If you're holding a spell that costs (5) or more, restore #5 Health.
SCH_700	Spirit Jailer	<b>Battlecry:</b> Shuffle 2 Soul Fragments into your deck.
SCH_703	Soulciologist Malicia	<b>Battlecry:</b> For each Soul Fragment in your deck, summon a 3/3 Soul with <b>Rush</b>.@ <i>(@)</i>
SCH_704	Soulshard Lapidary	[x]<b>Battlecry:</b> Destroy a Soul Fragment in your deck to give your hero +5 Attack this turn.
SCH_713	Cult Neophyte	<b>Battlecry:</b> Your opponent's spells cost (1) more next_turn.
SW_025	Auctionhouse Gavel	[x]After your hero attacks, reduce the Cost of a <b>Battlecry</b> minion in your hand by (1).
SW_028t5	Cap'n Rokara	<b>Battlecry:</b> Summon The Juggernaut!
SW_029	Harbor Scamp	<b>Battlecry:</b> Draw a Pirate.
SW_031t7	Stormcaller Bru'kan	[x]<b>Battlecry:</b> For the rest of the game, your spells cast twice.
SW_032	Granite Forgeborn	<b>Battlecry:</b> Reduce the Cost of Elementals in your hand and deck by (1).
SW_039t3_t	Demonslayer Kurtrus	<b>Battlecry:</b> For the rest of the game, cards you draw cost (2) less.
SW_043	Felgorger	<b>Battlecry:</b> Draw a Fel spell. Reduce its Cost by (2).
SW_044	Jace Darkweaver	<b>Battlecry:</b> Cast all Fel spells you've played this game <i>(targets enemies if possible)</i>.
SW_052t3	Spymaster Scabbs	[x]<b>Battlecry:</b> Add one of each Spy Gizmo to your hand.
SW_052t5	Spy-o-matic	[x]<b>Battlecry:</b> Look at 3 cards in your opponent's deck. Pick one to put on top.
SW_054	Stormwind Guard	<b>Taunt</b> <b>Battlecry:</b> Give adjacent minions +1/+1.
SW_056	Spice Bread Baker	<b>Battlecry:</b> Restore Health to your hero equal to your hand size.
SW_059	Deeprun Engineer	<b>Battlecry:</b> <b>Discover</b> a Mech. It costs (1) less.
SW_064	Northshire Farmer	<b>Battlecry:</b> Choose a friendly Beast. Shuffle three 3/3 copies_into_your_deck.
SW_065	Pandaren Importer	[x]<b>Battlecry:</b> <b>Discover</b> a spell that didn't start in your deck.
SW_067	Stockades Guard	[x]<b>Battlecry:</b> Give a friendly minion <b>Taunt</b>.
SW_070	Mailbox Dancer	[x]<b>Battlecry:</b> Add a Coin to your hand. <b>Deathrattle:</b> Give your opponent one.
SW_071	Lion's Guard	[x]<b>Battlecry:</b> If you have 15 or less Health, gain +2/+4 and <b>Taunt</b>.
SW_074	Nobleman	<b>Battlecry:</b> Create a Golden copy of a random card in your hand.
SW_076	City Architect	[x]<b>Battlecry:</b> Summon two 0/5 Castle Walls with <b>Taunt</b>.
SW_078	Lady Prestor	[x]<b>Battlecry:</b> Transform minions in your deck into random Dragons. <i>(They keep their __original stats and Cost.)</I>
SW_079	Flightmaster Dungar	[x]<b>Battlecry:</b> Choose a flightpath and go <b>Dormant. </b> Awaken with a bonus __when you complete it!
SW_086	Shady Bartender	<b>Tradeable</b> <b>Battlecry:</b> Give your Demons +2/+2.
SW_089	Entitled Customer	<b>Battlecry:</b> Deal damage equal to your hand size to all other minions.
SW_091t4	Blightborn Tamsin	[x]<b>Battlecry:</b> For the rest of the game, damage you take on your turn damages your __opponent instead.
SW_093	Stormwind Freebooter	<b>Battlecry:</b> Give your hero +2 Attack this turn.
SW_109	Clumsy Courier	<b>Battlecry:</b> Cast the highest Cost spell from your hand.
SW_112	Prestor's Pyromancer	<b>Battlecry:</b> Your next Fire spell has <b>Spell Damage +2</b>.
SW_113	Grand Magus Antonidas	[x]<b>Battlecry:</b> If you've cast a Fire spell on each of your last three turns, cast 3 Fireballs at ___random enemies.@ <i>(@/3)</i>
SW_115	Bolner Hammerbeak	[x]After you play a <b>Battlecry</b> minion, repeat the first __<b>Battlecry</b> played this turn._
SW_310	Counterfeit Blade	[x]<b>Battlecry</b>: Get a copy of a random friendly <b>Deathrattle</b> minion that died this game.
SW_313t4	Lightborn Cariel	[x]<b>Battlecry:</b> For the rest of the game, your Silver Hand Recruits have +2/+2.
SW_315	Alliance Bannerman	[x]<b>Battlecry:</b> Draw a minion. Give minions in your hand +1/+1.
SW_317	Catacomb Guard	[x]<b>Lifesteal</b> <b>Battlecry:</b> Deal damage equal to this minion's Attack to an enemy minion.
SW_322e2	Tavish Stormpike Enchant	[x]<b>Battlecry:</b> For the rest of the game, your spells refresh your Hero Power.
SW_322t4	Tavish, Master Marksman	[x]<b>Battlecry:</b> For the rest of the game, spells you cast refresh your Hero Power.
SW_400	Entrapped Sorceress	[x]<b>Battlecry:</b> If you control a _<b>Quest</b>, <b>Discover</b> a spell.
SW_418	SI:7 Skulker	[x]<b>Stealth</b> <b>Battlecry:</b> The next card __you draw costs (1) less.
SW_428t4	Guff the Tough	[x]<b>Taunt</b>. <b>Battlecry:</b> Give your hero +8 Attack this turn. Gain 8 Armor.
SW_433t3	Xyrella, the Sanctified	[x]<b>Taunt</b> <b>Battlecry:</b> Shuffle the Purified Shard into your deck.
SW_434	Loan Shark	[x]<b>Battlecry:</b> Give your opponent a Coin. __<b>Deathrattle:</b> You get two.
SW_444	Twilight Deceptor	<b>Battlecry:</b> If any hero took damage this turn, draw a Shadow spell.
SW_447	Sheldras Moontree	[x]<b>Battlecry:</b> The next 3 spells you draw are <b>Cast When Drawn</b>.
SW_450t4	Arcanist Dawngrasp	[x]<b>Battlecry:</b> For the rest of the game, you have <b>Spell Damage +3</b>.
TID_002	Herald of Nature	<b>Battlecry:</b> If you've cast a Nature spell while holding this, give your other minions +1/+1.
TID_004	Clownfish	<b>Battlecry:</b> Your next two Murlocs cost (2) less.
TID_078	Shattershambler	[x]<b>Battlecry:</b> Your next <b>Deathrattle</b> minion costs (1) _less, but immediately dies when played.
TID_099	K9-0tron	[x]<b>Battlecry:</b> <b>Dredge</b>. If it's a 1-Cost minion, summon it.
TID_700	Disarming Elemental	[x]<b>Battlecry:</b> <b>Dredge</b> for your opponent. Set its Cost to (6).
TID_709t	Lady Naz'jar	[x]<b>Battlecry:</b> Reduce the Cost of spells in your hand by (1).
TID_709t3	Lady Naz'jar	<b>Battlecry:</b> Gain 8 Armor.
TID_710	Snapdragon	[x]<b>Battlecry:</b> Give all <b>Battlecry</b> minions in your deck +1/+1.
TID_714	Igneous Lavagorger	[x]<b>Taunt</b> <b>Battlecry:</b> <b>Dredge</b>. Gain _Armor equal to its Cost.
TID_717	Herald of Shadows	<b>Battlecry:</b> If you've cast a Shadow spell while holding this, steal 2 Health from a minion.
TID_719	Commander Ulthok	<b>Battlecry:</b> Your opponent's cards cost Health instead of Mana next turn.
TID_744	Coilfang Constrictor	[x]<b>Battlecry:</b> Look at 3 cards in your opponent's hand and choose one. It can't be played next turn.
TIME_002	Aeon Wizard	[x]<b>Rewind</b> <b>Battlecry:</b> Get 2 random spells from your class.
TIME_003	Portal Vanguard	[x]<b>Rewind</b> <b>Battlecry:</b> Draw a random minion. Give it +2/+2.
TIME_004	Conflux Crasher	<b>Rewind</b> <b>Battlecry:</b> Deal 7 damage to a random enemy.
TIME_005	Timethief Rafaam	[x]<b>Fabled+</b>. Your deck size is 40, but has 10 Rafaams! <b>Battlecry:</b> If you played the rest, destroy the enemy hero.@ <i>({0} left!)</i>@ <i>(Ready!)</i>
TIME_005t1	Tiny Rafaam	[x]<b>Battlecry and Deathrattle:</b> Draw a Rafaam.
TIME_005t2	Green Rafaam	<b>Battlecry:</b> Give other Rafaams in your hand and battlefield +2/+2.
TIME_005t3	Explorer Rafaam	<b>Battlecry:</b> <b>Discover</b> a Rafaam from your deck.
TIME_005t5	Mindflayer R'faam	[x]<b>Taunt</b> <b>Battlecry:</b> If you're holding another Rafaam, summon a copy of this.
TIME_005t8	Murloc Rafaam	<b>Battlecry:</b> The next Rafaam you play costs (3) less.
TIME_005t9	Archmage Rafaam	<b>Battlecry:</b> Transform all minions that aren't Rafaam into 1/1 Sheep.
TIME_008	Bygone Doomspeaker	[x]<b>Rewind</b> <b>Battlecry:</b> Both players _discard a random card.
TIME_009	Gelbin of Tomorrow	[x]<b>Fabled</b> <b>Battlecry:</b> Put one of each Aura from your deck into the battlefield.
TIME_024	Murozond, Unbounded	<b>Battlecry:</b> At the start of your next turn, set this minion's Attack to INFINITY!
TIME_029	Ruinous Velocidrake	[x]<b>Rush</b> <b>Battlecry:</b> Cast a Shred _of Time from your deck to ___summon a copy of this.
TIME_032	Chronogor	[x]<b>Battlecry:</b> You draw your 2 highest Cost cards. Your opponent draws your 2 lowest Cost cards.
TIME_033	Druid of Regrowth	<b>Rewind</b> <b>Battlecry:</b> Cast 2 random Nature spells.
TIME_034	Stadium Announcer	[x]<b>Rewind</b> <b>Battlecry:</b> Both players equip a random weapon. Give yours +1/+1.
TIME_036	Royal Informant	[x]<b>Battlecry:</b> Look at the right- most card in your opponent's hand. Either get a copy of it or increase its Cost by (2).
TIME_037	Disciple of the Dove	<b>Battlecry:</b> Draw a minion. Give minions in your hand +2 Health.
TIME_038	Mister Clocksworth	[x]<b>Rewind</b>, <b>Rewind</b>, <b>Rewind</b> <b>Battlecry:</b> Summon 2 random <b>Legendary</b> minions.
TIME_038t1	Mister Clocksworth	[x]<b>Rewind</b>, <b>Rewind</b> <b>Battlecry:</b> Summon 2 random <b>Legendary</b> minions.
TIME_038t2	Mister Clocksworth	[x]<b>Rewind</b> <b>Battlecry:</b> Summon 2 random <b>Legendary</b> minions.
TIME_038t3	Mister Clocksworth	[x]<b>Battlecry:</b> Summon 2 random <b>Legendary</b> minions.
TIME_041	Futuristic Forefather	[x]<b>Taunt</b>. <b>Battlecry:</b> Look at 3 cards. Guess which one is in your opponent's hand to gain +4 Health.
TIME_042	King Maluk	<b>Battlecry:</b> Discard your hand. Get an Infinite Banana.
TIME_043	PMM Infinitizer	<b>Battlecry:</b> Set a friendly minion's Attack and Health to 8. It can't attack heroes this turn.
TIME_048	Clockwork Rager	[x]<b>Battlecry:</b> Gain +1 Health for each turn you've taken this game.@ <i>(@ |4(turn, turns))</i>
TIME_051	Soldier of the Infinite	<b>Rush</b> <b>Battlecry:</b> Double this minion's Attack.
TIME_057	Wizened Truthseeker	<b>Battlecry:</b> Set the Cost of every card in both player's hands back to their original Costs.
TIME_059	Living Paradox	<b>Elusive</b> <b>Battlecry:</b> Summon two 2/1 Living Paradoxes with <b>Elusive</b>.
TIME_061	Timeless Causality	<b>Battlecry:</b> Reverse the order of your deck.
TIME_102	Circadiamancer	[x]<b>Battlecry:</b> Add a random 8-Cost minion to your hand. At the start of your turns, reduce its Cost by (1).
TIME_209	Muradin, High King	[x]<b>Fabled</b>, <b>Rush</b>. <b>Battlecry:</b> Bring the High King's Hammer to ME! <b>Deathrattle:</b> Add it to your hand.
TIME_427	Cleansing Lightspawn	[x]<b>Lifesteal</b> <b>Battlecry:</b> Deal damage to an enemy minion equal ___to this minion's Health.
TIME_429	Divine Augur	[x]<b>Battlecry:</b> Set the Attack and Health of every minion in your hand to the higher of the two stats.
TIME_431	Amber Priestess	[x]<b>Taunt</b> <b>Battlecry:</b> Restore Health to a character equal to this minion's Health.
TIME_435	Eternus	[x]<b>Battlecry:</b> Take control of an enemy minion with this __minion's Health or less.
TIME_442	Timeway Warden	[x]<b>Battlecry:</b> Imprison an enemy minion. It goes <b>Dormant</b> for 10,000 turns. ___<b>Deathrattle:</b> Awaken it.
TIME_601	Arrow Retriever	<b>Battlecry:</b> Draw until you have 3 cards.
TIME_605	Epoch Stalker	<b>Rush</b>, <b>Elusive</b> <b>Battlecry:</b> Summon a copy of this.
TIME_609t1	Ranger Captain Alleria	[x]<b>Battlecry:</b> <b>Discover</b> a spell. If you've played Sylvanas or Vereesa, repeat for each.
TIME_609t2	Ranger Initiate Vereesa	[x]<b>Battlecry:</b> Give minions in your deck +1/+1. If you've played Alleria or Sylvanas, repeat for each.
TIME_618	Husk, Eternal Reaper	"[x]<b>Battlecry:</b> Give your hero ""<b>Deathrattle:</b> Spend up to 20 <b>Corpses</b> to resurrect with that much Health."""
TIME_619	Talanji of the Graves	[x]<b>Fabled.</b> <b>Battlecry:</b> Draw Bwonsamdi <i>(or resurrect him if he has died)</i>. Choose a Boon to give him.
TIME_703	Endangered Dodo	[x]<b>Taunt</b> <b>Battlecry:</b> If you have 10 or less Health, gain +5/+5 and ___summon a copy of this.
TIME_704	Highborne Mentor	[x]<b>Battlecry:</b> Get a 2/2 Pupil. <b>Discover</b> a spell that costs (7) or more from the past to teach it.
TIME_704t	Highborne Pupil	<b>Battlecry:</b> Cast {0}.
TIME_705	Krona, Keeper of Eons	[x]<b>Taunt</b> <b>Battlecry:</b> Set the Costs of the bottom 5 cards of your deck to (1).
TIME_706	The Fins Beyond Time	[x]<b>Battlecry:</b> Replace your hand with your starting hand. Swap back at the end of your turn.
TIME_713	Time Adm'ral Hooktail	<b>Battlecry:</b> Summon a 0/8 Chest for your opponent. <i>It's FULL of Coins!</i>
TIME_720	Soldier of the Bronze	<b>Taunt</b> <b>Battlecry:</b> Double this minion's Health.
TIME_730	Kaldorei Cultivator	[x]<b>Battlecry:</b> <b>Discover</b> 2 Beasts. Put them on the bottom of your deck with +5/+5.
TIME_860	Faceless Enigma	[x]<b>Battlecry:</b> Look at 2 random <b>Secrets</b>. Pick one to cast for yourself. The other casts for your opponent.
TIME_861	Timelooper Toki	[x]<b>Battlecry:</b> Get 3 random spells from the past. When you play ALL 3, get another Timelooper Toki.
TIME_872	Undefeated Champion	[x]<b>Rush</b>. <b>Battlecry:</b> Fill your opponent's board with __random 1-Cost minions.
TIME_875	Garona Halforcen	[x]<b>Fabled</b>. <b>Battlecry:</b> If your opponent is holding King Llane, destroy him and cut their Health in half.
TIME_EVENT_301	Disciple of Demise	[x]<b>Battlecry:</b> Randomly destroy another minion. Repeat for each Dragon you're holding.
TIME_EVENT_998	Runi, Temporal Guardian	[x]<b>Battlecry:</b> Send all minions in your hand 2 turns into the future. They return with +5/+5.
TLC_100	Elise the Navigator	<b>Battlecry:</b> If your deck started with 10 cards of different Costs, craft a custom location.
TLC_102	Torga	<b>Battlecry:</b> Draw a <b>Kindred</b> card and another card that activates it.
TLC_106	Endbringer Umbra	[x]<b>Battlecry:</b> Trigger the <b>Deathrattles</b> of 5 friendly minions that died this game.
TLC_109	Relic Miner	[x]<b>Battlecry:</b> Destroy the top card of your deck. <b>Discover</b> a card of the same Rarity.
TLC_110	City Chief Esho	[x]<b>Battlecry:</b> If every minion in your deck shares a minion type, give your other minions +2/+2 <i>(wherever they are)</i>.
TLC_223	Volcanic Thrasher	<b>Battlecry:</b> Draw a Fire spell. <b>Kindred:</b> Give it <b>Spell Damage +2</b>.
TLC_229t14	Ashalon, Ridge Guardian	[x]<b>Rush</b>. <b>Battlecry:</b> <b>Adapt</b> twice. For the rest of the game, give minions you play those <b><b>Adapt</b>ations</b>.
TLC_233	Hatchery Helper	[x]<b>Battlecry:</b> Give your other minions with 2 or less Attack +1/+2 and <b>Taunt</b>.
TLC_242	Ancient Stegodon	<b>Battlecry:</b> Choose to gain <b>Taunt</b>, <b>Poisonous</b>, or +1/+1.
TLC_250	Crater Gator	[x]<b>Battlecry:</b> Until the start of your next turn, the enemy hero can't be healed.
TLC_251	Primalfin Challenger	<b>Battlecry:</b> Your next <b>Kindred</b> triggers twice.
TLC_252	Dissolving Ooze	[x]<b>Battlecry:</b> Destroy a friendly minion. Spit out the Bones of its Attack and Health into your hand.
TLC_255	Crystal Tender	[x]<b>Tradeable</b> <b>Battlecry:</b> Gain empty Mana Crystals until both players have the same Mana.
TLC_257	Loh, the Living Legend	<b>Battlecry:</b> Your minions cost (5) this game.
TLC_427	Rockskipper	<b>Battlecry:</b> Get a 1-Cost Rock that deals $3 damage.
TLC_428	Hot Spring Glider	<b>Battlecry:</b> Your next Murloc costs (1) less. <b>Kindred:</b> And gains <b>Divine Shield</b>.
TLC_432	Dread Raptor	<b>Battlecry:</b> Draw a <b>Deathrattle</b> minion that costs (3) or less. <b>Kindred:</b> It costs (0).
TLC_438	Violet Treasuregill	[x]<b>Battlecry:</b> Cast a random spell from your deck that costs (2) or less <i>(targets this if possible)</i>.
TLC_450	Spelunker	<b>Battlecry:</b> Your next <b>Temporary</b> card costs (2) less.
TLC_452t1	Titanographer Osk	<b>Battlecry:</b> Destroy an enemy minion. This minion and your hero gain its Health.
TLC_452t14	Titanographer Osk	[x]<b>Battlecry:</b> Cast 1 random Mage <b>Secret</b>.
TLC_452t15	Titanographer Osk	[x]<b>Battlecry:</b> Enemy cards cost (1) more next turn.
TLC_452t16	Titanographer Osk	<b>Battlecry:</b> Set the Attack and Health of all enemy minions to 2.
TLC_452t18	Titanographer Osk	<b>Battlecry:</b> Draw 2 minions. Set their Attack, Health, and Cost to 2.
TLC_452t19	Titanographer Osk	[x]<b>Battlecry:</b> Choose a non-<b>Titan</b> minion. Summon a copy of it with +2/+2.
TLC_452t2	Titanographer Osk	[x]<b>Battlecry:</b> The next spell you cast costs (3) less and has <b>Spell_Damage_+3</b>.
TLC_452t20	Titanographer Osk	[x]<b>Battlecry:</b> Summon a random 6-Cost minion. Give it <b>Taunt</b> and <b>Lifesteal</b>.
TLC_452t21	Titanographer Osk	[x]<b>Battlecry:</b> Choose two enemy minions. Remove them from the game.
TLC_452t24	Titanographer Osk	<b>Battlecry:</b> Gain +3 Health and <b>Elusive</b>.
TLC_452t26	Titanographer Osk	<b>Battlecry:</b> Deal 20 damage to another minion.
TLC_452t28	Titanographer Osk	<b>Battlecry:</b> Summon two 6/6 Infernals.
TLC_452t29	Titanographer Osk	[x]<b>Battlecry:</b> Send all other minions into the Twisting_Nether.
TLC_452t3	Titanographer Osk	<b>Battlecry:</b> Summon two 3/3 Undead with <b>Taunt</b> and <b>Reborn</b>.
TLC_452t30	Titanographer Osk	[x]<b>Battlecry:</b> Gain +5 Health. Give your hero 5 Armor.
TLC_452t31	Titanographer Osk	[x]<b>Battlecry:</b> Gain +5 Attack. Give your hero +5 Attack this turn.
TLC_452t33	Titanographer Osk	[x]<b>Battlecry:</b> Fill your hand with 1/1 Chaotic Tendrils.
TLC_452t34	Titanographer Osk	[x]<b>Battlecry:</b> Force each enemy minion to attack a random enemy minion.
TLC_452t35	Titanographer Osk	<b>Battlecry:</b> Take control of an enemy minion.
TLC_452t4	Titanographer Osk	<b>Battlecry:</b> <b>Discover</b> a <b>Deathrattle</b> minion. It costs (3) less.
TLC_452t5	Titanographer Osk	[x]<b>Battlecry:</b> Reduce the Cost of all minions in your hand by (2).
TLC_452t6	Titanographer Osk	[x]<b>Battlecry:</b> Summon four 2/2 Elementals with <b>Taunt</b>.
TLC_452t7	Titanographer Osk	<b>Battlecry:</b> Draw cards until your hand is full.
TLC_452t8	Titanographer Osk	<b>Battlecry:</b> Restore your hero to full Health.
TLC_452t9	Titanographer Osk	<b>Battlecry:</b> Refresh your Mana Crystals.
TLC_454	Scalehide Kodo	[x]<b>Battlecry:</b> Destroy the lowest Attack enemy minion. <b>Kindred:</b> The highest Attack instead.
TLC_461	Scrappy Scavenger	[x]<b>Battlecry:</b> <b>Discover</b> a card with Cost equal to your remaining Mana Crystals.
TLC_463	Razidir	[x]<b>Battlecry:</b> Discard a random card from your hand. <b>Kindred:</b> Your opponent's hand instead.
TLC_482	Slagclaw	[x]<b>Battlecry:</b> Summon two 2/1 Sizzling Cinders. <b>Kindred:</b> Trigger your Sizzling Cinders' <b>Deathrattles.</b>
TLC_513t	Master Dusk	[x]<b>Battlecry:</b> Summon two 3/3 Ninjas with <b>Stealth</b>. Your Ninjas now shuffle back into your deck when they die.
TLC_514	Merchant of Legend	<b>Battlecry:</b> <b>Discover</b> a <b>Legendary</b> minion. Shuffle the other two into_your deck.
TLC_516	Neferset Weaponsmith	[x]<b>Battlecry:</b> Get a random weapon from another class. <b>Combo:</b> Give it +2 Attack.
TLC_521	Eyes in the Sky	[x]<b>Battlecry:</b> Look at 3 cards in your enemy's deck. Pick one to put on top.
TLC_522	Opu the Unseen	<b><b>Stealth</b>.</b> <b>Battlecry, Combo, and Deathrattle:</b> Cast 'Fan of Knives'.
TLC_602t	Latorvius, Gaze of the City	[x]<b>Battlecry:</b> Get 2 random 'Journey to Un'Goro' <b>Quest Rewards</b>. Shuffle the rest into your deck.
TLC_624	Nablya, the Watcher	[x]<b>Battlecry:</b> Summon copies of your damaged minions. Give the copies <b>Rush</b>.
TLC_631t	Gorishi Colossus	[x]<b>Battlecry:</b> For the rest of the game, whenever you deal exactly 2 damage to an enemy, deal 2 more.
TLC_810	High Cultist Herenn	[x]<b>Battlecry:</b> Summon two <b>Deathrattle</b> minions from your deck. They fight!
TLC_817t3	Sol'etos, Life's Breath	[x]<b>Taunt</b>. <b>Battlecry:</b> Summon a copy of this. <i>If you're holding both halves _of Sol'etos, combine!</i>
TLC_830t	Shokk, Jungle Tyrant	[x]<b>Rush</b> <b>Battlecry:</b> <b>Discover</b> any 8, 6, and 4-Attack Beast. Set their Costs to (2).
TLC_841	Entomologist Toru	[x]<b>Battlecry:</b> Put each minion in your hand into 0/1 Jars _that cost (1). Break them __to release the minions!
TLC_888	Cloud Serpent	[x]<b>Battlecry:</b> Get a copy of another Elemental or Dragon in your hand.
TOY_006	Scarab Keychain	<b>Battlecry:</b> <b>Discover</b> a 2-Cost card.
TOY_054	Card Grader	<b>Battlecry:</b> If you've cast a spell while holding this, <b>Discover</b> a card from your deck.
TOY_307	Sweetened Snowflurry	[x]<b>Miniaturize</b> <b>Battlecry:</b> Get 2 random <b>Temporary</b> Frost spells.
TOY_307t	Sweetened Snowflurry	[x]<b>Mini</b> <b>Battlecry:</b> Get 2 random <b>Temporary</b> Frost spells.
TOY_330t97	Twin Module	[x]<b>Battlecry:</b> Summon a copy of this.
TOY_350	Painted Canvasaur	<b>Battlecry:</b> Give each other friendly Beast a random <b>Bonus Effect</b>.
TOY_357	King Plush	[x]<b>Charge</b> <b>Battlecry:</b> Return all minions with less Attack than this __to their owner's decks.
TOY_373	Puzzlemaster Khadgar	[x]<b>Battlecry:</b> Equip a 0/6 Wisdomball that casts helpful Mage spells!
TOY_376	Watercolor Artist	<b>Battlecry:</b> Draw a Frost spell. At the start of your turns, reduce its Cost by (1).
TOY_383	Raza the Resealed	[x]<b>Battlecry:</b> Shuffle copies of 5 random friendly minions that died this game into your deck. They cost (0).
TOY_385	Timewinder Zarimi	[x]<b>Battlecry:</b> Once per game, if you've played 8 other Dragons, take an extra turn.@ <i>({0} left!)</i>@ <i>(Ready!)</i>
TOY_386	Giftwrapped Whelp	<b>Battlecry:</b> If you're holding a Dragon, give it and this minion +1/+1.
TOY_388	Chalk Artist	[x]<b>Battlecry:</b> Draw a minion. Transform it into a random _<b>Legendary</b> one <i>(keeping its __original stats and Cost)</i>.
TOY_391	Caricature Artist	<b>Battlecry:</b> Draw a minion that costs (5) or more. Give it a funny mustache!
TOY_501	Shudderblock	[x]<b>Miniaturize</b> <b>Battlecry:</b> Your next <b>Battlecry</b> triggers 3 times, but can't _damage the enemy hero.
TOY_501e	Ready for Action	Your next Battlecry triggers 3 times.
TOY_501t	Shudderblock	[x]<b>Mini</b> <b>Battlecry:</b> Your next <b>Battlecry</b> triggers 3 times, but can't _damage the enemy hero.
TOY_503	Shining Sentinel	<b>Taunt</b>, <b>Elusive</b> <b>Battlecry:</b> Summon a copy of this.
TOY_504	Hagatha the Fabled	[x]<b>Battlecry:</b> Draw 2 spells that cost (5) or more. Transform them into Slimes that cast the spells.
TOY_504t	Fairy Tale Slime	<b>Battlecry:</b> Cast {0}.
TOY_509	Wind-Up Musician	[x]<b>Tradeable</b> <b>Battlecry:</b> Deal @ damage to all enemy minions. <i>(<b>Trade</b> to upgrade!)</i>
TOY_513	Sand Art Elemental	[x]<b>Miniaturize</b> <b>Battlecry:</b> Give your hero +1 Attack and <b>Windfury</b> this turn.
TOY_513t	Sand Art Elemental	[x]<b>Mini</b> <b>Battlecry:</b> Give your hero +1 Attack and <b>Windfury</b> this turn.
TOY_517	Plucky Paintfin	[x]<b>Poisonous</b> <b>Battlecry:</b> Draw a <b>Rush</b> minion.
TOY_520	Observer of Mysteries	<b>Battlecry:</b> Cast 2 random <b>Secrets</b>. At the start of your turn, destroy them.
TOY_521	Sandbox Scoundrel	[x]<b>Miniaturize</b> <b>Battlecry:</b> Your next card this turn costs (2) less.
TOY_521t1	Sandbox Scoundrel	[x]<b>Mini</b> <b>Battlecry:</b> Your next card this turn costs (2) less.
TOY_524	Game Master Nemsy	<b>Battlecry:</b> Draw a Demon. <b>Deathrattle:</b> Swap places with it.
TOY_526	Malefic Rook	<b>Battlecry:</b> Attack YOUR hero.
TOY_607	Inventor Boom	[x]<b>Battlecry:</b> Resurrect two different friendly Mechs that cost (5) or more. They attack random enemies.
TOY_652	Window Shopper	[x]<b>Miniaturize</b> <b>Battlecry:</b> <b>Discover</b> a Demon. Set its stats and Cost to this minion's.
TOY_652t	Window Shopper	[x]<b>Mini</b> <b>Battlecry:</b> <b>Discover</b> a Demon. Set its stats and Cost to this minion's.
TOY_703	Colifero the Artist	[x]<b>Battlecry:</b> Draw a minion. Transform all other friendly minions into copies of it.
TOY_802	Wind-Up Sapling	[x]<b>Tradeable</b> <b>Battlecry:</b> Refresh @ Mana |4(Crystal, Crystals). <i>(<b>Trade</b> to upgrade!)</i>
TOY_806	Sky Mother Aviana	[x]<b>Battlecry:</b> Shuffle 10 random <b>Legendary</b> minions into your deck. They cost (1).
TOY_809	Cardboard Golem	<b>Battlecry:</b> Increase the duration of Auras in your hand, deck, and battlefield by 1.
TOY_813	Toy Captain Tarim	[x]<b>Miniaturize</b> <b>Taunt</b>. <b>Battlecry:</b> Set a minion's Attack and Health to this minion's.
TOY_813t	Toy Captain Tarim	[x]<b>Mini</b> <b>Taunt</b>. <b>Battlecry:</b> Set a minion's Attack and Health to this minion's.
TOY_823	Rainbow Seamstress	[x]<b>Battlecry:</b> If your deck started with a Blood, Frost, or Unholy card, gain <b>Lifesteal</b>, <b>Reborn</b>, or <b>Rush</b> respectively.
TOY_827	Shambling Zombietank	[x]<b>Taunt</b> <b>Battlecry:</b> Spend 5 <b>Corpses</b> to summon a copy of this.
TOY_829	The Headless Horseman	[x]<b>Battlecry:</b> Destroy the enemy minion with the most <i>Attack!</i> Shuffle my Head into your deck, you must get it <i>back!</i>
TOY_829t2	The Headless Horseman	[x]<b>Battlecry:</b> Destroy the enemy minion with the most <i>Attack!</i> Shuffle my Head into your deck, you must get it <i>back!</i>
TOY_830	Dr. Stitchensew	[x]<b>Battlecry:</b> <b>Discover</b> a 5, 3, and 1-Cost minion to stitch to this. <b>Deathrattle:</b> Summon the 5-Cost minion.
TOY_880	Wind-Up Enforcer	[x]<b>Tradeable</b> <b>Battlecry:</b> Summon @ |4(copy, copies) of this minion. <i>(<b>Trade</b> to upgrade!)</i>
TOY_882	Trinket Artist	<b>Battlecry:</b> Draw a <b>Divine_Shield</b> minion and an Aura.
TOY_894	Origami Frog	[x]<b>Rush</b> <b>Battlecry:</b> Swap Attack with another minion.
TOY_895	Origami Crane	[x]<b>Taunt</b> <b>Battlecry:</b> Swap Health with another minion.
TOY_896	Origami Dragon	[x]<b>Divine Shield</b>, <b>Lifesteal</b> <b>Battlecry:</b> Swap stats with another minion.
TOY_913	Ci'Cigi	[x]<b>Battlecry, Outcast, and Deathrattle:</b> Get a random __first-edition Demon Hunter__ card <i>(in mint condition)</i>.
TOY_915	Tabletop Roleplayer	[x]<b>Miniaturize</b> <b>Battlecry:</b> Give a friendly Demon +2 Attack and <b>Immune</b> this turn.
TOY_915t	Tabletop Roleplayer	[x]<b>Mini</b> <b>Battlecry:</b> Give a friendly Demon +2 Attack and <b>Immune</b> this turn.
TOY_916	Sketch Artist	<b>Battlecry:</b> Draw a Shadow spell. Get a <b>Temporary</b> copy of it.
TOY_960	Joymancer Jepetto	[x]<b>Battlecry:</b> Get copies of every 1-Attack or 1-Health minion you've played this game.
TRL_059	Bog Slosher	<b>Battlecry:</b> Return a friendly minion to your hand and give it +2/+2.
TRL_065	Zul'jin	[x]<b>Battlecry:</b> Cast all spells you've played this game <i>(targets chosen randomly)</i>.
TRL_077	Gurubashi Hypemon	<b>Battlecry:</b> <b>Discover</b> a 1/1 copy of a <b>Battlecry</b> minion. It costs (1).
TRL_096	Griftah	[x]<b>Battlecry:</b> <b>Discover</b> two cards. Give one to your opponent at random.
TRL_111	Headhunter's Hatchet	[x]<b>Battlecry:</b> If you control a Beast, gain +1 Durability.
TRL_126	Captain Hooktusk	<b>Battlecry:</b> Summon 3 Pirates from your deck. Give them <b>Rush</b>.
TRL_151	Former Champ	<b>Battlecry:</b> Summon a 5/5_Hotshot.
TRL_240	Savage Striker	<b>Battlecry:</b> Deal damage to an enemy minion equal to your hero's Attack.
TRL_247	Soulwarden	<b>Battlecry:</b> Add 3 random cards you discarded this game to your hand.
TRL_253	Hir'eek, the Bat	<b>Battlecry:</b> Fill your board with copies of this minion.
TRL_259	Princess Talanji	<b>Battlecry:</b> Summon all minions from your hand that_didn't start in your_deck.
TRL_260	Bwonsamdi, the Dead	[x]<b>Battlecry:</b> Draw 1-Cost minions from your deck until your hand is full.
TRL_308	High Priest Thekal	<b>Battlecry:</b> Convert all but 1_of your Hero's Health into Armor.
TRL_316	Jan'alai, the Dragonhawk	[x]<b>Battlecry:</b> If your Hero Power dealt 8 damage this game, summon Ragnaros the Firelord.@ <i>({0} left!)</i>@ <i>(Ready!)</i>
TRL_318	Hex Lord Malacrass	<b>Battlecry</b>: Add a copy of your opening hand to your hand <i>(except this card)</i>.
TRL_326	Smolderthorn Lancer	<b>Battlecry:</b> If you're holding a Dragon, destroy a damaged enemy minion.
TRL_328	War Master Voone	<b>Battlecry:</b> Copy all Dragons in your hand.
TRL_341	Treespeaker	<b>Battlecry:</b> Transform your Treants into 5/5 Ancients.
TRL_345	Krag'wa, the Frog	<b>Battlecry:</b> Return all spells you played last turn to_your hand.
TRL_348	Springpaw	[x]<b>Rush</b> <b>Battlecry:</b> Add a 1/1 Lynx with <b>Rush</b> to your hand.
TRL_349	Bloodscalp Strategist	<b>Battlecry:</b> If you have a weapon equipped, <b>Discover</b> a spell.
TRL_390	Daring Fire-Eater	<b>Battlecry:</b> Your next Hero Power this turn deals 2_more damage.
TRL_407	Waterboy	<b>Battlecry:</b> Your next Hero Power this turn costs (0).
TRL_409	Gral, the Shark	[x]<b>Battlecry:</b> Eat a minion in your deck and gain its stats. <b>Deathrattle:</b> Add it to your hand.
TRL_501	Auchenai Phantasm	<b>Battlecry:</b> This turn, your healing effects deal damage instead.
TRL_504	Booty Bay Bookie	<b>Battlecry:</b> Give your opponent a Coin.
TRL_509	Banana Buffoon	<b>Battlecry:</b> Add 2 Bananas to your hand.
TRL_514	Belligerent Gnome	[x]<b>Taunt</b> <b>Battlecry:</b> If your opponent has 2 or more minions, gain +1 Attack.
TRL_523	Firetree Witchdoctor	[x]<b>Battlecry:</b> If you're holding a Dragon, <b>Discover</b> a spell.
TRL_527	Drakkari Trickster	[x]<b>Battlecry:</b> Give each player a copy of a random card from their opponent's deck.
TRL_530	Masked Contender	<b>Battlecry:</b> If you control a_<b>Secret</b>, cast a <b>Secret</b> from_your deck.
TRL_533	Ice Cream Peddler	<b>Battlecry:</b> If you control a_<b>Frozen</b> minion, gain 8_Armor.
TRL_537	Da Undatakah	[x]<b>Battlecry:</b> Gain the <b>Deathrattle</b> effects of 3 friendly minions that died this game.
TRL_551	Reckless Diretroll	<b>Taunt</b> <b>Battlecry:</b> Discard your lowest Cost card.
TRL_564	Mojomaster Zihi	<b>Battlecry:</b> Set each player to 5 Mana Crystals.
TRL_569	Crowd Roaster	[x]<b>Battlecry:</b> If you're holding a Dragon, deal 7 damage to an enemy minion.
TRL_900	Halazzi, the Lynx	<b>Rush</b>. <b>Battlecry:</b> Fill your hand with 1/1 Lynxes that have <b>Rush</b>.
TSC_020	Barbaric Sorceress	<b>Taunt</b>. <b>Battlecry:</b> Swap the Cost of a random spell in each player's hand.
TSC_032	Blademaster Okani	[x]<b>Battlecry:</b> <b>Secretly</b> choose to <b>Counter</b> the next minion or spell your opponent plays while this is alive.
TSC_034	Gorloc Ravager	[x]<b>Battlecry:</b> Draw 3 Murlocs.
TSC_039	Azsharan Scavenger	<b>Battlecry:</b> Put a 'Sunken Scavenger' on the bottom of your deck.
TSC_052	School Teacher	<b>Battlecry:</b> Add a 1/1 Nagaling to your hand. <b>Discover</b> a spell that costs (3) or less to teach it.
TSC_052t	Nagaling	<b>Battlecry:</b> Cast {0}.
TSC_059	Bubblebot	[x]<b>Battlecry:</b> Give your other Mechs <b>Divine Shield</b> and <b>Taunt</b>.
TSC_067	Ambassador Faelin	<b>Battlecry:</b> Put 3 <b>Colossal</b> minions on the bottom of your deck.
TSC_069	Amalgam of the Deep	[x]<b>Battlecry:</b> Choose a friendly minion. <b>Discover</b> a minion of the same minion type.
TSC_071	Twinbow Terrorcoil	[x]<b>Battlecry:</b> If you've cast a spell while holding this, your next spell casts twice.
TSC_083	Seafloor Savior	[x]<b>Battlecry:</b> <b>Dredge</b>. If it's a minion, give it this minion's Attack and Health.
TSC_086	Swordfish	<b>Battlecry:</b> <b>Dredge</b>. If it's a Pirate, give this weapon and the Pirate +2 Attack.
TSC_087	Commander Sivara	[x]<b>Battlecry:</b> If you've cast three spells while holding this, add those spells back to your hand.@ <i>({0} left!)</i>@ <i>(Ready!)</i>
TSC_609	Coilskar Commander	[x]<b>Taunt</b>. <b>Battlecry:</b> If you've cast three spells while holding this, summon two __copies of this.@ <i>({0} left!)</i>@ <i>(Ready!)</i>
TSC_630	Wrathspine Enchanter	<b>Battlecry:</b> Cast a copy of a Fire, Frost, and Nature spell in your hand <i>(targets chosen randomly).</i>
TSC_632	Click-Clocker	[x]<b>Divine Shield</b>. <b>Battlecry:</b> Give a random Mech in your hand +1/+1.
TSC_641	Queen Azshara	<b>Battlecry:</b> If you've cast three spells while holding this, choose an Ancient Relic.@ <i>({0} left!)</i>@ <i>(Ready!)</i>
TSC_642	Trench Surveyor	<b>Battlecry:</b> <b>Dredge</b>. If it's a Mech, draw it.
TSC_643	Spellcoiler	[x]<b>Battlecry:</b> If you've cast a spell while holding this, <b>Discover</b> a spell.
TSC_644	Azsharan Mooncatcher	[x]<b>Divine Shield</b>. <b>Battlecry:</b> Put a 'Sunken Mooncatcher' on the bottom of your deck.
TSC_644t	Sunken Mooncatcher	<b>Divine Shield</b>. <b>Battlecry:</b> Summon a copy of this.
TSC_646	Seascout Operator	<b>Battlecry:</b> If you control a Mech, summon two 2/1 Mechafish.
TSC_648	Coral Keeper	[x]<b>Battlecry:</b> Summon a 3/3 Elemental for each spell school you've cast this game.
TSC_649	Ini Stormcoil	[x]<b>Battlecry:</b> Choose a friendly Mech. Summon a copy of it with <b>Rush</b>, <b>Windfury</b>, and <b>Divine Shield</b>.
TSC_652	Green-Thumb Gardener	[x]<b>Battlecry:</b> Refresh empty Mana Crystals equal to the Cost of the highest Cost spell in your hand.
TSC_658	Hedra the Heretic	[x]<b>Battlecry:</b> For each spell you've cast while holding this, summon a minion of that spell's Cost.
TSC_659	Trenchstalker	<b>Battlecry:</b> Attack three different random enemies.
TSC_660	Nellie, the Great Thresher	[x]<b>Colossal +1</b> <b>Battlecry:</b> <b>Discover</b> 3 Pirates to crew Nellie's Ship!
TSC_753	Bloodscent Vilefin	[x]<b>Battlecry:</b> <b>Dredge</b>. If it's a Murloc, change its Cost to _Health instead of Mana.
TSC_776	Azsharan Sweeper	<b>Battlecry:</b> Put a 'Sunken Sweeper' on the bottom of your deck.
TSC_776t	Sunken Sweeper	<b>Battlecry:</b> Add 3 random Mechs to your hand. They cost (1) less.
TSC_823	Murkwater Scribe	<b>Battlecry:</b> The next spell you play costs (1) less.
TSC_826	Crushclaw Enforcer	<b>Battlecry:</b> If you've cast a spell while holding this, draw a Naga.
TSC_828	Priestess Valishj	[x]<b>Battlecry:</b> Refresh an empty Mana Crystal for each spell ___you've cast this turn.@ <i>(@)</i>
TSC_908	Sir Finley, Sea Guide	[x]<b>Battlecry:</b> Swap your hand with the bottom of your deck.
TSC_909	Tuskarrrr Trawler	<b>Battlecry:</b> <b>Dredge</b>.
TSC_911	Excavation Specialist	<b>Battlecry:</b> <b>Dredge</b>. Reduce its Cost by (1).
TSC_915	Bone Glaive	<b>Battlecry:</b> <b>Dredge</b>.
TSC_917	Blackscale Brute	<b>Taunt</b>. <b>Battlecry:</b> If you have a weapon equipped, summon a 5/6 Naga with <b>Rush</b>.
TSC_934	Pirate Admiral Hooktusk	<b>Battlecry:</b> If you've summoned 7 other Pirates this game, plunder the enemy!@ <i>({0} left!)</i>@ <i>(Ready!)</i>
TSC_936	Swiftscale Trickster	<b>Battlecry:</b> Your next spell this turn costs (0).
TSC_942	Obsidiansmith	[x]<b>Battlecry:</b> <b>Dredge</b>. If it's a minion or a weapon, give it +1/+1.
TSC_943	Lady Ashvane	<b>Battlecry:</b> Give all weapons in your hand, deck, and battlefield +1/+1.
TSC_950	Hydralodon	[x]<b>Colossal +2</b> <b>Battlecry:</b> Give your _Hydralodon Heads <b>Rush</b>.
TSC_955	Sira'kess Cultist	<b>Battlecry:</b> Give your opponent an Abyssal Curse.
TSC_959	Za'qul	[x]Your Abyssal Curses heal you for the damage they deal. <b>Battlecry:</b> Give your opponent an Abyssal Curse.
TSC_960	Twin-fin Fin Twin	<b>Rush</b>. <b>Battlecry:</b> Summon a copy of this.
TSC_962	Gigafin	[x]<b>Colossal +1</b>. <b>Battlecry:</b> Devour all enemy minions. <b>Deathrattle:</b> Spit them back out.
TTN_076	Mechagnome Guide	<b>Battlecry:</b> <b>Discover</b> a spell. <b>Forge:</b> It costs (3) less.
TTN_076t	Mechagnome Guide	[x]<b>Forged</b> <b>Battlecry:</b> <b>Discover</b> a spell. It costs (3) less.
TTN_083	Son of Hodir	<b>Battlecry:</b> Shuffle four 8/8 Giants into your deck that are summoned when drawn.
TTN_092	Aggramar, the Avenger	<b>Titan</b> <b>Battlecry:</b> Equip a 3/3 Taeshalach.
TTN_095	Aqua Archivist	[x]<b>Battlecry:</b> The next Elemental you play costs (2) less.
TTN_441	Shapeless Constellation	<b>Battlecry:</b> Transform into an 8/8 copy of a random minion in your hand.
TTN_468	Steam Guardian	<b>Battlecry:</b> Draw a spell. Reduce the Cost of a random Fire spell in your hand by (1).
TTN_478	Inquisitive Creation	[x]<b>Battlecry:</b> Deal @ damage to all enemy minions. <i>(Improved by each spell school you've cast this game!)</i>
TTN_484	False Disciple	<b>Battlecry:</b> <b>Discover</b> a <b>Legendary</b> Priest minion from the past.
TTN_487	Loken, Jailer of Yogg-Saron	[x]<b>Battlecry:</b> <b>Discover</b> a minion from your deck. Summon a Tentacle with its stats and <b>Taunt</b>.
TTN_490	Disciple of Sargeras	<b>Battlecry:</b> Discard a spell to summon two 3/2 Imps. <b>Forge:</b> Give them +2 Health and <b>Taunt</b>.
TTN_490t	Disciple of Sargeras	[x]<b>Forged</b> <b>Battlecry:</b> Discard a spell to summon two 3/2 Imps with +2 Health and <b>Taunt</b>.
TTN_503	Disciple of Eonar	<b>Battlecry:</b> Your next <b>Choose One</b> card or power has both effects combined.
TTN_712	Sharp-Eyed Seeker	<b>Battlecry:</b> If there is a card in your deck that didn't start there, draw it.
TTN_714	Runefueled Golem	<b>Battlecry:</b> <b>Discover</b> a weapon from any class.
TTN_716	Flame Behemoth	<b>Battlecry:</b> Get two random <b>Magnetic</b> Mechs. They cost (2) less.
TTN_717	Algalon the Observer	<b>Battlecry:</b> Replace your Hero Power with Algalon's Vision.
TTN_718	Starlight Whelp	<b>Battlecry:</b> Get a random card from your starting hand.
TTN_723	Tram Operator	<b>Battlecry:</b> Draw a Mech. The next Mech you play costs (2) less.
TTN_742	Celestial Projectionist	[x]<b>Battlecry:</b> Choose a friendly minion. Add a <b>Temporary</b> copy of it to your hand.
TTN_751	Ignis, the Eternal Flame	<b>Battlecry:</b> If you've <b>Forged</b> a card this game, craft a custom weapon.
TTN_752	Hodir, Father of Giants	<b>Battlecry:</b> Set the stats of the next three minions you play to 8/8.
TTN_754	Ravenous Kraken	<b>Battlecry:</b> Destroy a friendly minion. <b>Deathrattle:</b> Summon a copy of it.
TTN_811	Odyn, Prime Designate	[x]<b>Battlecry:</b> For the rest of the game, after your hero gains Armor, they gain that much Attack for that turn.
TTN_835	Thorim, Stormlord	[x]<b>Battlecry:</b> Unlock your <b>Overloaded</b> Mana Crystals. Draw that many cards.
TTN_842	Jotun, the Eternal	[x]<b>Battlecry:</b> For the rest of the game, cast a copy of the first spell you draw each turn at enemies.
TTN_850	Helya	[x]<b>Battlecry:</b> Shuffle all three Plagues into your opponent's deck. Plagues they draw this game are unending.
TTN_857	Tyr	<b>Battlecry:</b> Resurrect a 2, 3, and 4-Attack minion from your class.
TTN_860	Drone Deconstructor	[x]<b>Battlecry:</b> Get a 1/1 <b>Magnetic</b> Sparkbot with a random <b>Bonus Effect</b>.
TTN_925	Kaja'mite Creation	<b>Battlecry:</b> <b>Discover</b> a spell from another class that costs (3) or less.
TTN_927	Conservator Nymph	<b>Battlecry:</b> Transform a friendly Treant into a 5/5 Ancient with <b>Taunt</b>.
TTN_960	Sargeras, the Destroyer	[x]<b>Titan</b> <b>Battlecry:</b> Open a portal that summons two 3/2 Imps each turn.
ULD_003	Zephrys the Great	<b>Battlecry:</b> If your deck has no duplicates, wish for the perfect card.
ULD_137	Garden Gnome	[x]<b>Battlecry:</b> If you're holding a spell that costs (5) or more, summon two 2/2 Treants.
ULD_139	Elise the Enlightened	<b>Battlecry:</b> If your deck has no duplicates, duplicate your hand.
ULD_151	Ramkahen Wildtamer	<b>Battlecry:</b> Copy a random Beast in your hand.
ULD_154	Hyena Alpha	[x]<b>Battlecry:</b> If you control a <b>Secret</b>, summon two 2/2 Hyenas.
ULD_156	Dinotamer Brann	<b>Battlecry:</b> If your deck has no duplicates, summon King Krush.
ULD_162	EVIL Recruiter	<b>Battlecry:</b> Destroy a friendly <b>Lackey</b> to summon a 5/5 Demon.
ULD_163	Expired Merchant	[x]<b>Battlecry:</b> Discard your highest Cost card. <b>Deathrattle:</b> Add 2 copies of it to your hand.
ULD_168	Dark Pharaoh Tekahn	<b>Battlecry:</b> For the rest of the game, your <b>Lackeys</b> are 4/4.
ULD_178	Siamat	[x]<b>Battlecry:</b> Gain 2 of <b>Rush</b>, <b>Taunt</b>, <b>Divine Shield</b>, or <b>Windfury</b> <i>(your choice).</i>
ULD_186	Pharaoh Cat	<b>Battlecry:</b> Add a random <b>Reborn</b> minion to your_hand.
ULD_188	Golden Scarab	<b><b>Battlecry:</b> Discover</b> a 4-Cost card.
ULD_189	Faceless Lurker	<b>Taunt</b> <b>Battlecry:</b> Double this minion's Health.
ULD_195	Frightened Flunky	<b>Taunt</b> <b>Battlecry:</b> <b>Discover</b> a <b>Taunt</b>_minion.
ULD_196	Neferset Ritualist	<b>Battlecry:</b> Restore adjacent minions to full_Health.
ULD_197	Quicksand Elemental	<b>Battlecry:</b> Give all enemy minions -2 Attack this_turn.
ULD_209	Vulpera Scoundrel	<b>Battlecry</b>: <b>Discover</b> a spell or pick a mystery choice.
ULD_212	Wild Bloodstinger	<b>Battlecry:</b> Summon a minion from your opponent's hand. Attack it.
ULD_229	Mischief Maker	<b>Battlecry:</b> Swap the top card of your deck with your_opponent's.
ULD_236	Tortollan Pilgrim	[x]<b>Battlecry</b>: <b>Discover</b> a spell in your deck and cast it with random targets.
ULD_238	Reno the Relicologist	<b>Battlecry:</b> If your deck has no duplicates, deal 10 damage randomly split among all enemy minions.
ULD_253	Tomb Warden	<b>Taunt</b> <b>Battlecry:</b> Summon a copy of this minion.
ULD_268	Psychopomp	[x]<b>Battlecry:</b> Summon a random friendly minion that died this game. Give it <b>Reborn</b>.
ULD_269	Wretched Reclaimer	[x]<b>Battlecry:</b> Destroy a friendly minion, then return it to life with full Health.
ULD_288	Anka, the Buried	<b>Battlecry:</b> Change each <b>Deathrattle</b> minion in your hand into a 1/1 that costs (1).
ULD_289	Fishflinger	<b>Battlecry:</b> Add a random Murloc to each player's_hand.
ULD_291	Corrupt the Waters	[x]<b>Quest:</b> Play 6 <b>Battlecry</b> cards. <b>Reward:</b> Heart of Vir'naal.
ULD_304	King Phaoris	[x]<b>Battlecry:</b> For each spell in your hand, summon a random minion of the same Cost.
ULD_309	Dwarven Archaeologist	<b>Battlecry</b>: <b>Discover</b> a card. Reduce its Cost by (1).
ULD_327	Bazaar Mugger	<b>Rush</b> <b>Battlecry:</b> Add a random minion from another class to your hand.
ULD_410	Scarlet Webweaver	<b>Battlecry:</b> Reduce the Cost of a random Beast in your_hand by (5).
ULD_413	Splitting Axe	<b>Battlecry:</b> Summon copies of your Totems.
ULD_435	Naga Sand Witch	[x]<b>Battlecry:</b> Change the Cost of spells in your hand to (5).
ULD_439	Sandwasp Queen	<b>Battlecry:</b> Add two 2/1 Sandwasps to your hand.
ULD_500	Sir Finley of the Sands	[x]<b>Battlecry:</b> If your deck has no duplicates, <b>Discover</b> an upgraded Hero Power.
ULD_705	Mogu Cultist	<b>Battlecry:</b> If your board is full of Mogu Cultists, sacrifice them all and summon Highkeeper Ra.
ULD_720	Bloodsworn Mercenary	[x]<b>Battlecry</b>: Choose a damaged friendly minion. Summon a copy of it.
ULD_727	Body Wrapper	<b>Battlecry:</b> <b>Discover</b> a friendly minion that died this game. Shuffle it into your deck.
UNG_001	Pterrordax Hatchling	<b><b>Battlecry:</b> Adapt</b>.
UNG_002	Volcanosaur	<b>Battlecry:</b> <b>Adapt</b>, then_<b>Adapt</b>.
UNG_009	Ravasaur Runt	<b>Battlecry:</b> If you control at_least 2 other minions, <b>Adapt.</b>
UNG_011	Hydrologist	<b>Battlecry:</b> <b>Discover</b> and cast a <b>Secret</b>.
UNG_015	Sunkeeper Tarim	<b>Taunt</b> <b>Battlecry:</b> Set all other minions' Attack and Health to 3.
UNG_020	Arcanologist	<b>Battlecry:</b> Draw a <b>Secret</b>.
UNG_021	Steam Surger	[x]<b>Battlecry:</b> If you played an Elemental last turn, add a 'Flame Geyser' to your hand.
UNG_035	Curious Glimmerroot	[x]<b>Battlecry:</b> Look at 3 cards. Guess which one started in your opponent's deck to get a copy of it.
UNG_047	Ravenous Pterrordax	<b>Battlecry:</b> Destroy a friendly minion to <b>Adapt</b>_twice.
UNG_058	Razorpetal Lasher	[x]<b>Battlecry:</b> Add a Razorpetal to your hand that deals 2 damage.
UNG_072	Stonehill Defender	<b>Taunt</b> <b>Battlecry:</b> <b>Discover</b> a <b>Taunt</b>_minion.
UNG_073	Rockpool Hunter	<b>Battlecry:</b> Give a friendly Murloc +1/+1.
UNG_078	Tortollan Forager	<b>Battlecry:</b> Add a random minion with 5 or more Attack to your hand.
UNG_082	Thunder Lizard	<b>Battlecry</b>: If you played an_Elemental last turn, <b>Adapt</b>.
UNG_088	Tortollan Primalist	<b>Battlecry:</b> <b>Discover</b> a spell_and cast it with random targets.
UNG_089	Gentle Megasaur	<b>Battlecry:</b> <b>Adapt</b> your_Murlocs.
UNG_099	Charged Devilsaur	<b>Charge</b> <b>Battlecry:</b> Can't attack heroes this turn.
UNG_100	Verdant Longneck	<b>Battlecry:</b> <b>Adapt</b>.
UNG_109	Elder Longneck	<b>Battlecry:</b> If you're holding a minion with 5 or more Attack, <b>Adapt</b>.
UNG_116t	Barnabus the Stomper	<b>Battlecry:</b> Reduce the Cost of minions in your deck to (0).
UNG_202	Fire Plume Harbinger	<b>Battlecry:</b> Reduce the Cost of Elementals in your hand_by (1).
UNG_208	Stone Sentinel	<b>Battlecry:</b> If you played an Elemental last turn, summon two 2/3 Elementals with <b>Taunt</b>.
UNG_211	Kalimos, Primal Lord	[x]<b>Battlecry:</b> If you played an Elemental last turn, cast an Elemental Invocation.
UNG_800	Terrorscale Stalker	<b>Battlecry:</b> Trigger a friendly minion's <b>Deathrattle</b>.
UNG_801	Nesting Roc	<b>Battlecry:</b> If you control at_least 2 other minions, gain <b>Taunt</b>.
UNG_809	Fire Fly	<b>Battlecry</b>: Add a 1/2 Elemental to your hand.
UNG_816	Servant of Kalimos	[x]<b>Battlecry:</b> If you played an Elemental last turn, _<b>Discover</b> an Elemental.
UNG_833	Lakkari Felhound	<b>Taunt</b> <b>Battlecry:</b> Discard your two lowest-Cost cards.
UNG_835	Chittering Tunneler	[x]<b>Battlecry:</b> <b>Discover</b> a spell. Deal damage to your hero equal to its Cost.
UNG_840	Hemet, Jungle Hunter	<b>Battlecry:</b> Destroy all cards in your deck that cost (3)_or less.
UNG_851	Elise the Trailblazer	[x]<b>Battlecry:</b> Shuffle a sealed <b>Un'Goro</b> pack into your deck. If your deck has no duplicates, draw it.
UNG_907	Ozruk	[x]<b>Taunt</b> <b>Battlecry:</b> Gain +5 Health for each Elemental you played last turn.
UNG_913	Tol'vir Warden	<b>Battlecry:</b> Draw two 1-Cost minions from your deck.
UNG_915	Crackling Razormaw	<b>Battlecry:</b> <b>Adapt</b> a friendly_Beast.
UNG_920t1	Queen Carnassa	<b>Rush</b> <b>Battlecry:</b> Shuffle 20 Raptors into your deck.
UNG_925	Ornery Direhorn	<b>Taunt</b> <b>Battlecry:</b> <b>Adapt</b>.
UNG_926	Cornered Sentry	<b>Taunt</b>. <b>Battlecry:</b> Summon three 1/1 Raptors for your_opponent.
UNG_933	King Mosh	<b>Battlecry:</b> Destroy all damaged minions.
UNG_937	Primalfin Lookout	<b>Battlecry:</b> If you control another Murloc, <b>Discover</b> a_Murloc.
UNG_940t8	Amara, Warden of Hope	[x]<b>Taunt</b> <b>Battlecry:</b> Set your hero's Health to 40.
UNG_942t	Megafin	<b>Battlecry:</b> Fill your hand with random Murlocs.
UNG_954t1	Galvadon	<b>Battlecry:</b> <b>Adapt</b> 5 times.
UNG_962	Lightfused Stegodon	<b>Battlecry:</b> <b>Adapt</b> your Silver_Hand Recruits.
VAC_301	Razzle-Dazzler	[x]<b>Battlecry:</b> Summon a random 5-Cost minion. ___Repeat for each spell school___ _you've cast this game.@ <i>(@)</i>
VAC_304	Tidepool Pupil	[x]<b>Battlecry:</b> If you've cast 3 spells while holding this, <b>Discover</b> one of them.@ <i>({0} left!)</i>@ <i>(Ready!)</i>
VAC_321	Incindius	[x]At the end of your turn, upgrade your Eruptions. <b>Battlecry:</b> Shuffle 5 of them into your deck.
VAC_332	Sea Shill	<b>Battlecry:</b> The next card you play from another class costs (2) less.
VAC_333	Conniving Conman	<b>Battlecry:</b> Replay the last card you played from another class.
VAC_336	Maestra, Mask Merchant	[x]<b>Warlock Tourist</b> <b><b>Battlecry:</b> Discover</b> a Hero card from the past <i>(from another class)</i>.
VAC_341	Undercooked Calamari	[x]<b>Battlecry:</b> Destroy an enemy minion with Attack less than or equal to this minion's.
VAC_407	Chatty Macaw	[x]<b>Battlecry:</b> Repeat the last spell you cast at an enemy <i>(at a random enemy if possible)</i>.
VAC_412	Catch of the Day	[x]<b>Rush</b> <b>Battlecry:</b> Summon a 2/1 Worm for your opponent.
VAC_415	Sasquawk	<b>Battlecry:</b> Repeat each card you played last turn.
VAC_420	Narain Soothfancy	<b>Battlecry:</b> Get two Fortunes that are copies of the top card of your deck.
VAC_421	Snoozin' Zookeeper	[x]<b>Battlecry:</b> Summon an 8/8 Beast for your opponent. It attacks all of their minions.
VAC_423	Twilight Medium	[x]<b>Taunt</b> <b>Battlecry:</b> Set the Cost of the top card of your deck to (0).
VAC_430	Bloodsail Recruiter	<b>Battlecry:</b> <b>Discover</b> a Pirate.
VAC_432	Resort Valet	<b>Battlecry:</b> <b>Discover</b> a card from the newest expansion.
VAC_437	Buttons	<b>Shaman Tourist</b> <b>Battlecry:</b> Draw a spell of each spell school.
VAC_438	Travel Agent	<b>Battlecry: Discover</b> a location from any class.
VAC_442	Lamplighter	<b>Battlecry:</b> Deal @ damage <i>(Improved by each turn in a row you've played an Elemental)</i>.
VAC_443	Surfalopod	[x]<b>Battlecry:</b> The next spell you draw is <b>Cast When Drawn</b>.
VAC_444	Overplanner	<b>Battlecry:</b> Choose three cards from your deck to put on top in that order.
VAC_464	Treasure Hunter Eudora	[x]<b>Battlecry:</b> Go on a <b>Sidequest</b> to <b>Discover</b> amazing loot! Play 3 cards from other classes to complete it.
VAC_464t6	Bubba	[x]<b>Battlecry</b>: Summon six 1/1 Bloodhounds with <b>Rush</b> to attack an enemy minion.
VAC_506	Cruise Captain Lora	[x]<b>Battlecry:</b> Summon 2 random locations.
VAC_519	Mistah Vistah	[x]<b>Mage Tourist</b> <b>Battlecry:</b> In 3 turns, replay every spell you've cast __between now and then.
VAC_521	Bumbling Bellhop	[x]<b>Taunt</b> <b>Battlecry:</b> If you're holding a spell that costs (5) or more, __summon a copy of this.
VAC_523	Mixologist	[x]<b>Battlecry:</b> Craft a custom 1-Cost Potion.
VAC_524	King Tide	[x]<b>Battlecry:</b> Both players' spells cost (5) until the end of your next turn.
VAC_525	The Ryecleaver	[x]<b>Battlecry and Deathrattle:</b> Get a Slice of Bread. <i>(Get 2 to Sandwich any minions in between!)</i>
VAC_529	Scrapbooking Student	<b>Battlecry:</b> Summon a copy of a friendly location.
VAC_701	Swarthy Swordshiner	<b>Battlecry:</b> Set the Attack and Durability of your weapon to 3.
VAC_702	Marin the Manager	[x]<b>Battlecry:</b> Choose a fantastic treasure. Shuffle the other 3 into your deck.
VAC_702t4	Golden Kobold	[x]<b>Taunt</b> <b> Battlecry:</b> Replace your hand with <b>Legendary</b> minions. They cost (1) less.
VAC_917	Grillmaster	[x]<b>Battlecry:</b> Draw your lowest Cost card. <b>Deathrattle:</b> Draw your highest Cost card.
VAC_919	Lifeguard	[x]<b>Taunt</b> <b>Battlecry:</b> The next spell you cast has <b>Lifesteal</b>.
VAC_924	Weapons Attendant	<b>Battlecry:</b> If you control another Pirate, equip a random weapon from your deck.
VAC_934	Beached Whale	<b>Taunt</b> <b>Battlecry:</b> Deal 10 damage to this minion.
VAC_935	Carry-On Grub	[x]<b>Battlecry:</b> Get a 1-Cost Suitcase. Pack the top 2 _cards of your deck into it.
VAC_937	Sailboat Captain	<b>Battlecry:</b> Give a friendly Pirate <b>Windfury</b>.
VAC_942	Fearless Flamejuggler	[x]<b>Battlecry:</b> Gain stats equal to the damage your hero has taken this turn.@ <i>(@)</i>
VAC_945	Party Planner Vona	<b>Battlecry:</b> If you've taken 8 damage on your turns, summon Ourobos.@ <i>({0} left!)</i>@ <i>(Ready!)</i>
VAC_946	Terrible Chef	[x]<b>Battlecry:</b> Summon a 0/2 Nerubian Egg. <b>Deathrattle:</b> Destroy it.
VAC_947	Wave Pool Thrasher	<b>Battlecry:</b> Give all other minions -1/-1. <b>Deathrattle:</b> Give all other minions +1/+1.
VAC_954	Cabaret Headliner	<b>Battlecry:</b> Reduce the Cost of a spell of each school in your hand by (2).
VAC_955	Gorgonzormu	[x]<b>Battlecry:</b> Get a 2-Cost Cheese that summons three 1-Cost minions. It upgrades each turn.
VAC_957	Chillin' Vol'jin	[x]<b>Hunter Tourist</b> <b>Battlecry:</b> Choose 2 minions. Swap their stats.
VAC_959	Griftah, Trusted Vendor	[x]<b>Battlecry:</b> <b>Discover</b> an amazing Amulet to give to both players. <i>(The enemy's is a phony version!)</i>
VAC_961	Pet Parrot	<b>Battlecry:</b> Repeat the last 1-Cost card you played.
VAN_EX1_002	The Black Knight	<b>Battlecry:</b> Destroy an enemy minion with <b>Taunt</b>.
VAN_EX1_014	King Mukla	<b>Battlecry:</b> Give your opponent 2 Bananas.
VAN_EX1_025	Dragonling Mechanic	<b>Battlecry:</b> Summon a 2/1 Mechanical Dragonling.
VAN_EX1_043	Twilight Drake	<b>Battlecry:</b> Gain +1 Health for each card in your hand.
VAN_EX1_049	Youthful Brewmaster	<b>Battlecry:</b> Return a friendly minion from the battlefield to your hand.
VAN_EX1_057	Ancient Brewmaster	<b>Battlecry:</b> Return a friendly minion from the battlefield to your hand.
VAN_EX1_058	Sunfury Protector	<b>Battlecry:</b> Give adjacent minions <b>Taunt</b>.
VAN_EX1_059	Crazed Alchemist	<b>Battlecry:</b> Swap the Attack and Health of a minion.
VAN_EX1_083	Tinkmaster Overspark	[x]<b>Battlecry:</b> Transform another random minion into a 5/5 Devilsaur or a 1/1 Squirrel.
VAN_EX1_085	Mind Control Tech	[x]<b>Battlecry:</b> If your opponent has 4 or more minions, take control of one at random.
VAN_EX1_089	Arcane Golem	<b>Charge</b>. <b>Battlecry:</b> Give your opponent a Mana Crystal.
VAN_EX1_091	Cabal Shadow Priest	<b>Battlecry:</b> Take control of an enemy minion that has 2 or less Attack.
VAN_EX1_093	Defender of Argus	<b>Battlecry:</b> Give adjacent minions +1/+1 and <b>Taunt</b>.
VAN_EX1_103	Coldlight Seer	<b>Battlecry:</b> Give ALL other Murlocs +2 Health.
VAN_EX1_112	Gelbin Mekkatorque	<b>Battlecry:</b> Summon an AWESOME invention.
VAN_EX1_301	Felguard	<b>Taunt</b> <b>Battlecry:</b> Destroy one of your Mana Crystals.
VAN_EX1_304	Void Terror	[x]<b>Battlecry:</b> Destroy both adjacent minions and gain their Attack and Health.
VAN_EX1_306	Felstalker	<b>Battlecry:</b> Discard a random card.
VAN_EX1_310	Doomguard	<b>Charge</b>. <b>Battlecry:</b> Discard two random cards.
VAN_EX1_323	Lord Jaraxxus	<b>Battlecry:</b> Destroy your hero and replace it with Lord Jaraxxus.
VAN_EX1_362	Argent Protector	<b>Battlecry:</b> Give a friendly minion <b>Divine Shield</b>.
VAN_EX1_382	Aldor Peacekeeper	<b>Battlecry:</b> Change an_enemy minion's Attack to 1.
VAN_EX1_398	Arathi Weaponsmith	<b>Battlecry:</b> Equip a 2/2_weapon.
VAN_EX1_561	Alexstrasza	<b>Battlecry:</b> Set a hero's remaining Health to 15.
VAN_EX1_562	Onyxia	<b>Battlecry:</b> Summon 1/1 Whelps until your side of the battlefield is full.
VAN_EX1_564	Faceless Manipulator	<b>Battlecry:</b> Choose a minion and become a copy of it.
VAN_EX1_584	Ancient Mage	<b>Battlecry:</b> Give adjacent_minions <b>Spell_Damage +1</b>.
VAN_EX1_587	Windspeaker	<b>Battlecry:</b> Give a friendly minion <b>Windfury</b>.
VAN_EX1_612	Kirin Tor Mage	[x]<b>Battlecry:</b> The next <b>Secret</b> you play this turn costs (0).
VAN_NEW1_014	Master of Disguise	<b>Battlecry:</b> Give a friendly minion <b>Stealth</b>.
VAN_NEW1_016	Captain's Parrot	<b>Battlecry:</b> Draw a Pirate from your deck.
VAN_NEW1_018	Bloodsail Raider	<b>Battlecry:</b> Gain Attack equal to the Attack of your weapon.
VAN_NEW1_024	Captain Greenskin	<b>Battlecry:</b> Give your weapon +1/+1.
VAN_NEW1_025	Bloodsail Corsair	[x]<b>Battlecry:</b> Remove 1 Durability from your opponent's weapon.
VAN_NEW1_029	Millhouse Manastorm	<b>Battlecry:</b> Enemy spells cost (0) next turn.
VAN_NEW1_041	Stampeding Kodo	<b>Battlecry:</b> Destroy a random enemy minion with 2 or less Attack.
VAN_PRO_001	Elite Tauren Chieftain	<b>Battlecry:</b> Give both players the power to ROCK! (with a Power Chord card)
WC_005	Primal Dungeoneer	[x]<b>Battlecry:</b> Draw a spell. If it's a Nature spell, also draw an Elemental.
WC_013	Devout Dungeoneer	[x]<b>Battlecry:</b> Draw a spell. If it's a Holy spell, reduce its Cost by (2).
WC_029	Selfless Sidekick	<b>Battlecry:</b> Equip a random weapon from your deck.
WC_030	Mutanus the Devourer	[x]<b>Battlecry:</b> Eat a minion in your opponent's hand. Gain its stats.
WC_803	Cleric of An'she	<b>Battlecry:</b> If you've restored Health this turn, <b>Discover</b> a spell from your deck.
WON_010	Klaxxi Amber-Weaver	[x]<b>Taunt</b> <b>Battlecry:</b> If your C'Thun has at least 10 Attack, gain +5 Health.
WON_013	Rat Sensei	<b>Battlecry and Deathrattle:</b> Add two 1/1 Turtles with <b>Taunt</b> to your hand.
WON_027	Time-Lost Raptor	<b>Echo</b> <b>Battlecry:</b> <b>Adapt</b> your Time-Lost Raptors.
WON_033	Soot Spewer	<b>Spell Damage +1</b> <b>Battlecry:</b> If you control another Mech, get a random Fire spell.
WON_036	Servant of Yogg-Saron	[x]<b>Battlecry:</b> Cast a random _spell that costs (5) or MORE_ _<i>(targets chosen randomly)</i>.
WON_041	Chromie, Timehopper	[x]<b>Battlecry:</b> Visit a Historical Epoch. Shuffle the others into your deck.
WON_045	Ivory Knight	[x]<b>Battlecry:</b> <b>Discover</b> a spell. Restore Health to your hero equal to its Cost.
WON_052	Bronze Dragonknight	[x]<b>Taunt</b>. <b>Battlecry:</b> If this has 5 or more Attack, _summon a copy of this.
WON_053	Runi, Time Explorer	<b>Battlecry:</b> <b>Discover</b> a location from the FUTURE!
WON_053t3	Xenedar	Your next <b>Battlecry</b> this turn triggers twice.
WON_053t3e	Light of the Xenedar	Your next <b>Battlecry</b> this turn triggers twice.
WON_053te	Xenedar Enchant	Your next <b>Battlecry</b> this turn triggers twice.
WON_056	Museum Curator	<b>Battlecry: Discover</b> a <b>Deathrattle</b> card. It costs (1) less.
WON_057	Onyx Bishop	<b>Battlecry:</b> Summon a random friendly minion that died this game.
WON_063	Confessor Paletress	<b>Battlecry and Inspire:</b> Summon a random <b>Legendary</b> minion.
WON_066	Murozond, Thief of Time	[x]<b>Battlecry:</b> If your deck has no duplicates, <b>Discover</b> a Dragon. Deal damage equal to its Cost to all other minions.
WON_081	Tuskarr Totemic	<b>Battlecry:</b> Summon a random basic Totem.
WON_084	Jade Chieftain	<b>Battlecry:</b> Summon a{1} {0} <b>Jade Golem</b>. Give it <b>Taunt</b>. @<b>Battlecry:</b> Summon a <b>Jade Golem</b>. Give it <b>Taunt</b>.
WON_085	Thunder Bluff Valiant	<b>Battlecry and Inspire:</b> Give your Totems +2 Attack.
WON_090	Pebbly Page	[x]<b>Battlecry:</b> Draw an <b>Overload</b> card. You can't be <b>Overloaded</b> this turn.
WON_092h	Al'Akir, the Winds of Time	[x]<b>Battlecry:</b> Draw a <b>Charge</b>, <b>Divine Shield</b>, <b>Taunt</b>, and <b>Windfury</b> minion.
WON_096	Dark Peddler	<b>Battlecry: Discover</b> a 1-Cost card.
WON_104	Witch of the Arch-Thief	[x]<b>Battlecry:</b> Summon a 1/3 Voidwalker with <b>Taunt</b>. If your opponent has more minions, repeat.
WON_105	Cho'gall	[x]<b>Battlecry:</b> Return all cards you discarded this game to your hand. They cost Health instead of Mana.
WON_114	Iron Juggernaut	[x]<b>Battlecry and Deathrattle:</b> Shuffle a Mine into your opponent's deck. When drawn, explode for 10 damage!
WON_116	Ivory Rook	<b>Battlecry:</b> <b>Discover</b> a <b>Taunt</b> minion. Gain Armor equal to its Cost.
WON_117	Hobart Grapplehammer	[x]<b>Battlecry:</b> If you have a weapon equipped, give all minions in your hand and deck +2/+2.
WON_118	Jade Spirit	<b>Battlecry:</b> Summon a{1} {0} <b>Jade_Golem</b>.@<b>Battlecry:</b> Summon a <b>Jade_Golem</b>.
WON_124	Twilight Geomancer	<b>Taunt</b> <b>Battlecry:</b> Give your C'Thun +1/+1 and <b>Taunt</b> <i>(wherever it is)</i>.
WON_125	C'Thun's Chosen	[x]<b>Divine Shield</b> <b>Battlecry:</b> Give your C'Thun +3/+3 <i>(wherever it is).</i>
WON_130	Kabal Courier	<b>Battlecry:</b> <b>Discover</b> a Mage, Priest, or Warlock card.
WON_134	Twin Emperor Vek'lor	[x]<b><b>Taunt</b> Battlecry:</b> If your C'Thun has at least 10 Attack, summon another Emperor.
WON_135	C'Thun	<b>Battlecry:</b> Deal damage equal to this minion's Attack randomly split among all enemies.
WON_136	Aya Blackpaw	<b>Battlecry and Deathrattle:</b> Summon a{1} {0} <b>Jade Golem</b>. @ <b>Battlecry and Deathrattle:</b> Summon a <b>Jade Golem</b>.
WON_137	Don Han'Cho	<b>Battlecry:</b> Give a random minion in your hand +5/+5.
WON_139	Timeline Accelerator	<b>Battlecry:</b> Draw a Mech. It costs (2) less.
WON_140	Future Emissary	[x]<b>Battlecry:</b> Reduce the Cost of all Dragons in your hand _by (1). Give them +1/+1.
WON_141	Menagerie Mug	[x]<b>Battlecry:</b> Give 3 random friendly minions of different minion types +1/+1.
WON_142	Menagerie Jug	[x]<b>Battlecry:</b> Give 3 random friendly minions of different minion types +2/+2.
WON_145	Avatar of Hearthstone	<b>Battlecry:</b> Open a Standard Pack. Play all cards from it.
WON_303	Jade Behemoth	[x]<b>Taunt</b> <b>Battlecry:</b> Summon a{1} {0} <b>Jade Golem</b>.@[x]<b>Taunt</b> <b>Battlecry:</b> Summon a <b>Jade Golem</b>.
WON_304	Dark Arakkoa	[x]<b>Taunt</b> <b>Battlecry:</b> Give your C'Thun +4/+4 <i>(wherever it is).</i>
WON_305	Menagerie Warden	<b>Battlecry:</b> Choose a friendly Beast. Summon a_copy of it.
WON_311	Keeper of Uldaman	<b>Battlecry:</b> Set a minion's Attack and Health to 3.
WON_314	Shrinkmeister	<b>Battlecry:</b> Give a minion -3_Attack this turn.
WON_324	Krul the Unshackled	[x]<b>Battlecry:</b> If your deck has no duplicates, summon all _Demons from your hand._
WON_330	Cult Apothecary	<b>Battlecry:</b> For each enemy minion, restore #2 Health to your hero.
WON_331	Grimestreet Informant	[x]<b>Battlecry:</b> <b>Discover</b> a Hunter, Paladin, or Warrior card.
WON_332	Lotus Agents	<b>Battlecry:</b> <b>Discover</b> a Druid, Rogue, or Shaman card.
WON_334	Mysterious Challenger	<b>Battlecry:</b> Put one of each <b>Secret</b> from your deck into the battlefield.
WON_344	Spellslinger	<b>Battlecry:</b> Both players get a random spell. Yours costs (2) less.
WORK_002	Busy-Bot	<b>Battlecry:</b> Give your 1-Attack minions +1/+1.
WORK_006	Robocaller	[x]<b>Battlecry:</b> Draw an {0}, {1}, and {2}-Cost card. <i>(Numbers dialed randomly each turn!)</i>
WORK_009	Imployee of the Month	<b>Battlecry:</b> Give a friendly minion <b>Lifesteal</b>.
WORK_013	Turbulus	<b>Hunter Tourist</b>. <b>Battlecry:</b> Give +1/+1 to all other <b>Battlecry</b> minions in your hand, deck, and battlefield.
WORK_027	Dreamplanner Zephrys	[x]<b>Battlecry:</b> Choose a Travel Tour to get two potentially perfect cards from it.
WORK_031	Envoy of Prosperity	<b>Battlecry:</b> Put the highest Cost card in your hand on top of your deck.
WORK_032	Job Shadower	<b>Battlecry:</b> If your hero took damage this turn, summon a copy of this.
WORK_042	Carnivorous Cubicle	[x]<b>Battlecry:</b> Destroy a friendly minion. Summon a copy of it at the end of your turns.
WORK_043	Travelmaster Dungar	[x]<b>Battlecry:</b> Summon three minions from your deck that are from different expansions.
WORK_063	Portalmancer Skyla	[x]<b>Rogue Tourist </b><b>Battlecry:</b> Swap the Costs of the lowest and highest Cost spells in your hand.
WW_001	Kobold Miner	<b>Battlecry:</b> <b>Excavate</b> a treasure.
WW_001t23	The Azerite Scorpion	[x]<b>Battlecry</b>: Get 4 random spells. They cost (1) less for each time you've <b>Excavated</b> this game <i>(but not less than 1)</i>.
WW_001t24	The Azerite Hawk	<b>Battlecry:</b> Get a random <b>Titan</b>. It costs (1).
WW_001t25	The Azerite Snake	<b>Battlecry:</b> Your hero steals 10 Health from the enemy hero.
WW_001t26	The Azerite Rat	[x]<b>Battlecry:</b> Resurrect your highest Cost minion. Give it +2/+2, <b>Reborn</b>, and <b>Lifesteal</b>.
WW_001t27	The Azerite Ox	<b>Battlecry:</b> <b>Discover</b> two 8-Cost minions. Summon them.
WW_001t7	Canary	<b>Battlecry:</b> Return an enemy minion to its owner's hand.
WW_002	Burrow Buster	<b>Rush</b> <b>Battlecry:</b> <b>Excavate</b> a treasure.
WW_010	Doctor Holli'dae	[x]<b>Battlecry:</b> If your deck started with no duplicates, equip the Staff of the Nine Frogs.
WW_024	Living Prairie	[x]<b>Battlecry:</b> If you played an Elemental last turn, summon two 3/3 Cows with <b>Rush</b>.
WW_026	Skarr, the Catastrophe	[x]<b>Battlecry:</b> Deal @ damage to all enemies <i>(improved by each turn in a row you've _played an Elemental)</i>.
WW_041	Disposal Assistant	[x]<b>Battlecry and Deathrattle:</b> Put a Barrel of Sludge on the bottom of your deck.
WW_0700	Reno, Lone Ranger	[x]<b>Battlecry:</b> If your deck started with no duplicates, remove all enemy minions from the game.
WW_091	Pop'gar the Putrid	Your Fel spells cost (2) less and have <b>Lifesteal</b>. <b>Battlecry:</b> Get two Barrels of Sludge.
WW_322	Skeleton Crew	[x]<b>Battlecry:</b> <b>Excavate</b> a treasure. It costs (0).
WW_326	Minecart Cruiser	[x]<b>Rush</b>, <b>Overload:</b> (2) <b>Battlecry:</b> If you played an Elemental last turn, don't <b>Overload</b>.
WW_327	Cactus Cutter	<b>Battlecry:</b> Draw a spell. If you cast it this turn, gain +1/+2 and <b>Taunt</b>.
WW_329	Detonation Juggernaut	<b>Taunt</b>. <b>Battlecry:</b> Give <b>Taunt</b> minions in your hand +2/+2.
WW_335	Holy Cowboy	<b>Battlecry:</b> Your next Holy spell costs (2) less.
WW_337	Spirit of the Badlands	[x]<b>Battlecry:</b> If your deck started with no duplicates, get a <i>permanent</i> Mirage.
WW_342	Lawful Longarm	[x]<b>Rush</b>, <b>Lifesteal</b> <b>Battlecry:</b> Gain +1 Attack for each card in your hand.
WW_346	Blast Tortoise	[x]<b>Taunt</b> <b>Battlecry:</b> Deal damage to all enemy minions equal to this minion's Attack.
WW_349	Badlands Brawler	<b>Battlecry:</b> Start a Brawl! If you've <b>Excavated</b> twice, this always wins.
WW_351	Cattle Rustler	<b>Battlecry:</b> Draw a Beast. It costs (3) less.
WW_356	Harrowing Ox	[x]<b>Taunt</b> <b>Battlecry:</b> If you've <b>Excavated</b> twice, your next card this turn costs (7) less.
WW_358	Farm Hand	<b>Battlecry:</b> <b>Discover</b> an Undead. <b>Quickdraw:</b> It costs (2) less.
WW_359	Sheriff Barrelbrim	<b>Battlecry:</b> If you have 20 or less Health, open the Badlands Jail.
WW_360	Azerite Chain Gang	[x]<b>Taunt</b> <b>Battlecry and Quickdraw:</b> Summon a copy of this.
WW_372	Boomboss Tho'grun	[x]<b>Battlecry:</b> Shuffle 3 T.N.T. into your opponent's deck. When drawn, blow up a card in their hand, deck, and board.
WW_379	Flint Firearm	[x]<b>Battlecry:</b> Get a random <b>Quickdraw</b> card. If you play it this turn, repeat this.
WW_383	Dryscale Deputy	<b>Battlecry:</b> The next time you draw a spell, get a copy of it.
WW_384	Benevolent Banker	<b>Battlecry:</b> <b>Discover</b> a spell from your deck. <b>Quickdraw:</b> Enemy deck instead.
WW_392	Elise, Badlands Savior	[x]<b>Battlecry:</b> If your deck started with no duplicates, summon 5/5 copies of 4 random minions in your deck.
WW_394	Pip the Potent	<b>Battlecry:</b> Copy each 1-Cost card in your hand.
WW_398	Gaslight Gatekeeper	[x]<b>Battlecry:</b> Shuffle your hand into your deck, then draw that many cards.
WW_400	Snake Eyes	[x]<b>Battlecry:</b> Roll two dice, then <b>Discover</b> two cards of those Costs. <i>(Doubles get an extra <b>Discover</b>!)</i>
WW_401	Gunslinger Kurtrus	[x]<b>Battlecry:</b> If your deck started with no duplicates, fire six 2 damage shots at minions in the enemy's hand.
WW_407	Parched Desperado	<b>Battlecry:</b> If you've cast a spell while holding this, give your hero +3 Attack this turn.
WW_408	Bartend-O-Bot	<b>Battlecry:</b> Draw an <b>Outcast</b> card and slide it to the left side of your hand.
WW_413	Antique Flinger	<b>Battlecry:</b> If you've <b>Excavated</b> twice, destroy an enemy minion.
WW_417	Drilly the Kid	<b>Battlecry, Quickdraw, and Deathrattle:</b> <b>Excavate</b> a treasure.
WW_421	Kingpin Pud	<b>Battlecry:</b> Resurrect your Ogre-Gang. Give them <b>Windfury</b>.
WW_423	Saloon Brewmaster	<b>Battlecry:</b> Return a friendly minion to your hand. Give it +2/+2.
WW_424	Overflow Surger	[x]<b>Battlecry:</b> Summon a copy of this for each turn in a row you've played an Elemental.@ <i>(@)</i>
WW_428	Eroded Sediment	[x]<b>Battlecry:</b> If you played an Elemental last turn, <b>Discover</b> any Elemental from the past.
WW_429	Mes'Adune the Fractured	<b>Battlecry:</b> Draw an Elemental. Split it into two halves.
WW_432	Reliquary Researcher	[x]<b>Battlecry:</b> If you've <b>Excavated</b> twice, cast two random Mage <b>Secrets</b>.
WW_433	Linedance Partner	<b>Battlecry:</b> If you're holding another 3-Cost card, summon a random 3-Cost minion.
WW_437	Tram Conductor Gerry	<b>Battlecry:</b> If you've <b>Excavated</b> twice, summon six 3/3 Tram Cars with <b>Rush</b>.
WW_815	Theldurin the Lost	[x]<b>Battlecry:</b> If your deck started with no duplicates, gain <b>Immune</b> this turn and attack all enemies.
WW_819	Splish-Splash Whelp	<b>Battlecry:</b> If you're holding a Dragon, gain an empty Mana Crystal.
WW_822	Dragon Golem	[x]<b>Taunt</b> <b>Battlecry:</b> Summon a copy of this for each Dragon in your hand.
WW_824	Rheastrasza	[x]<b>Battlecry:</b> If your deck started with no duplicates, summon the Purified Dragon Nest.
WW_826	Desert Nestmatron	<b>Taunt</b>. <b>Battlecry:</b> If you're holding a Dragon, refresh 4 Mana Crystals.
WW_901	Greedy Partner	<b>Battlecry:</b> If you're holding another 2-Cost card, get a Coin.
YOD_007	Animated Avalanche	[x]<b>Battlecry:</b> If you played an Elemental last turn, summon a copy of this.
YOD_009	The Amazing Reno	<b>Battlecry:</b> Make all minions disappear. <i>*Poof!*</i>
YOD_013	Cleric of Scales	<b>Battlecry:</b> If you're holding a Dragon, <b>Discover</b> a spell from your deck.
YOD_014	Aeon Reaver	<b>Battlecry:</b> Deal damage to_a minion equal to its_Attack.
YOD_018	Waxmancy	<b>Discover</b> a <b>Battlecry</b> minion. Reduce its Cost by (2).
YOD_027	Chaos Gazer	[x]<b>Battlecry:</b> Curse a playable card in your opponent's hand. They have 1 turn to play it!
YOD_028	Skydiving Instructor	[x]<b>Battlecry:</b> Summon a 1-Cost minion from your deck.
YOD_030	Licensed Adventurer	[x]<b>Battlecry:</b> If you control a <b>Quest</b>, add a Coin to your hand.
YOD_033	Boompistol Bully	<b>Battlecry:</b> Enemy <b>Battlecry</b>_cards cost (5)_more next turn.
YOD_033e	Smokescreen	Your <b>Battlecry</b> cards cost (5) more.
YOD_036	Rotnest Drake	[x]<b>Battlecry:</b> If you're holding a Dragon, destroy a random enemy minion.
YOD_038	Sky Gen'ral Kragg	[x]<b>Taunt</b> <b>Battlecry:</b> If you've played a <b>Quest</b> this game, summon a 4/2 Parrot with <b>Rush</b>.
YOD_043	Scalelord	<b>Battlecry:</b> Give your Murlocs <b>Divine Shield</b>.
YOG_300	Shadowtouched Kvaldir	<b>Battlecry:</b> Your next healing effect deals damage instead.
YOG_501	Battleworn Faceless	<b>Battlecry:</b> Transform into a copy of a damaged minion.
YOG_514	Chaotic Tendril	<b>Battlecry:</b> Cast a random @-Cost spell. Improve your future Chaotic Tendrils.
YOG_515	Eye of Chaos	<b>Battlecry:</b> Get two 1/1 Chaotic Tendrils.
YOG_519	Tainted Remnant	[x]<b>Battlecry:</b> If you played an Elemental last turn, deal 7 damage randomly split between all enemies.
YOG_521	Saronite Shambler	[x]<b>Battlecry:</b> If you've cast 5 or more spells this game, give your hero +4 Attack this turn. @ <i>({0} left!)</i>@ <i>(Ready!)</i>
YOG_524	Shock Hopper	[x]<b>Battlecry:</b> Get a random <b>Overload</b> card.
YOG_528	Contaminated Lasher	[x]<b>Battlecry:</b> If you've cast 5 or more spells this game, _refresh 4 Mana Crystals.@ <i>({0} left!)</i>@ <i>(Ready!)</i>
YOP_007	Dark Inquisitor Xanesh	[x]<b>Battlecry:</b> Reduce the Cost of all <b>Corrupt</b> and <b>Corrupted</b> cards in your hand and deck by (2).
YOP_018	Keywarden Ivory	[x]<b>Battlecry:</b> <b>Discover</b> a Dual Class spell from any class. <b><b>Spellburst</b>:</b> Get another copy.
YOP_022	Mistrunner	<b>Battlecry:</b> Give a friendly minion +3/+3. <b>Overload:</b> (1)
YOP_032	Armor Vendor	<b>Battlecry:</b> Give 4 Armor to_each hero.
